STATION_ID,variable,min,mean,median,max
1AAUA012.15,SECCHI_DEPTH,1,2.27,2.3,3.4
1ALOH007.93,SECCHI_DEPTH,0.4,1.136111111111111,1.05,3.8
1APOM013.02,SECCHI_DEPTH,0.9,1.7222222222222223,1.7,2.9
1BCLS003.60,SECCHI_DEPTH,3,8.1,8.4,11.7
1BCNG003.13,SECCHI_DEPTH,0.5,1.2357142857142858,1,3.3
1BCRO009.19,SECCHI_DEPTH,0.9,3.5428571428571427,3.3,8.3
1BCRO009.79,SECCHI_DEPTH,1,3.1855263157894735,3.1500000000000004,6.1
1BNTH043.48,SECCHI_DEPTH,0.6,4.120588235294117,4.15,6.2
1BNTH045.36,SECCHI_DEPTH,2.2,4.4825,4.3,6.8
1BSKD003.18,SECCHI_DEPTH,1.5,6.926315789473684,7.4,9.8
1BSTY023.05,SECCHI_DEPTH,0.3,3.1466666666666665,2.95,5.9
1BXCE000.63,SECCHI_DEPTH,0.5,2.8289473684210527,2.7,4.8
2-APP020.23,SECCHI_DEPTH,0.4,1.0694915254237287,1,1.9
2-APP023.27,SECCHI_DEPTH,0.2,0.8711538461538462,0.9,1.3
2-APP026.67,SECCHI_DEPTH,0.1,0.6192307692307693,0.6,1.1
2-APP028.58,SECCHI_DEPTH,0.2,0.4277777777777778,0.4,0.9
2-BRI010.78,SECCHI_DEPTH,0.8,1.551923076923077,1.45,3.2
2-BRI013.12,SECCHI_DEPTH,0.7,1.324,1.3,2.5
2-BVR002.19,SECCHI_DEPTH,1,2.3875,2.5,4.4
2-CFK004.34,SECCHI_DEPTH,0.4,1.0772727272727274,1,3
2-CHK025.15,SECCHI_DEPTH,0.4,0.6934782608695652,0.7,1.2
2-CHK026.94,SECCHI_DEPTH,0.4,0.7822222222222223,0.7,2.8
2-CHK029.54,SECCHI_DEPTH,0.5,0.9441176470588235,0.9,2.4
2-DSC005.91,SECCHI_DEPTH,0.5,1.0886363636363636,1.05,1.9
2-DSC007.09,SECCHI_DEPTH,0.4,0.9363636363636364,0.8,1.6
2-DYC000.19,SECCHI_DEPTH,0.2,0.9595238095238096,0.9,2.5
2-FAC003.85,SECCHI_DEPTH,0.3,0.8757575757575757,0.8,1.6
2-HOL001.05,SECCHI_DEPTH,0.9,1.9628571428571429,1.8,3.8
2-JCB000.80,SECCHI_DEPTH,0.6,2.4425,2.45,4.5
2-JKS044.60,SECCHI_DEPTH,2,3.3819444444444446,3.45,5.5
2-JKS046.40,SECCHI_DEPTH,1.9,3.036,3,5.2
2-JKS048.90,SECCHI_DEPTH,1.5,2.5067567567567566,2.5,4.1
2-JKS053.48,SECCHI_DEPTH,0.4,1.3424242424242425,1.3,2.8
2-LCN000.20,SECCHI_DEPTH,0.1,1.0617021276595744,1,2.2
2-LDJ000.62,SECCHI_DEPTH,0.7,1.188095238095238,1.05,2.4
2-LHR001.76,SECCHI_DEPTH,0.6,1.32,1.2,2.4
2-LHR002.56,SECCHI_DEPTH,0.5,1.217142857142857,1.2,2.2
2-LMD000.02,SECCHI_DEPTH,0.8,1.2325581395348837,1.1,2.5
2-LMD001.41,SECCHI_DEPTH,0.6,1.1714285714285715,1.1,2.2
2-LPR000.02,SECCHI_DEPTH,0.6,1.34,1.3,2
2-LSL000.04,SECCHI_DEPTH,0.4,0.6914285714285714,0.7,1.1
2-LSL000.16,SECCHI_DEPTH,1.5,2.5085714285714285,2.3,5
2-LSL000.20,SECCHI_DEPTH,0.5,1.6757575757575758,1.6,3.2
2-LTL001.20,SECCHI_DEPTH,1.6,2.8024999999999998,2.8,4
2-LTL001.60,SECCHI_DEPTH,1.5,2.9642857142857144,3,4
2-LTL002.46,SECCHI_DEPTH,1.4,2.7025641025641027,2.8,4
2-MBN000.96,SECCHI_DEPTH,0.6,1.149056603773585,1.1,2.3
2-MIN000.98,SECCHI_DEPTH,0.4,1.1028571428571428,1,2.6
2-MNR014.50,SECCHI_DEPTH,1.2,2.95,3.1,5.1
2-NWB002.93,SECCHI_DEPTH,0.8,1.2875,1.3,2.2
2-NWB004.67,SECCHI_DEPTH,0.9,1.3425,1.3,2.4
2-NWB006.06,SECCHI_DEPTH,0.9,1.375,1.3,2
2-NWB007.04,SECCHI_DEPTH,0.4,1.3484848484848484,1.3,2.6
2-PKC001.84,SECCHI_DEPTH,0.6,1.1634146341463414,1.1,1.8
2-POL017.59,SECCHI_DEPTH,0.4,2.2984848484848484,2.1,4.9
2-RRS003.59,SECCHI_DEPTH,0.2,1.86,1.9,2.8
2-RRS005.62,SECCHI_DEPTH,0.2,1.435897435897436,1.4,2.8
2-SDY004.27,SECCHI_DEPTH,0.7,1.1584905660377358,1.1,2.4
2-SDY005.85,SECCHI_DEPTH,0.6,1.0716981132075472,1,2
2-SFT031.08,SECCHI_DEPTH,0.3,0.9833333333333334,0.9,2.5
2-SFT033.42,SECCHI_DEPTH,0.2,0.8785714285714286,0.8500000000000001,2
2-SFT034.38,SECCHI_DEPTH,0.2,0.7225,0.7,1.4
2-SHS001.00,SECCHI_DEPTH,0.2,0.7609756097560976,0.7,1.6
2-SIN000.44,SECCHI_DEPTH,0.6,1.5,1.3,2.9
2-SPE000.17,SECCHI_DEPTH,0.4,0.9727272727272728,1,1.6
2-SPE001.18,SECCHI_DEPTH,0.5,0.9325,0.9,1.5
2-STG000.21,SECCHI_DEPTH,0.5,0.7586206896551724,0.7,1.1
2-STG000.91,SECCHI_DEPTH,0.3,0.7866666666666666,0.8,1.2
2-TOT001.01,SECCHI_DEPTH,0.4,0.9463414634146341,1,1.6
2-TRH000.40,SECCHI_DEPTH,0.3,0.9829268292682927,0.9,2.7
2-WLN007.36,SECCHI_DEPTH,0.5,4.178571428571429,4.25,6.1
2-XLU000.10,SECCHI_DEPTH,0.6,1.4902439024390244,1.2,3.6
2-XLV002.27,SECCHI_DEPTH,1.6,5.2178571428571425,5.2,9
2-XLW000.60,SECCHI_DEPTH,0.3,1.488888888888889,1.4,3.1
2-XMW000.72,SECCHI_DEPTH,0.7,4.041379310344827,4.2,6.5
3-HNT000.92,SECCHI_DEPTH,1.4,2.59,2.5,4.6
3-MOT000.39,SECCHI_DEPTH,0.6,2.8658536585365852,2.9,4.6
3-MTN024.05,SECCHI_DEPTH,0.4,0.7806451612903226,0.7,1.3
3-MTN028.68,SECCHI_DEPTH,0.3,1.2025641025641025,1.2,2.9
4ABAU005.34,SECCHI_DEPTH,0.5,2.1678571428571427,2.1,4.1
4ABSA000.62,SECCHI_DEPTH,0.9,2.7669291338582678,2.7,6.2
4ABWR002.50,SECCHI_DEPTH,0.9,2.8274809160305345,2.7,6.4
4ABWR010.55,SECCHI_DEPTH,0.6,1.8870229007633588,1.9,3.5
4ABWR017.42,SECCHI_DEPTH,0.1,1.0492063492063493,1,2
4ACCK001.80,SECCHI_DEPTH,1.5,3.063970588235294,3,6.5
4ACOA000.60,SECCHI_DEPTH,1,2.879389312977099,2.9,6
4ACRR008.32,SECCHI_DEPTH,0.4,1.2,1.1,1.9
4ACRV006.19,SECCHI_DEPTH,0.7,2.545945945945946,2.6,4.6
4ADAN187.94,SECCHI_DEPTH,0.2,1.8272727272727272,1.8,3.9
4ADAN194.10,SECCHI_DEPTH,1.2,3.35,3.2,6
4AGIL002.39,SECCHI_DEPTH,0.6,1.842063492063492,1.8,3.6
4AGOB003.86,SECCHI_DEPTH,0.4,1.7176470588235293,1.8,2.5
4AHTA003.26,SECCHI_DEPTH,0.3,0.7933333333333333,0.8,1.5
4ARFK000.20,SECCHI_DEPTH,0.1,0.8926829268292683,1,1.5
4AROA000.00,SECCHI_DEPTH,0.4,1.3567164179104478,1.4,2.2
4AROA004.54,SECCHI_DEPTH,0.4,1.2727272727272727,1.2,2.2
4AROA008.66,SECCHI_DEPTH,0.5,1.4948275862068965,1.5,3.2
4AROA018.36,SECCHI_DEPTH,1,2.0391304347826087,2,3.5
4AROA022.52,SECCHI_DEPTH,0.7,1.9529411764705882,1.9,3.4
4AROA028.04,SECCHI_DEPTH,0.7,1.63125,1.6,2.9
4AROA032.42,SECCHI_DEPTH,0.5,1.3955223880597014,1.4,2.5
4AROA038.49,SECCHI_DEPTH,0.2,1.0461538461538462,1.1,2.1
4AROA043.14,SECCHI_DEPTH,0.1,0.7741935483870968,0.8,1.5
4AROA140.66,SECCHI_DEPTH,0.5,1.889156626506024,1.9,4.9
4AROA145.34,SECCHI_DEPTH,0.3,1.4814814814814814,1.5,2.5
4AROA153.59,SECCHI_DEPTH,0.2,0.9400000000000001,0.9,2.2
4AROA158.22,SECCHI_DEPTH,1.5,3.051470588235294,3,6.4
4AROA163.76,SECCHI_DEPTH,1.1,2.9075187969924814,3,6.5
4AROA167.34,SECCHI_DEPTH,1,2.6183823529411763,2.55,6.1
4AROA175.63,SECCHI_DEPTH,0.8,1.6818840579710146,1.6,3
4AROA180.21,SECCHI_DEPTH,0.5,1.4911764705882353,1.4,2.9
4AROA183.64,SECCHI_DEPTH,0.5,1.3525925925925926,1.3,2.9
4AROA192.94,SECCHI_DEPTH,0.2,0.7867647058823529,0.8,1.3
4AROA196.05,SECCHI_DEPTH,0.1,0.9796610169491525,1,2.4
4ASRE046.90,SECCHI_DEPTH,1.5,3.534782608695652,3.5,6.5
4ASRE048.98,SECCHI_DEPTH,1.4,2.9602739726027396,3,4.5
4ASRE052.31,SECCHI_DEPTH,1.3,2.8375,2.8,4.5
4ASRE056.06,SECCHI_DEPTH,1.3,2.380281690140845,2.5,3.6
4ASRN005.14,SECCHI_DEPTH,0.3,0.8605263157894737,0.9,1.5
4AWTH000.40,SECCHI_DEPTH,1.5,3.0492537313432835,3,6.1
5AGTC009.94,SECCHI_DEPTH,0.5,1.2571428571428571,1,3.1
5ALTD005.10,SECCHI_DEPTH,0.4,0.6941176470588235,0.7,1.1
5ANTW127.14,SECCHI_DEPTH,0.3,0.6314285714285715,0.6,0.9
5ARDC007.30,SECCHI_DEPTH,0.3,0.6619047619047619,0.7,1
6APNK001.26,SECCHI_DEPTH,1.7,3.8689655172413793,3.8,5.3
6APNR001.82,SECCHI_DEPTH,1.7,4.65,4.800000000000001,7.9
6BPWL024.64,SECCHI_DEPTH,0.9,3.0533333333333332,3.05,6
6BXAR000.69,SECCHI_DEPTH,2.3,3.3566666666666665,3.2,5.3
6CBRU010.91,SECCHI_DEPTH,1.8,3.0208333333333335,3,4.6
6CHUN004.76,SECCHI_DEPTH,1.3,2.3666666666666667,2.5,3.4
6CLAU001.84,SECCHI_DEPTH,1.5,3.3875,3,5.6
7-LAS000.06,SECCHI_DEPTH,0.2,0.438,0.4,0.9
7-LAS001.03,SECCHI_DEPTH,0.3,0.41363636363636364,0.4,0.7
7-LAW000.04,SECCHI_DEPTH,0.3,0.45483870967741935,0.4,0.9
7-LAW001.24,SECCHI_DEPTH,0.3,0.436,0.4,0.6
7-LTR000.04,SECCHI_DEPTH,0.2,0.4041666666666667,0.4,0.8
7-LTR000.95,SECCHI_DEPTH,0.3,0.39433962264150946,0.4,0.6
7-POQ005.72,SECCHI_DEPTH,0.8,1.4457142857142857,1.2,2.6
7-POQ006.84,SECCHI_DEPTH,0.6,1.3388888888888888,1.2,2.4
8-CLC003.48,SECCHI_DEPTH,0.9,1.2444444444444445,1.2,2.1
8-COL000.99,SECCHI_DEPTH,1.2,1.9283333333333335,1.725,3.5
8-ELK005.45,SECCHI_DEPTH,1.55,2.0055555555555555,1.85,3.05
8-FRC000.68,SECCHI_DEPTH,0.7,1.1071428571428572,1.1,2
8-NAR034.92,SECCHI_DEPTH,0.8,1.7901639344262295,1.8,2.9
8-NAR043.00,SECCHI_DEPTH,0.9,1.7979477611940298,1.8,3.2
8-NAR044.68,SECCHI_DEPTH,0.7,1.865909090909091,1.8,3.15
8-NAR047.69,SECCHI_DEPTH,0.8,1.8113207547169812,1.8,3
8-NAR050.90,SECCHI_DEPTH,0.9,1.5393939393939393,1.5,2.2
8-NAR054.17,SECCHI_DEPTH,0.3,0.9159574468085107,0.9,1.5
8-NAR058.01,SECCHI_DEPTH,0.25,0.45408163265306123,0.4,0.95
8-NAR058.53,SECCHI_DEPTH,0.2,0.4323529411764706,0.4,0.8
8-NIR012.99,SECCHI_DEPTH,0.5,1.111764705882353,1.1,1.7
8-PLT001.34,SECCHI_DEPTH,0.4,0.9255555555555556,0.925,1.95
8-PMC002.13,SECCHI_DEPTH,0.6,1.3083333333333333,1.2,2.2
8-PMC003.18,SECCHI_DEPTH,0.7,1.02,1,1.8
8-PMC007.15,SECCHI_DEPTH,0.3,0.6019607843137255,0.6,0.9
8-PMC008.60,SECCHI_DEPTH,0.1,0.2884090909090909,0.25,0.65
8-QEN007.02,SECCHI_DEPTH,1.2,2.297142857142857,2.2,4.3
8-QEN007.22,SECCHI_DEPTH,1.2,2,1.95,3.1
8-QEN007.65,SECCHI_DEPTH,1.3,2.196551724137931,2.1,3.5
8-QEN008.58,SECCHI_DEPTH,0.9,1.2766666666666666,1.2,2
8-TRY001.39,SECCHI_DEPTH,0.3,0.5733333333333334,0.5,1
9-NEW087.14,SECCHI_DEPTH,0.3,2.1511811023622047,2.1,4.1
9-NEW089.34,SECCHI_DEPTH,0.3,2.0795275590551183,2,3.4
9-NEW092.66,SECCHI_DEPTH,0.3,1.9854961832061069,2,3.5
9-NEW098.32,SECCHI_DEPTH,0.1,1.3916030534351145,1.4,2.7
9-PKC000.00,SECCHI_DEPTH,0.3,1.9361538461538461,2,3.7
9-PKC004.16,SECCHI_DEPTH,0.5,1.5485074626865671,1.5,3.9
9-PKC016.91,SECCHI_DEPTH,0.9,2.8772727272727274,2.8499999999999996,5.8
9-PKC017.71,SECCHI_DEPTH,0.8,2.6227272727272726,2.6500000000000004,5.8
9-XBL000.20,SECCHI_DEPTH,0.9,1.559090909090909,1.6,2.4
1AAUA012.15,CHLa,1.58,3.437777777777778,3.06,11
1ALOH007.93,CHLa,2.325,20.698815789473684,11.965,109.29
1APOM013.02,CHLa,0.96,6.526969696969697,5.34,19.5
1BCLS003.60,CHLa,0.23,0.795,0.72,2.88
1BCNG003.13,CHLa,0.5,7.22515873015873,5.734999999999999,20.6
1BCRO009.19,CHLa,0.5,4.631585365853659,3.4,44.13
1BCRO009.79,CHLa,0.52,4.797439024390244,3.79,41.62
1BNTH043.48,CHLa,0.32,2.2477142857142858,1.74,7.49
1BNTH045.36,CHLa,0.5,2.079833333333333,1.56,6.68
1BSKD003.18,CHLa,0.5,2.4673170731707317,2.15,8.92
1BSTY023.05,CHLa,0.62,7.36,3.19,33.4
1BXCE000.63,CHLa,1.34,7.218048780487805,4.88,127.27
1BXEF000.23,CHLa,0.5,4.1659770114942525,2.78,19.7
2-APP020.23,CHLa,2.72,13.848333333333333,12.47,35.9
2-APP023.27,CHLa,4.75,16.800192307692306,15.55,37.1
2-APP026.67,CHLa,3.92,18.327450980392157,16.8,38.1
2-APP028.58,CHLa,4.7,19.094594594594597,19.02,35.9
2-BRI010.78,CHLa,1.13,6.665320512820513,6.62,16.09
2-BRI013.12,CHLa,0.86,8.661858974358974,7.795,28.6
2-BVR002.19,CHLa,1.03,7.099047619047619,5.41,20.59
2-CFK004.34,CHLa,6.12,34.93723404255319,30,89.6
2-CHK025.15,CHLa,0.87,18.690416666666668,16.33,51.1
2-CHK026.94,CHLa,0.66,13.860833333333334,10.649999999999999,42.9
2-CHK029.54,CHLa,0.5,8.390092592592593,3.7249999999999996,67.05
2-DSC005.91,CHLa,0.5,13.026074074074074,10.1,42.7
2-DSC007.09,CHLa,0.61,14.976136363636364,14.15,36.9
2-DYC000.19,CHLa,2.44,12.683095238095238,11.899999999999999,34.06
2-FAC003.85,CHLa,4.02,21.33586206896552,19.6,67.6
2-HOL001.05,CHLa,0.64,8.138761904761905,6.39,21.1
2-JCB000.80,CHLa,0.82,6.825238095238095,4.965,28.1
2-JKS044.60,CHLa,0.53,2.6207142857142856,2.045,27.9
2-JKS046.40,CHLa,0.52,2.943857142857143,2.04,35.3
2-JKS048.90,CHLa,0.87,3.052753623188406,2.35,9.95
2-JKS053.48,CHLa,0.5,7.334761904761905,7.16,20.36
2-LCN000.20,CHLa,3.28,22.62904761904762,19.6,56.85
2-LDJ000.62,CHLa,2.5833333333333335,13.704365079365079,11.95,50.94
2-LHR001.76,CHLa,1.7366666666666666,11.334019607843137,6.075,38.88
2-LHR002.56,CHLa,1.16,9.548039215686275,4.79,34.1
2-LMD000.02,CHLa,2.47,19.76829457364341,16.63,103
2-LMD001.41,CHLa,2.28,20.81452380952381,17.185000000000002,103
2-LPR000.02,CHLa,3.58,13.995416666666667,13.600000000000001,27.86
2-LSL000.04,CHLa,2.9966666666666666,17.060462962962962,15.18,71.95
2-LSL000.16,CHLa,0.84,5.069259259259259,4.744999999999999,10.3
2-LSL000.20,CHLa,2.26,10.883823529411764,8.03,60.89
2-LTL001.20,CHLa,0.91,3.7005,2.775,11.36
2-LTL001.60,CHLa,0.87,3.6539285714285716,2.615,10.11
2-LTL002.46,CHLa,0.66,3.618974358974359,2.99,11.32
2-MBN000.96,CHLa,4.4,11.338427672955975,10.8,24.2
2-MIN000.98,CHLa,1.35,19.101666666666667,16,61.8
2-MNR014.50,CHLa,0.84,5.117941176470588,3.745,20.5
2-NWB002.93,CHLa,0.34,14.352500000000001,12,35.14
2-NWB004.67,CHLa,1.92,13.76125,12.23,35.4
2-NWB006.06,CHLa,2.44,12.61075,10.785,36.6
2-NWB007.04,CHLa,3.313333333333333,11.063232323232324,9.26,27.29
2-PKC001.84,CHLa,5.34,32.378190476190476,23.21,130
2-POL017.59,CHLa,0.77,7.630945945945946,4.85,40.5
2-RRS003.59,CHLa,2.12,7.158492063492064,6.695,19.1
2-RRS005.62,CHLa,1.92,10.883174603174604,10.3,26
2-SDY004.27,CHLa,3.33,11.52867924528302,11.2,25.54
2-SDY005.85,CHLa,3.2,12.26867924528302,11.6,26.56
2-SFT031.08,CHLa,2.4,11.748492063492064,11.2,35.06
2-SFT033.42,CHLa,2.99,12.172857142857143,11.870000000000001,25.8
2-SFT034.38,CHLa,1.85,14.22904761904762,13.42,38.4
2-SHS001.00,CHLa,0.5,29.171904761904763,23.28,69.4
2-SIN000.44,CHLa,4.61,26.044,18.1,106
2-SPE000.17,CHLa,4.503333333333333,31.471833333333333,27.4,104
2-SPE001.18,CHLa,5,57.591499999999996,30.35,415.88
2-STG000.21,CHLa,5.75,26.64862068965517,14,110
2-STG000.91,CHLa,7.16,26.948333333333334,18.75,94
2-TOT001.01,CHLa,4.91,21.56528455284553,16.8,68.4
2-TRH000.40,CHLa,3.24,22.750555555555554,16.42,72.6
2-WLN007.36,CHLa,0.64,2.2872222222222223,1.8849999999999998,7.71
2-XDD000.40,CHLa,2.32,171.26776119402984,123,1148.1
2-XLU000.10,CHLa,2.62,19.81436507936508,17.16,68.2
2-XLV002.27,CHLa,0.25,3.076551724137931,1.46,16.96
2-XLW000.60,CHLa,2.56,13.11462962962963,10.4,44.7
2-XMW000.72,CHLa,0.5,7.703333333333333,2.13,45.89
3-HNT000.92,CHLa,1.14,2.6436206896551724,2.17,8.055
3-MOT000.39,CHLa,1.23,4.719361702127659,2.79,29.83
3-MOT001.19,CHLa,1.23,4.7948,3.01,17
3-MTN024.05,CHLa,2.62,16.7475,14.14,55.5
3-MTN028.68,CHLa,2.19,15.044358974358975,11.9,51.9
4ABAN012.46,CHLa,2.48,11.359107142857143,10.3,23.92
4ABAU005.34,CHLa,0.66,2.9306896551724138,2.39,8.29
4ABSA000.62,CHLa,0.11,2.679661654135338,2.15,15.24
4ABWR002.50,CHLa,0.04,2.5023664122137403,2.1,9.81
4ABWR010.55,CHLa,0,4.742556390977444,4.04,32.6
4ABWR017.42,CHLa,2.05,13.27422480620155,12.89,34.1
4ACCK001.80,CHLa,0.41,1.8022222222222222,1.58,5.14
4ACOA000.60,CHLa,0.09,2.5359160305343513,2.12,16.77
4ACRR008.32,CHLa,2.03,10.955079365079365,7.895,43.1
4ACRV006.19,CHLa,0.62,2.7881159420289854,2.115,16.38
4ADAN187.94,CHLa,0.5,12.85361111111111,3.7350000000000003,157
4ADAN194.10,CHLa,1.1,4.544333333333333,3.16,17.4
4AGIL002.39,CHLa,0.93,4.788909774436091,4.24,23.57
4AGOB003.86,CHLa,0.78,3.1854285714285715,2.88,8.17
4AHTA003.26,CHLa,1.9,11.495000000000001,7.505000000000001,48.7
4ARFK000.20,CHLa,1.94,11.134357723577235,9.74,29
4AROA000.00,CHLa,0.5,5.6856481481481485,4.85,27.1
4AROA004.54,CHLa,0.43,4.185833333333333,3.785,13
4AROA008.66,CHLa,0.36,2.5204225352112677,1.73,10.37
4AROA018.36,CHLa,0.5,3.9395714285714285,3.58,9.52
4AROA022.52,CHLa,1.19,4.227285714285714,3.63,9.24
4AROA028.04,CHLa,0.5,5.568428571428571,5.34,19.11
4AROA032.42,CHLa,0.5,8.026047619047619,7.27,25.77
4AROA038.49,CHLa,0.5,13.313760683760684,12.649999999999999,29.56
4AROA043.14,CHLa,1.69,14.44089552238806,13.2,45.75
4AROA140.66,CHLa,0.66,4.307007575757575,3.7350000000000003,15.89
4AROA145.34,CHLa,0.5,5.248007662835249,4.98,13.7
4AROA153.59,CHLa,0.53,2.765,2.4699999999999998,6.94
4AROA158.22,CHLa,0.32,2.212589928057554,1.9,10.5
4AROA163.76,CHLa,0.5,2.644855072463768,2.08,11.2
4AROA167.34,CHLa,0,3.0713138686131387,2.44,13.37
4AROA175.63,CHLa,0.44,7.649637681159421,6.415,36.9
4AROA180.21,CHLa,1.32,10.256985294117648,8.855,35.7
4AROA183.64,CHLa,0,12.261571428571429,10.774999999999999,69.7
4AROA192.94,CHLa,0,8.924893617021276,4.51,62.3
4AROA196.05,CHLa,0.25,1.2862601626016261,0.8,12.9
4ASRE046.90,CHLa,0.02,1.8598666666666666,1.62,5.27
4ASRE048.98,CHLa,-0.16,1.8122666666666667,1.46,6.54
4ASRE052.31,CHLa,0.5,1.8125,1.59,6.53
4ASRE056.06,CHLa,0.39,2.6443055555555555,2.44,6.96
4ASRN005.14,CHLa,1.74,14.879637681159421,12.69,50.71
4AWTH000.40,CHLa,0.5,2.2107223021582736,1.76,18.6
5AGTC009.94,CHLa,0.5,11.169074074074073,10.55,37.1
5ALTD005.10,CHLa,8.13,20.594,15,63.8
5ANTW127.14,CHLa,3.68,17.546125,16.259999999999998,39.8
5ARDC007.30,CHLa,6.27,33.99761904761905,27.15,108.89
5ASRN000.66,CHLa,2.7,317.39255319148936,33.11,11952.7
6APNK001.26,CHLa,0.77,6.068333333333333,1.585,108
6APNR001.82,CHLa,0.61,2.205277777777778,1.8050000000000002,7.96
6BPWL024.64,CHLa,0.8,5.176896551724138,2.69,28.2
6BXAR000.69,CHLa,0.78,2.2779310344827586,2.21,7.35
6CBRU010.91,CHLa,1.44,4.144583333333333,3.21,12.46
6CHUN004.76,CHLa,1.76,3.69,3.17,10.8
6CLAU001.84,CHLa,1.09,3.4345833333333333,3.48,6.87
7-LAS000.06,CHLa,0.5,71.36333333333333,69.6,169
7-LAS001.03,CHLa,29.7,75.50874074074073,64.51333333333334,169
7-LAW000.04,CHLa,16.91,51.08474358974359,47.7,86.8
7-LAW001.24,CHLa,19.77,56.767307692307696,58.8,109.26
7-LTR000.04,CHLa,20.93,78.804217687074825,76.56,160.41
7-LTR000.95,CHLa,25,83.69081632653061,89.14,161.43
7-POQ005.72,CHLa,1.98,12.906761904761904,9.81,90.8
7-POQ006.84,CHLa,2.37,11.555428571428571,11.8,24.1
8-CLC003.48,CHLa,2.85,12.531379310344828,10.5,49.5
8-COL000.99,CHLa,1.25,5.953333333333333,5.99,12.8
8-ELK005.45,CHLa,1.37,3.915925925925926,3.47,10.3
8-FRC000.68,CHLa,2.7,6.798095238095238,5.91,13.6
8-NAR034.92,CHLa,0.5,5.04791129032258,3.7125000000000004,19.6
8-NAR043.00,CHLa,0.5,5.018719696969697,3.7800000000000002,26.72
8-NAR044.68,CHLa,0.5,5.046969696969697,4.06,24.6
8-NAR047.69,CHLa,0.87,8.861385220125786,8.16,29.5
8-NAR050.90,CHLa,5,12.617279411764706,12.35,29.7
8-NAR054.17,CHLa,7.35,21.04882978723404,20.325000000000003,56.25
8-NAR058.01,CHLa,2.97,46.98355769230769,42.55,113.5
8-NAR058.53,CHLa,1.99,36.07969696969697,36,67.05
8-NIR012.99,CHLa,1.66,8.513714285714286,7.484999999999999,20.9
8-PLT001.34,CHLa,2.38,10.107777777777779,9.675,21.8
8-PMC002.13,CHLa,2.79,12.603274193548387,11.5,23.9
8-PMC003.18,CHLa,7.83,20.76111111111111,21.475,42.55
8-PMC007.15,CHLa,1.01,39.576153846153844,39.28,81.9
8-PMC008.60,CHLa,3.38,38.095454545454544,35.5,88
8-QEN007.02,CHLa,1.14,4.523619047619047,3.28,16.22
8-QEN007.22,CHLa,1.87,4.7,4.08,11
8-QEN007.65,CHLa,0.8,4.87,3.58,14.4
8-QEN008.58,CHLa,0.75,12.00258064516129,9.97,31.5
8-TRY001.39,CHLa,13.4,33.0071,30.7,62
9-NEW087.14,CHLa,0.59,6.906478873239436,5.4,28.1
9-NEW089.34,CHLa,0.82,6.769718309859155,5.65,24.67
9-NEW092.66,CHLa,1.14,6.846950354609929,5.57,24.4
9-NEW098.32,CHLa,0.55,7.452773722627737,6.37,30.9
9-PKC000.00,CHLa,0.98,7.009714285714286,6.015000000000001,20.01
9-PKC004.16,CHLa,1.19,8.660579710144928,6.12,37.77
9-PKC016.91,CHLa,0.77,2.476627906976744,2.15,7.21
9-PKC017.71,CHLa,0.75,2.4793023255813953,2.19,6.51
9-XBL000.20,CHLa,2.24,11.225652173913044,9.01,36.9
1AAUA012.15,NITROGEN_TOTAL,0.22,0.3211111111111111,0.3,0.54
1ALOH007.93,NITROGEN_TOTAL,0.43,0.84953125,0.78,1.43
1APOM013.02,NITROGEN_TOTAL,0.32,0.51125,0.475,0.8
1BCLS003.60,NITROGEN_TOTAL,0.04,0.091,0.1,0.15
1BCNG003.13,NITROGEN_TOTAL,0.42,0.9089814814814815,0.78,1.91
1BCRO009.19,NITROGEN_TOTAL,0.33,0.4771014492753623,0.45,1.09
1BCRO009.79,NITROGEN_TOTAL,0.36,0.4681159420289855,0.45,1.01
1BNTH043.48,NITROGEN_TOTAL,0.11,0.19314285714285714,0.16,0.4
1BNTH045.36,NITROGEN_TOTAL,0.1,0.17857142857142858,0.16,0.39
1BSKD003.18,NITROGEN_TOTAL,0.17,0.4074358974358974,0.35,0.96
1BSTY023.05,NITROGEN_TOTAL,0.18,0.37966666666666665,0.38,0.64
1BXCE000.63,NITROGEN_TOTAL,0.35,0.4994202898550725,0.47,1.77
1BXEF000.23,NITROGEN_TOTAL,2.7,5.170459770114943,4.56,8.3
2-APP020.23,NITROGEN_TOTAL,0.1,0.5768055555555556,0.57,1.11
2-APP023.27,NITROGEN_TOTAL,0.37,0.5810869565217391,0.56,0.97
2-APP026.67,NITROGEN_TOTAL,0.42,0.5843478260869566,0.56,0.85
2-APP028.58,NITROGEN_TOTAL,0.42,0.6284375,0.61,0.92
2-BRI010.78,NITROGEN_TOTAL,0.34,0.4923529411764706,0.47,0.86
2-BRI013.12,NITROGEN_TOTAL,0.2966666666666667,0.5287581699346405,0.52,0.89
2-BVR002.19,NITROGEN_TOTAL,0.33,0.5387619047619048,0.52,1.19
2-CFK004.34,NITROGEN_TOTAL,0.26,1.01822695035461,0.97,1.75
2-CHK025.15,NITROGEN_TOTAL,0.47,0.7703968253968254,0.73,1.18
2-CHK026.94,NITROGEN_TOTAL,0.49,0.7269047619047619,0.69,1.12
2-CHK029.54,NITROGEN_TOTAL,0.38,0.677,0.63,1.08
2-DSC005.91,NITROGEN_TOTAL,0.39666666666666667,0.5994017094017094,0.59,0.88
2-DSC007.09,NITROGEN_TOTAL,0.42,0.6187179487179487,0.6,0.84
2-DYC000.19,NITROGEN_TOTAL,0.34,0.590925925925926,0.5700000000000001,0.85
2-HOL001.05,NITROGEN_TOTAL,0.2,0.38704761904761903,0.35,0.68
2-JCB000.80,NITROGEN_TOTAL,0.3,0.44214285714285717,0.43,0.8
2-JKS044.60,NITROGEN_TOTAL,0.16,0.2874074074074074,0.29000000000000004,0.56
2-JKS046.40,NITROGEN_TOTAL,0.15,0.26796296296296296,0.26,0.515
2-JKS048.90,NITROGEN_TOTAL,0.15,0.2684259259259259,0.265,0.54
2-JKS053.48,NITROGEN_TOTAL,0.15,0.33358490566037735,0.33,0.6
2-LCN000.20,NITROGEN_TOTAL,0.48,0.733,0.715,1.05
2-LDJ000.62,NITROGEN_TOTAL,0.4,0.6397619047619048,0.62,1.04
2-LHR001.76,NITROGEN_TOTAL,0.24333333333333337,0.505632183908046,0.43,0.9
2-LHR002.56,NITROGEN_TOTAL,0.32,0.5233333333333333,0.44,0.98
2-LMD000.02,NITROGEN_TOTAL,0.4,0.623063063063063,0.64,0.96
2-LMD001.41,NITROGEN_TOTAL,0.43333333333333335,0.6679279279279279,0.64,0.91
2-LPR000.02,NITROGEN_TOTAL,0.23333333333333336,0.4853921568627451,0.495,0.72
2-LSL000.04,NITROGEN_TOTAL,0.31333333333333335,0.6506481481481482,0.64,1.34
2-LSL000.16,NITROGEN_TOTAL,0.26,0.3485185185185185,0.33,0.57
2-LSL000.20,NITROGEN_TOTAL,0.29,0.5047058823529412,0.42,1.52
2-LTL001.20,NITROGEN_TOTAL,0.27,0.355,0.35,0.47
2-LTL001.60,NITROGEN_TOTAL,0.26,0.3532142857142857,0.35,0.44
2-LTL002.46,NITROGEN_TOTAL,0.25,0.35102564102564104,0.34,0.71
2-MBN000.96,NITROGEN_TOTAL,0.3566666666666667,0.6138271604938271,0.595,1.01
2-MIN000.98,NITROGEN_TOTAL,0.36,0.7405555555555555,0.72,1.15
2-MNR014.50,NITROGEN_TOTAL,0.1,0.2410344827586207,0.21,0.55
2-NWB002.93,NITROGEN_TOTAL,0.28,0.503235294117647,0.47,0.75
2-NWB004.67,NITROGEN_TOTAL,0.33,0.49911764705882355,0.47,0.71
2-NWB006.06,NITROGEN_TOTAL,0.34,0.4973529411764706,0.46499999999999997,0.69
2-NWB007.04,NITROGEN_TOTAL,0.29,0.53125,0.535,0.77
2-PKC001.84,NITROGEN_TOTAL,0.33,0.6717171717171717,0.64,1.23
2-POL017.59,NITROGEN_TOTAL,0.1,0.3383333333333333,0.32,0.79
2-RRS003.59,NITROGEN_TOTAL,0.27,0.42775,0.39,0.91
2-RRS005.62,NITROGEN_TOTAL,0.28,0.4891666666666667,0.455,1.01
2-SDY004.27,NITROGEN_TOTAL,0.3566666666666667,0.596358024691358,0.59,0.91
2-SDY005.85,NITROGEN_TOTAL,0.45,0.6052830188679246,0.59,0.91
2-SFT031.08,NITROGEN_TOTAL,0.36,0.6194444444444445,0.615,0.93
2-SFT033.42,NITROGEN_TOTAL,0.37,0.5941666666666666,0.59,0.83
2-SFT034.38,NITROGEN_TOTAL,0.26,0.6125,0.6,0.86
2-SHS001.00,NITROGEN_TOTAL,0.44,0.889,0.865,1.69
2-SIN000.44,NITROGEN_TOTAL,0.36,0.7377011494252873,0.63,1.7
2-SPE000.17,NITROGEN_TOTAL,0.54,0.8049166666666667,0.805,1.18
2-SPE001.18,NITROGEN_TOTAL,0.56,0.9125,0.855,1.79
2-STG000.21,NITROGEN_TOTAL,0.46,0.6989655172413793,0.62,1.13
2-STG000.91,NITROGEN_TOTAL,0.44,0.6910000000000001,0.68,1.06
2-TOT001.01,NITROGEN_TOTAL,0.52,0.839,0.835,1.27
2-TRH000.40,NITROGEN_TOTAL,0.3,0.7054166666666667,0.67,1.44
2-XLU000.10,NITROGEN_TOTAL,0.44,0.8443518518518519,0.785,1.51
2-XLV002.27,NITROGEN_TOTAL,0.13,0.2493103448275862,0.21,0.56
2-XLW000.60,NITROGEN_TOTAL,0.36,0.6574074074074074,0.615,1.49
3-HNT000.92,NITROGEN_TOTAL,0.31,0.42683333333333334,0.4125,0.62
3-MOT000.39,NITROGEN_TOTAL,0.24,0.4068888888888889,0.33,1.05
3-MOT001.19,NITROGEN_TOTAL,0.24,0.3864,0.31,0.89
3-MTN024.05,NITROGEN_TOTAL,0.53,0.8417857142857142,0.815,1.44
3-MTN028.68,NITROGEN_TOTAL,0.41,0.6145714285714285,0.59,0.88
4ABAU005.34,NITROGEN_TOTAL,0.22,0.6272619047619048,0.385,2.005
4ABSA000.62,NITROGEN_TOTAL,0.22,0.41977477477477476,0.43500000000000005,0.7050000000000001
4ABWR002.50,NITROGEN_TOTAL,0.22,0.43008928571428573,0.455,0.71
4ABWR010.55,NITROGEN_TOTAL,0.27,0.4995089285714286,0.5125,0.765
4ABWR017.42,NITROGEN_TOTAL,0.3,0.5888392857142857,0.56,1.83
4ACCK001.80,NITROGEN_TOTAL,0.2,0.4426086956521739,0.45,0.685
4ACOA000.60,NITROGEN_TOTAL,0.21,0.4390625,0.4475,1.095
4ACRR008.32,NITROGEN_TOTAL,0.16333333333333333,0.4727777777777778,0.445,1.47
4ACRV006.19,NITROGEN_TOTAL,0.14,0.30291666666666667,0.2875,0.625
4ADAN187.94,NITROGEN_TOTAL,0.645,0.9561111111111111,0.8775,2.66
4ADAN194.10,NITROGEN_TOTAL,0.47,0.6281666666666667,0.5900000000000001,0.85
4AGIL002.39,NITROGEN_TOTAL,0.02,0.4358482142857143,0.44499999999999995,0.92
4AGOB003.86,NITROGEN_TOTAL,0.13,0.41058823529411764,0.3275,1.245
4AHTA003.26,NITROGEN_TOTAL,0.28,0.5363333333333333,0.5,0.93
4ARFK000.20,NITROGEN_TOTAL,0.25333333333333335,0.6383809523809524,0.55,1.65
4AROA000.00,NITROGEN_TOTAL,0.24666666666666665,0.42220512820512823,0.42,0.83
4AROA004.54,NITROGEN_TOTAL,0.26666666666666666,0.42405128205128206,0.41,0.7
4AROA008.66,NITROGEN_TOTAL,0.28,0.456,0.43,1.11
4AROA018.36,NITROGEN_TOTAL,0.15666666666666668,0.3297354497354497,0.29,0.76
4AROA022.52,NITROGEN_TOTAL,0.23,0.32222222222222224,0.3,0.53
4AROA028.04,NITROGEN_TOTAL,0.21,0.3326984126984127,0.32,0.58
4AROA032.42,NITROGEN_TOTAL,0.20333333333333337,0.38116402116402115,0.36,0.69
4AROA038.49,NITROGEN_TOTAL,0.29,0.46352657004830916,0.43,0.92
4AROA043.14,NITROGEN_TOTAL,0.3,0.512016129032258,0.48,0.86
4AROA140.66,NITROGEN_TOTAL,0.23,0.43050228310502286,0.4166666666666667,0.655
4AROA145.34,NITROGEN_TOTAL,0.26,0.4546846846846847,0.455,0.67
4AROA158.22,NITROGEN_TOTAL,0.23,0.45418103448275865,0.4725,0.6950000000000001
4AROA163.76,NITROGEN_TOTAL,0.225,0.46625,0.4725,0.77
4AROA167.34,NITROGEN_TOTAL,0.2,0.5105603448275862,0.5299999999999999,0.925
4AROA175.63,NITROGEN_TOTAL,0.31,0.6777731092436975,0.625,1.275
4AROA180.21,NITROGEN_TOTAL,0.34,0.7550423728813559,0.715,1.385
4AROA183.64,NITROGEN_TOTAL,0.4,0.8494491525423729,0.8200000000000001,1.5
4AROA192.55,NITROGEN_TOTAL,1.1,1.9525925925925927,1.82,3.64
4AROA192.94,NITROGEN_TOTAL,0.98,1.9125210084033613,1.77,3.66
4AROA196.05,NITROGEN_TOTAL,1.09,2.2133663366336633,2.02,5.21
4ASRE046.90,NITROGEN_TOTAL,0.13,0.23359649122807016,0.22500000000000003,0.945
4ASRE048.98,NITROGEN_TOTAL,0.14,0.2249107142857143,0.23249999999999998,0.505
4ASRE052.31,NITROGEN_TOTAL,0.17,0.2965853658536585,0.27999999999999997,0.54
4ASRE056.06,NITROGEN_TOTAL,0.15,0.2866666666666667,0.27,0.7150000000000001
4ASRN005.14,NITROGEN_TOTAL,0.18,0.7173809523809523,0.755,1.09
4AWTH000.40,NITROGEN_TOTAL,0.24,0.45379310344827584,0.4575,0.6599999999999999
5AGTC009.94,NITROGEN_TOTAL,0.28,0.5166666666666667,0.53,0.78
5ALTD005.10,NITROGEN_TOTAL,0.4666666666666667,0.8112962962962963,0.78,1.17
5ANTW127.14,NITROGEN_TOTAL,0.32666666666666666,0.5773873873873874,0.58,0.91
5ARDC007.30,NITROGEN_TOTAL,0.59,0.975,0.9299999999999999,1.76
6APNK001.26,NITROGEN_TOTAL,0.1,0.1825,0.16,0.52
6APNR001.82,NITROGEN_TOTAL,0.16,0.304,0.27,0.63
6BPWL024.64,NITROGEN_TOTAL,0.106,0.3025333333333333,0.22,0.76
6BXAR000.69,NITROGEN_TOTAL,0.14,0.224,0.22,0.48
6CBRU010.91,NITROGEN_TOTAL,0.15,0.22166666666666668,0.22,0.29
6CLAU001.84,NITROGEN_TOTAL,0.18,0.2525,0.23,0.47
7-LAS000.06,NITROGEN_TOTAL,0.83,1.6361764705882353,1.7,2.62
7-LAS001.03,NITROGEN_TOTAL,0.99,1.6151515151515152,1.65,2.55
7-LAW000.04,NITROGEN_TOTAL,0.86,1.35,1.395,1.91
7-LAW001.24,NITROGEN_TOTAL,0.6900000000000001,1.4673076923076922,1.4849999999999999,2.12
7-LTR000.04,NITROGEN_TOTAL,0.95,1.8521052631578947,1.835,2.55
7-LTR000.95,NITROGEN_TOTAL,1.17,1.8891228070175439,1.855,2.67
7-POQ005.72,NITROGEN_TOTAL,0.25333333333333335,0.47555555555555556,0.475,0.75
7-POQ006.84,NITROGEN_TOTAL,0.32,0.4878888888888889,0.51,0.65
8-CLC003.48,NITROGEN_TOTAL,0.4,0.5986206896551725,0.6,0.97
8-COL000.99,NITROGEN_TOTAL,0.33,0.439,0.435,0.71
8-ELK005.45,NITROGEN_TOTAL,0.31,0.4096296296296296,0.39,0.65
8-FRC000.68,NITROGEN_TOTAL,0.3,0.39944444444444444,0.405,0.48
8-NAR034.92,NITROGEN_TOTAL,0.31,0.41385245901639345,0.41,0.585
8-NAR043.00,NITROGEN_TOTAL,0.33,0.407421875,0.4,0.51
8-NAR044.68,NITROGEN_TOTAL,0.33,0.42191666666666666,0.42,0.5225
8-NAR047.69,NITROGEN_TOTAL,0.295,0.39391509433962263,0.3825,0.84
8-NAR050.90,NITROGEN_TOTAL,0.32,0.3920588235294118,0.39125,0.485
8-NAR054.17,NITROGEN_TOTAL,0.38,0.5832971014492754,0.54,1.185
8-NAR058.01,NITROGEN_TOTAL,0.445,1.0459615384615384,1.02,1.76
8-NAR058.53,NITROGEN_TOTAL,0.54,1.0244117647058824,1.0350000000000001,1.67
8-NIR012.99,NITROGEN_TOTAL,0.36,0.5520833333333334,0.54,0.8
8-PLT001.34,NITROGEN_TOTAL,0.41,0.5476666666666666,0.495,1.83
8-PMC002.13,NITROGEN_TOTAL,0.34,0.4531746031746032,0.45,0.65
8-PMC003.18,NITROGEN_TOTAL,0.415,0.590949074074074,0.58,1.01
8-PMC007.15,NITROGEN_TOTAL,0.55,0.8552692307692308,0.84,1.31
8-PMC008.60,NITROGEN_TOTAL,0.56,1.3596969696969696,1.38,2.09
8-QEN007.02,NITROGEN_TOTAL,0.15666666666666668,0.2985057471264368,0.28,0.54
8-QEN007.22,NITROGEN_TOTAL,0.19,0.30689655172413793,0.29,0.5
8-QEN007.65,NITROGEN_TOTAL,0.22,0.31482758620689655,0.29,0.53
8-QEN008.58,NITROGEN_TOTAL,0.26,0.42142857142857143,0.435,0.62
8-TRY001.39,NITROGEN_TOTAL,0.435,0.7678,0.765,1.11
9-NEW087.14,NITROGEN_TOTAL,0.31,0.7058974358974359,0.72,1.175
9-NEW089.34,NITROGEN_TOTAL,0.32,0.6736324786324787,0.675,1.12
9-NEW092.66,NITROGEN_TOTAL,0.27,0.7315948275862069,0.7275,1.235
9-NEW098.32,NITROGEN_TOTAL,0.29333333333333333,0.6983536585365854,0.6825000000000001,1.09
9-PKC000.00,NITROGEN_TOTAL,0.375,0.653448275862069,0.66,1.14
9-PKC004.16,NITROGEN_TOTAL,0.35,0.6012931034482759,0.56,1.51
9-PKC016.91,NITROGEN_TOTAL,0.2,0.31779411764705884,0.2775,1.18
9-PKC017.71,NITROGEN_TOTAL,0.18,0.2622058823529412,0.25,0.56
9-XBL000.20,NITROGEN_TOTAL,0.44,0.65625,0.64,0.93
1AAUA012.15,PHOSPHORUS_TOTAL,0,0.014166666666666668,0.01,0.03
1ALOH007.93,PHOSPHORUS_TOTAL,0.02,0.033095238095238094,0.03,0.1
1APOM013.02,PHOSPHORUS_TOTAL,0.01,0.016764705882352942,0.02,0.03
1BCLS003.60,PHOSPHORUS_TOTAL,0,0.006,0.01,0.01
1BCNG003.13,PHOSPHORUS_TOTAL,0.01,0.02062015503875969,0.02,0.06
1BCRO009.19,PHOSPHORUS_TOTAL,0.01,0.014285714285714285,0.01,0.03
1BCRO009.79,PHOSPHORUS_TOTAL,0.01,0.014404761904761905,0.01,0.03
1BNTH043.48,PHOSPHORUS_TOTAL,0,0.008857142857142857,0.01,0.02
1BNTH045.36,PHOSPHORUS_TOTAL,0,0.007560975609756097,0.01,0.02
1BSKD003.18,PHOSPHORUS_TOTAL,0,0.0085,0.01,0.02
1BSTY023.05,PHOSPHORUS_TOTAL,0.01,0.013666666666666667,0.01,0.03
1BXCE000.63,PHOSPHORUS_TOTAL,0.01,0.017976190476190475,0.02,0.05
1BXEF000.23,PHOSPHORUS_TOTAL,0.01,0.014285714285714285,0.01,0.03
2-APP020.23,PHOSPHORUS_TOTAL,0.01,0.03163333333333333,0.03,0.08
2-APP023.27,PHOSPHORUS_TOTAL,0.02,0.11549019607843138,0.03,4
2-APP026.67,PHOSPHORUS_TOTAL,0.02,0.05134615384615385,0.05,0.1
2-APP028.58,PHOSPHORUS_TOTAL,0.03,0.060810810810810814,0.06,0.1
2-BRI010.78,PHOSPHORUS_TOTAL,0.01,0.017232704402515724,0.02,0.03
2-BRI013.12,PHOSPHORUS_TOTAL,0.01,0.020566037735849058,0.02,0.04
2-BVR002.19,PHOSPHORUS_TOTAL,0.01,0.018666666666666668,0.02,0.05
2-CFK004.34,PHOSPHORUS_TOTAL,0.01,0.04865248226950355,0.04,0.11
2-CHK025.15,PHOSPHORUS_TOTAL,0.02333333333333333,0.06472222222222222,0.06,0.12
2-CHK026.94,PHOSPHORUS_TOTAL,0.03,0.07145833333333333,0.07,0.13
2-CHK029.54,PHOSPHORUS_TOTAL,0.03,0.07971428571428571,0.08,0.14
2-DSC005.91,PHOSPHORUS_TOTAL,0.01,0.02837037037037037,0.03,0.05
2-DSC007.09,PHOSPHORUS_TOTAL,0.02,0.03568181818181818,0.03,0.08
2-DYC000.19,PHOSPHORUS_TOTAL,0.01,0.03,0.03,0.05
2-FAC003.85,PHOSPHORUS_TOTAL,0.02,0.04181818181818182,0.04,0.11
2-HOL001.05,PHOSPHORUS_TOTAL,0.01,0.01638095238095238,0.02,0.03
2-JCB000.80,PHOSPHORUS_TOTAL,0.01,0.01880952380952381,0.02,0.06
2-JKS044.60,PHOSPHORUS_TOTAL,0,0.01274074074074074,0.01,0.055
2-JKS046.40,PHOSPHORUS_TOTAL,0,0.011851851851851851,0.01,0.045
2-JKS048.90,PHOSPHORUS_TOTAL,0,0.013895131086142322,0.01,0.06
2-JKS053.48,PHOSPHORUS_TOTAL,0.01,0.028909465020576133,0.02,0.36
2-LCN000.20,PHOSPHORUS_TOTAL,0.01,0.03652482269503546,0.035,0.07
2-LDJ000.62,PHOSPHORUS_TOTAL,0.01,0.02468253968253968,0.02,0.04
2-LHR001.76,PHOSPHORUS_TOTAL,0.00666666666666666,0.029095238095238094,0.03,0.07
2-LHR002.56,PHOSPHORUS_TOTAL,0.01,0.029047619047619048,0.03,0.06
2-LMD000.02,PHOSPHORUS_TOTAL,0.01666666666666666,0.03926356589147287,0.04,0.09
2-LMD001.41,PHOSPHORUS_TOTAL,0.02,0.038875968992248065,0.04,0.07
2-LPR000.02,PHOSPHORUS_TOTAL,0.01,0.030291666666666668,0.03,0.05
2-LSL000.04,PHOSPHORUS_TOTAL,0.03,0.09842592592592593,0.1,0.18
2-LSL000.16,PHOSPHORUS_TOTAL,0.01,0.020416666666666666,0.02,0.03
2-LSL000.20,PHOSPHORUS_TOTAL,0.02,0.03911764705882353,0.03,0.09
2-LTL001.20,PHOSPHORUS_TOTAL,0,0.0105,0.01,0.02
2-LTL001.60,PHOSPHORUS_TOTAL,0.01,0.011785714285714287,0.01,0.02
2-LTL002.46,PHOSPHORUS_TOTAL,0,0.01,0.01,0.02
2-MBN000.96,PHOSPHORUS_TOTAL,0.01333333333333333,0.025802469135802468,0.03,0.06
2-MIN000.98,PHOSPHORUS_TOTAL,0.01,0.03,0.025,0.08
2-MNR014.50,PHOSPHORUS_TOTAL,0,0.013137254901960785,0.01,0.03
2-NWB002.93,PHOSPHORUS_TOTAL,0.01,0.02975,0.03,0.08
2-NWB004.67,PHOSPHORUS_TOTAL,0.01,0.02725,0.03,0.05
2-NWB006.06,PHOSPHORUS_TOTAL,0.01,0.027,0.03,0.05
2-NWB007.04,PHOSPHORUS_TOTAL,0.01,0.022549019607843137,0.02,0.06
2-PKC001.84,PHOSPHORUS_TOTAL,0.02,0.05386178861788618,0.04,0.2
2-POL017.59,PHOSPHORUS_TOTAL,0,0.015045045045045046,0.01,0.05
2-RRS003.59,PHOSPHORUS_TOTAL,0.01,0.024444444444444446,0.02,0.07
2-RRS005.62,PHOSPHORUS_TOTAL,0.01,0.08142857142857143,0.03,2
2-SDY004.27,PHOSPHORUS_TOTAL,0.01,0.026352201257861634,0.03,0.04
2-SDY005.85,PHOSPHORUS_TOTAL,0.01,0.027547169811320753,0.03,0.06
2-SFT031.08,PHOSPHORUS_TOTAL,0.01,0.02880952380952381,0.03,0.05
2-SFT033.42,PHOSPHORUS_TOTAL,0.01,0.029285714285714286,0.03,0.06
2-SFT034.38,PHOSPHORUS_TOTAL,0.01,0.034999999999999996,0.03,0.06
2-SHS001.00,PHOSPHORUS_TOTAL,0.02,0.0530952380952381,0.045,0.19
2-SIN000.44,PHOSPHORUS_TOTAL,0.01,0.031142857142857142,0.03,0.06
2-SPE000.17,PHOSPHORUS_TOTAL,0.03,0.04977777777777778,0.04,0.25
2-SPE001.18,PHOSPHORUS_TOTAL,0.04,0.064,0.057499999999999996,0.19
2-STG000.21,PHOSPHORUS_TOTAL,0.02,0.04551724137931035,0.03,0.15
2-STG000.91,PHOSPHORUS_TOTAL,0.03,0.043000000000000003,0.04,0.06
2-TOT001.01,PHOSPHORUS_TOTAL,0.01,0.0473015873015873,0.04,0.1
2-TRH000.40,PHOSPHORUS_TOTAL,0.02,0.045714285714285714,0.04,0.17
2-WLN007.36,PHOSPHORUS_TOTAL,0,0.010555555555555556,0.01,0.03
2-XDD000.40,PHOSPHORUS_TOTAL,0.05,0.36675,0.23,5.2
2-XLU000.10,PHOSPHORUS_TOTAL,0.01,0.036349206349206346,0.035,0.11
2-XLV002.27,PHOSPHORUS_TOTAL,0,0.00896551724137931,0.01,0.03
2-XLW000.60,PHOSPHORUS_TOTAL,0.01,0.021203703703703704,0.02,0.05
2-XMW000.72,PHOSPHORUS_TOTAL,0,0.014,0.01,0.03
3-HNT000.92,PHOSPHORUS_TOTAL,0,0.011818181818181818,0.01,0.02
3-MOT000.39,PHOSPHORUS_TOTAL,0,0.013191489361702127,0.01,0.04
3-MOT001.19,PHOSPHORUS_TOTAL,0.01,0.0124,0.01,0.03
3-MTN024.05,PHOSPHORUS_TOTAL,0.02,0.044062500000000004,0.04,0.1
3-MTN028.68,PHOSPHORUS_TOTAL,0.02,0.03205128205128205,0.03,0.06
4ABAN012.46,PHOSPHORUS_TOTAL,0.01,0.03833333333333334,0.04,0.11
4ABAU005.34,PHOSPHORUS_TOTAL,0,0.01972222222222222,0.015,0.045
4ABSA000.62,PHOSPHORUS_TOTAL,0,0.015054112554112554,0.01,0.1
4ABWR002.50,PHOSPHORUS_TOTAL,0,0.01858974358974359,0.01,0.3566666666666667
4ABWR010.55,PHOSPHORUS_TOTAL,0,0.027305719921104536,0.02,0.2
4ABWR017.42,PHOSPHORUS_TOTAL,0.02,0.045375,0.04,0.28
4ACCK001.80,PHOSPHORUS_TOTAL,0,0.033013245033112586,0.01,2.875
4ACOA000.60,PHOSPHORUS_TOTAL,0,0.01792763157894737,0.01,0.3466666666666667
4ACRR008.32,PHOSPHORUS_TOTAL,0.00666666666666666,0.03260869565217391,0.02,0.3
4ACRV006.19,PHOSPHORUS_TOTAL,0,0.016231884057971015,0.015,0.045
4ADAN187.94,PHOSPHORUS_TOTAL,0.01,0.02652777777777778,0.025,0.06
4ADAN194.10,PHOSPHORUS_TOTAL,0,0.013666666666666667,0.0125,0.045
4AGIL002.39,PHOSPHORUS_TOTAL,0.005,0.029787878787878787,0.02,0.1366666666666667
4AGOB003.86,PHOSPHORUS_TOTAL,0,0.030416666666666668,0.02,0.35500000000000004
4AHTA003.26,PHOSPHORUS_TOTAL,0.02,0.03677777777777778,0.03,0.11
4ARFK000.20,PHOSPHORUS_TOTAL,0.01,0.035666666666666666,0.02,0.24
4AROA000.00,PHOSPHORUS_TOTAL,0.01,0.019577464788732395,0.02,0.05
4AROA004.54,PHOSPHORUS_TOTAL,0,0.02061032863849765,0.02,0.06
4AROA008.66,PHOSPHORUS_TOTAL,0,0.01971830985915493,0.02,0.05
4AROA018.36,PHOSPHORUS_TOTAL,0,0.013285024154589372,0.01,0.04
4AROA022.52,PHOSPHORUS_TOTAL,0,0.013623188405797102,0.01,0.05
4AROA028.04,PHOSPHORUS_TOTAL,0.01,0.01608695652173913,0.02,0.05
4AROA032.42,PHOSPHORUS_TOTAL,0.01,0.020483091787439612,0.02,0.06
4AROA038.49,PHOSPHORUS_TOTAL,0.01,0.03380952380952381,0.03,0.14
4AROA043.14,PHOSPHORUS_TOTAL,0.02,0.04330882352941177,0.04,0.17
4AROA140.66,PHOSPHORUS_TOTAL,0,0.01643478260869565,0.015,0.04333333333333333
4AROA145.34,PHOSPHORUS_TOTAL,0,0.019292035398230087,0.02,0.06
4AROA153.59,PHOSPHORUS_TOTAL,0.01,0.021111111111111112,0.02,0.05
4AROA158.22,PHOSPHORUS_TOTAL,0,0.016937751004016066,0.01,0.4
4AROA163.76,PHOSPHORUS_TOTAL,0,0.014607843137254902,0.01,0.1
4AROA167.34,PHOSPHORUS_TOTAL,0,0.017125,0.01,0.125
4AROA175.63,PHOSPHORUS_TOTAL,0.01,0.026527938342967246,0.02,0.115
4AROA180.21,PHOSPHORUS_TOTAL,0.01,0.032911522633744854,0.025,0.1
4AROA183.64,PHOSPHORUS_TOTAL,0.01,0.033694605009633914,0.03,0.115
4AROA192.55,PHOSPHORUS_TOTAL,0.02,0.0996875,0.1,1
4AROA192.94,PHOSPHORUS_TOTAL,0.015,0.04818363273453094,0.04,0.19
4AROA196.05,PHOSPHORUS_TOTAL,0.02,0.05259615384615385,0.04,0.35
4ASRE046.90,PHOSPHORUS_TOTAL,0,0.016117424242424242,0.01,0.1
4ASRE048.98,PHOSPHORUS_TOTAL,0,0.014678030303030304,0.01,0.07
4ASRE052.31,PHOSPHORUS_TOTAL,0,0.01681159420289855,0.015,0.055
4ASRE056.06,PHOSPHORUS_TOTAL,0.005,0.02308080808080808,0.015,0.1
4ASRN005.14,PHOSPHORUS_TOTAL,0.02,0.03673913043478261,0.04,0.06
4AWTH000.40,PHOSPHORUS_TOTAL,0,0.01462962962962963,0.01,0.1
5AGTC009.94,PHOSPHORUS_TOTAL,0.01,0.025555555555555557,0.02,0.06
5ALTD005.10,PHOSPHORUS_TOTAL,0.02,0.05028571428571429,0.05,0.09
5ANTW127.14,PHOSPHORUS_TOTAL,0.03,0.05195121951219512,0.05,0.09
5ARDC007.30,PHOSPHORUS_TOTAL,0.01,0.06793650793650793,0.05,0.64
5ASRN000.66,PHOSPHORUS_TOTAL,0.05,0.8016981132075471,0.38,5.28
6ACNR000.00,PHOSPHORUS_TOTAL,0.01,0.15758620689655173,0.1,3.8
6APNK001.26,PHOSPHORUS_TOTAL,0,0.010333333333333333,0.01,0.03
6APNR001.82,PHOSPHORUS_TOTAL,0.01,0.011944444444444445,0.01,0.02
6APNR008.15,PHOSPHORUS_TOTAL,0.01,0.10810344827586207,0.1,0.3
6BPWL024.64,PHOSPHORUS_TOTAL,0,0.013,0.01,0.03
6BXAR000.69,PHOSPHORUS_TOTAL,0,0.011888888888888888,0.01,0.06
6CBRU010.91,PHOSPHORUS_TOTAL,0,0.009583333333333334,0.01,0.02
6CHUN004.76,PHOSPHORUS_TOTAL,0,0.011666666666666667,0.01,0.02
6CLAU001.84,PHOSPHORUS_TOTAL,0,0.015,0.01,0.09
7-LAS000.06,PHOSPHORUS_TOTAL,0.06,0.1616,0.15,0.41
7-LAS001.03,PHOSPHORUS_TOTAL,0.06,0.17437037037037037,0.17,0.51
7-LAW000.04,PHOSPHORUS_TOTAL,0.055,0.08666666666666667,0.09,0.12
7-LAW001.24,PHOSPHORUS_TOTAL,0.04,0.09705128205128205,0.1,0.15
7-LTR000.04,PHOSPHORUS_TOTAL,0.05,0.14229166666666668,0.14,0.33
7-LTR000.95,PHOSPHORUS_TOTAL,0.04,0.1797169811320755,0.16,1.5
7-POQ005.72,PHOSPHORUS_TOTAL,0.01,0.027685185185185184,0.0275,0.06
7-POQ006.84,PHOSPHORUS_TOTAL,0.02,0.03319444444444444,0.03166666666666666,0.06
8-CLC003.48,PHOSPHORUS_TOTAL,0.01,0.026551724137931033,0.03,0.05
8-COL000.99,PHOSPHORUS_TOTAL,0,0.015333333333333334,0.02,0.04
8-ELK005.45,PHOSPHORUS_TOTAL,0,0.012962962962962963,0.01,0.02
8-FRC000.68,PHOSPHORUS_TOTAL,0,0.019523809523809523,0.02,0.08
8-NAR034.92,PHOSPHORUS_TOTAL,0,0.01376923076923077,0.01,0.03
8-NAR043.00,PHOSPHORUS_TOTAL,0,0.015551470588235295,0.01,0.19
8-NAR044.68,PHOSPHORUS_TOTAL,0,0.01036764705882353,0.01,0.02
8-NAR047.69,PHOSPHORUS_TOTAL,0,0.01580275229357798,0.02,0.04
8-NAR050.90,PHOSPHORUS_TOTAL,0.01,0.019897058823529414,0.02,0.03
8-NAR054.17,PHOSPHORUS_TOTAL,0.01,0.03763157894736842,0.03,0.115
8-NAR058.01,PHOSPHORUS_TOTAL,0.03,0.08259615384615385,0.08,0.14500000000000002
8-NAR058.53,PHOSPHORUS_TOTAL,0.03,0.09205882352941176,0.09,0.25
8-NIR012.99,PHOSPHORUS_TOTAL,0.01,0.026111111111111113,0.02,0.05
8-PLT001.34,PHOSPHORUS_TOTAL,0.02,0.029166666666666667,0.03,0.04
8-PMC002.13,PHOSPHORUS_TOTAL,0.01,0.022698412698412697,0.02,0.04
8-PMC003.18,PHOSPHORUS_TOTAL,0.02,0.04090277777777778,0.04,0.08499999999999999
8-PMC007.15,PHOSPHORUS_TOTAL,0.04,0.06061538461538462,0.06,0.12
8-PMC008.60,PHOSPHORUS_TOTAL,0.07,0.16696969696969696,0.18,0.24
8-QEN007.02,PHOSPHORUS_TOTAL,0.00666666666666666,0.016761904761904763,0.02,0.03
8-QEN007.22,PHOSPHORUS_TOTAL,0.01,0.018714285714285715,0.02,0.03
8-QEN007.65,PHOSPHORUS_TOTAL,0.01,0.017241379310344827,0.02,0.03
8-QEN008.58,PHOSPHORUS_TOTAL,0.01,0.03,0.03,0.055
8-TRY001.39,PHOSPHORUS_TOTAL,0.03,0.047850000000000004,0.05,0.07
9-NEW087.14,PHOSPHORUS_TOTAL,0.00866666666666666,0.024592592592592593,0.02,0.3
9-NEW089.34,PHOSPHORUS_TOTAL,0,0.025114141414141415,0.02,0.2
9-NEW092.66,PHOSPHORUS_TOTAL,0.01,0.02626993865030675,0.02,0.115
9-NEW098.32,PHOSPHORUS_TOTAL,0.01,0.05832721712538227,0.04,0.2
9-NEW100.54,PHOSPHORUS_TOTAL,0.01,0.04966666666666667,0.02666666666666667,0.23333333333333336
9-PKC000.00,PHOSPHORUS_TOTAL,0.00866666666666666,0.029802395209580838,0.02,0.23333333333333336
9-PKC004.16,PHOSPHORUS_TOTAL,0.01,0.039951515151515155,0.02,2.025
9-PKC016.91,PHOSPHORUS_TOTAL,0,0.013222222222222222,0.015,0.025
9-PKC017.71,PHOSPHORUS_TOTAL,0,0.013777777777777778,0.01,0.07
9-XBL000.20,PHOSPHORUS_TOTAL,0.02,0.02875,0.03,0.06
1BCRO009.19,TSS,3,3.2093023255813953,3,8
1BCRO009.79,TSS,3,3.1627906976744184,3,7
1BXCE000.63,TSS,3,3.302325581395349,3,14
2-JKS044.60,TSS,1,3.8518518518518516,3.3333333333333335,8.666666666666666
2-JKS046.40,TSS,1,4.611111111111111,3.6666666666666665,14.5
2-JKS048.90,TSS,1.5,6.285714285714286,5,30.5
2-JKS053.48,TSS,1,6.850574712643678,5,29
2-XDD000.40,TSS,1,40.15942028985507,22,423
4ABSA000.62,TSS,1,3.9375,3,13.333333333333334
4ABWR002.50,TSS,1,4.153225806451613,3.416666666666667,12.333333333333334
4ABWR010.55,TSS,0.8333333333333334,6.388888888888889,5,37.333333333333336
4ABWR017.42,TSS,3,13.182539682539682,10.5,36.666666666666664
4ACCK001.80,TSS,1,4.241228070175438,3,32
4ACOA000.60,TSS,1,4.531531531531532,3.6666666666666665,23.5
4AGIL002.39,TSS,1,7.890070921985815,6.666666666666667,46.333333333333336
4AROA140.66,TSS,0,5.253968253968254,4.333333333333334,30
4AROA145.34,TSS,3,7.9393939393939394,7.5,14.333333333333334
4AROA153.59,TSS,3,8.066666666666666,6,49
4AROA158.22,TSS,1,4.278846153846154,3,32.333333333333336
4AROA163.76,TSS,1,3.801470588235294,3,22.666666666666668
4AROA167.34,TSS,1,4.173913043478261,3.166666666666667,21.666666666666668
4AROA175.63,TSS,2,5.067164179104478,5,11
4AROA180.21,TSS,1.3333333333333333,6.163043478260869,5.166666666666666,14
4AROA183.64,TSS,2,9.342261904761905,5.583333333333334,97
4AROA192.55,TSS,3,13.5125,11,114
4AROA192.94,TSS,3,11.726666666666667,9.5,86
4AROA196.05,TSS,1,16,9,141
4ASRE046.90,TSS,0,3.2546296296296298,3,7
4ASRE048.98,TSS,1.5,4.03125,3.166666666666667,15.5
4ASRE052.31,TSS,1.5,5.327586206896552,4,18.333333333333332
4ASRE056.06,TSS,2.5,6.238738738738738,5,21.5
4AWTH000.40,TSS,1,3.3846153846153846,3,14.333333333333334
5ASRN000.66,TSS,2,27.541666666666668,11,187
6ACNR000.00,TSS,1,5.746666666666667,5,73
6APNR008.15,TSS,1,27.83974358974359,5,1272
9-NEW087.14,TSS,0,4.958874458874459,4,24
9-NEW089.34,TSS,1,5.374149659863946,4.666666666666667,33.333333333333336
9-NEW092.66,TSS,0,5.757309941520468,4.666666666666667,30.333333333333332
9-NEW098.32,TSS,1,6.768518518518518,5,33
9-PKC000.00,TSS,1.3333333333333333,5.975694444444445,4.666666666666667,32.666666666666664
9-PKC004.16,TSS,1,5.6521739130434785,5,20
2-APP026.51,DIN,0.03,0.15863636363636366,0.15000000000000002,0.31
2-APP028.58,DIN,0.04,0.15965517241379312,0.15000000000000002,0.32
2-APP029.23,DIN,0.04,0.2324,0.2,1.28
2-JKS044.60,DIN,0.01,0.1778095238095238,0.13,0.5
2-JKS046.40,DIN,-0.01,0.166,0.12,0.47
2-JKS048.90,DIN,-0.02,0.15568627450980393,0.13666666666666666,0.3766666666666667
2-JKS053.48,DIN,0,0.10936781609195402,0.08,0.28
2-SFT034.11,DIN,0.06,0.18037037037037038,0.15000000000000002,1.16
2-XDD000.40,DIN,0,2.506164383561644,0.87,18.94
4ABOW000.11,DIN,0.02,0.10142857142857144,0.11,0.15000000000000002
4ABOW001.43,DIN,0.02,0.1125925925925926,0.11,0.29000000000000004
4ABSA000.62,DIN,0.02,0.4586585365853658,0.21666666666666667,8.709999999999999
4ABWR002.50,DIN,0,0.25695767195767194,0.2733333333333333,0.65
4ABWR010.55,DIN,0.01,0.3033636363636364,0.3333333333333333,0.6666666666666666
4ABWR017.42,DIN,0.01,0.3148550724637681,0.275,1.0699999999999998
4ACCK001.80,DIN,0.04,0.19942857142857143,0.18000000000000002,0.46
4ACOA000.60,DIN,0.03,0.2363963963963964,0.24666666666666667,0.4866666666666667
4AGIL002.39,DIN,0.01,0.1883986928104575,0.175,0.4766666666666667
4AGOB000.03,DIN,0.02,0.11111111111111112,0.11,0.23
4AGOB000.96,DIN,0.02,0.10807692307692308,0.11,0.15000000000000002
4AGRA003.22,DIN,0.02,0.13305555555555557,0.11,0.35
4AROA018.36,DIN,0,0.10967741935483871,0.11,0.18
4AROA019.95,DIN,0.02,0.12774193548387097,0.11,0.33
4AROA027.02,DIN,0.02,0.12222222222222223,0.11,0.23
4AROA030.43,DIN,0.02,0.1303225806451613,0.15000000000000002,0.2
4AROA034.41,DIN,0.02,0.1707142857142857,0.15000000000000002,0.54
4AROA038.49,DIN,0,0.14170212765957446,0.11,0.41
4AROA041.13,DIN,0.02,0.17482758620689656,0.15000000000000002,0.39
4AROA046.34,DIN,0.05,0.2703448275862069,0.28,0.5700000000000001
4AROA140.66,DIN,0,0.2246031746031746,0.17833333333333332,0.7000000000000001
4AROA145.34,DIN,0.04,0.2426111111111111,0.22999999999999998,0.4966666666666667
4AROA153.59,DIN,0.13,0.2836666666666667,0.265,0.56
4AROA158.22,DIN,0.04,0.2674829931972789,0.24,0.6533333333333333
4AROA163.76,DIN,0,0.24369230769230768,0.2,0.83
4AROA167.34,DIN,0.03,0.24627906976744185,0.26,0.49666666666666665
4AROA175.63,DIN,0,0.2831340579710145,0.25,1.01
4AROA180.21,DIN,0.02,0.365968992248062,0.3933333333333333,0.82
4AROA183.64,DIN,0.04,0.4920679012345679,0.4716666666666667,1.0133333333333334
4AROA192.55,DIN,0.08,0.9374691358024692,0.925,2.9499999999999997
4AROA192.94,DIN,0.62,3.4800709219858157,1.35,99.64
4AROA196.05,DIN,0.07,1.715,1.79,4.0200000000000005
4ASRE046.90,DIN,0,0.12166666666666667,0.11,0.33666666666666667
4ASRE048.93,DIN,0.02,0.10444444444444445,0.11,0.2
4ASRE048.98,DIN,0.01,0.12635416666666668,0.08,0.3833333333333333
4ASRE049.87,DIN,0.02,0.10555555555555557,0.11,0.15000000000000002
4ASRE051.06,DIN,0.02,0.10592592592592594,0.11,0.15000000000000002
4ASRE052.31,DIN,0,0.1364367816091954,0.08,0.35
4ASRE052.95,DIN,0.02,0.10142857142857144,0.11,0.15000000000000002
4ASRE055.09,DIN,0.02,0.10464285714285715,0.11,0.15000000000000002
4ASRE056.06,DIN,0,0.10144144144144145,0.08,0.33333333333333337
4AWTH000.40,DIN,0.08,0.20064814814814816,0.18833333333333332,0.39666666666666667
5ASRN000.66,DIN,0.01,0.4216981132075472,0.21,2.52
6ACNR000.00,DIN,0.08,0.21073529411764708,0.185,0.47
6APNR008.15,DIN,0.11,0.21555555555555556,0.15000000000000002,0.8200000000000001
9-NEW087.14,DIN,0.03,0.3794649122807018,0.39,0.89
9-NEW089.34,DIN,0.02,0.4061990049751244,0.37,4.34
9-NEW092.66,DIN,0.04,0.4093482587064677,0.37,0.8700000000000001
9-NEW098.32,DIN,0.06999999999999999,0.34638361266294226,0.33,0.7
9-NEW100.54,DIN,0.09333333333333332,0.4776666666666667,0.3533333333333334,1.8033333333333337
9-PKC000.00,DIN,0.04,0.38742857142857146,0.36,0.9666666666666668
9-PKC004.16,DIN,0.03,0.24556250000000002,0.2025,0.785
