Variable,STATION_ID,Month,Mean,Min,Max,Nobs
SECCHI_DEPTH,1BCRO009.19,5,3.684615384615385,2,6.6,14
SECCHI_DEPTH,1BCRO009.19,6,3.4857142857142858,1.7,5.7,15
SECCHI_DEPTH,1BCRO009.19,7,3.8071428571428574,1.8,8.3,16
SECCHI_DEPTH,1BCRO009.19,8,3.82,2.4,7.6,16
SECCHI_DEPTH,1BCRO009.19,9,3.216666666666667,2,4.4,14
SECCHI_DEPTH,1BCRO009.19,10,3.146153846153846,0.9,6.1,13
SECCHI_DEPTH,1BCRO009.79,5,3.225,1.5,4.8,14
SECCHI_DEPTH,1BCRO009.79,6,2.992857142857143,1.7,3.9,15
SECCHI_DEPTH,1BCRO009.79,7,3.28,2,6.1,16
SECCHI_DEPTH,1BCRO009.79,8,3.4714285714285715,2.4,5.3,16
SECCHI_DEPTH,1BCRO009.79,9,3.023076923076923,1.5,4.7,14
SECCHI_DEPTH,1BCRO009.79,10,3.0166666666666666,1,5.4,13
SECCHI_DEPTH,1BXCE000.63,5,2.775,1.5,4.1,14
SECCHI_DEPTH,1BXCE000.63,6,2.7,1.5,4.3,15
SECCHI_DEPTH,1BXCE000.63,7,3.006666666666667,1.6,4.8,16
SECCHI_DEPTH,1BXCE000.63,8,3.12,2.3,4.6,16
SECCHI_DEPTH,1BXCE000.63,9,2.8333333333333335,1.6,4.6,14
SECCHI_DEPTH,1BXCE000.63,10,2.4833333333333334,0.5,3.6,13
SECCHI_DEPTH,4ABSA000.62,5,2.552380952380952,1.6,4.7,23
SECCHI_DEPTH,4ABSA000.62,6,3.286363636363636,1.8,6.2,31
SECCHI_DEPTH,4ABSA000.62,7,3.0375,2,4.1,25
SECCHI_DEPTH,4ABSA000.62,8,2.482608695652174,0.9,3.5,31
SECCHI_DEPTH,4ABSA000.62,9,2.465,1.2,3.5,20
SECCHI_DEPTH,4ABSA000.62,10,2.73,1.8,4,28
SECCHI_DEPTH,4ABWR002.50,5,2.5428571428571427,1.4,3.7,25
SECCHI_DEPTH,4ABWR002.50,6,3.4458333333333333,1.8,6.4,35
SECCHI_DEPTH,4ABWR002.50,7,3.1043478260869564,2.2,4,27
SECCHI_DEPTH,4ABWR002.50,8,2.504,0.9,3.5,33
SECCHI_DEPTH,4ABWR002.50,9,2.555,1.5,3.7,22
SECCHI_DEPTH,4ABWR002.50,10,2.738095238095238,1.5,3.7,31
SECCHI_DEPTH,4ABWR010.55,5,1.7904761904761906,1.2,2.7,25
SECCHI_DEPTH,4ABWR010.55,6,2.0541666666666667,0.8,3,34
SECCHI_DEPTH,4ABWR010.55,7,1.8458333333333332,0.8,2.8,27
SECCHI_DEPTH,4ABWR010.55,8,1.752,0.9,2.5,35
SECCHI_DEPTH,4ABWR010.55,9,1.795,0.7,3.5,22
SECCHI_DEPTH,4ABWR010.55,10,2.18,0.6,3.1,30
SECCHI_DEPTH,4ABWR017.42,5,0.98,0.2,2,25
SECCHI_DEPTH,4ABWR017.42,6,0.8909090909090909,0.1,1.5,31
SECCHI_DEPTH,4ABWR017.42,7,0.9391304347826087,0.5,1.2,27
SECCHI_DEPTH,4ABWR017.42,8,1.084,0.5,2,31
SECCHI_DEPTH,4ABWR017.42,9,1.12,0.5,2,22
SECCHI_DEPTH,4ABWR017.42,10,1.2947368421052632,0.7,1.7,28
SECCHI_DEPTH,4ACCK001.80,5,2.659090909090909,1.5,4.4,25
SECCHI_DEPTH,4ACCK001.80,6,3.28,1.5,6.5,30
SECCHI_DEPTH,4ACCK001.80,7,3.38,2.1,4.4,25
SECCHI_DEPTH,4ACCK001.80,8,2.966666666666667,1.9,4.1,27
SECCHI_DEPTH,4ACCK001.80,9,3,1.7,4.5,26
SECCHI_DEPTH,4ACCK001.80,10,3.1055555555555556,2.2,4,24
SECCHI_DEPTH,4ACOA000.60,5,2.555,1.4,4.1,24
SECCHI_DEPTH,4ACOA000.60,6,3.425,2.1,6,31
SECCHI_DEPTH,4ACOA000.60,7,3.2583333333333333,2.6,4.2,25
SECCHI_DEPTH,4ACOA000.60,8,2.596,1,3.7,29
SECCHI_DEPTH,4ACOA000.60,9,2.595,1.5,4,20
SECCHI_DEPTH,4ACOA000.60,10,2.780952380952381,1.9,3.5,27
SECCHI_DEPTH,4AGIL002.39,5,1.6761904761904762,0.8,2.4,25
SECCHI_DEPTH,4AGIL002.39,6,2.0956521739130434,1.2,3.6,33
SECCHI_DEPTH,4AGIL002.39,7,1.7565217391304349,0.9,2.5,27
SECCHI_DEPTH,4AGIL002.39,8,1.6791666666666667,0.9,2.4,33
SECCHI_DEPTH,4AGIL002.39,9,1.8666666666666667,1,2.8,22
SECCHI_DEPTH,4AGIL002.39,10,2.02,0.6,3,29
SECCHI_DEPTH,4AROA140.66,5,1.8,0.6,3,21
SECCHI_DEPTH,4AROA140.66,6,2.1,0.5,4.9,20
SECCHI_DEPTH,4AROA140.66,7,2.0294117647058822,1.5,3,21
SECCHI_DEPTH,4AROA140.66,8,1.976923076923077,1.1,2.8,20
SECCHI_DEPTH,4AROA140.66,9,1.876923076923077,1,2.8,18
SECCHI_DEPTH,4AROA140.66,10,1.5571428571428572,1,2.4,18
SECCHI_DEPTH,4AROA145.34,5,1.3857142857142857,0.3,2,20
SECCHI_DEPTH,4AROA145.34,6,1.4307692307692308,0.4,1.9,19
SECCHI_DEPTH,4AROA145.34,7,1.78125,0.9,2.5,21
SECCHI_DEPTH,4AROA145.34,8,1.676923076923077,1,2.4,19
SECCHI_DEPTH,4AROA145.34,9,1.48,1,2.1,19
SECCHI_DEPTH,4AROA145.34,10,1.1307692307692307,0.4,1.7,18
SECCHI_DEPTH,4AROA158.22,5,2.880952380952381,1.5,4.5,26
SECCHI_DEPTH,4AROA158.22,6,3.548,1.5,6.4,35
SECCHI_DEPTH,4AROA158.22,7,3.204,1.7,4.2,25
SECCHI_DEPTH,4AROA158.22,8,2.9583333333333335,2,4.5,33
SECCHI_DEPTH,4AROA158.22,9,2.728,1.5,4.6,25
SECCHI_DEPTH,4AROA158.22,10,3.0210526315789474,1.8,4.3,28
SECCHI_DEPTH,4AROA163.76,5,2.4909090909090907,1.1,4.2,26
SECCHI_DEPTH,4AROA163.76,6,3.5375,1.8,6.5,36
SECCHI_DEPTH,4AROA163.76,7,3.2666666666666666,2.4,4.5,25
SECCHI_DEPTH,4AROA163.76,8,2.608,1.3,3.5,35
SECCHI_DEPTH,4AROA163.76,9,2.7083333333333335,1.4,4,25
SECCHI_DEPTH,4AROA163.76,10,2.888235294117647,1.9,4,29
SECCHI_DEPTH,4AROA167.34,5,2.359090909090909,1.1,4,25
SECCHI_DEPTH,4AROA167.34,6,3.216,1.6,6.1,33
SECCHI_DEPTH,4AROA167.34,7,2.848,1.7,4.1,25
SECCHI_DEPTH,4AROA167.34,8,2.3043478260869565,1,3.3,31
SECCHI_DEPTH,4AROA167.34,9,2.384,1.3,4.2,26
SECCHI_DEPTH,4AROA167.34,10,2.610526315789474,1.4,3.9,26
SECCHI_DEPTH,4AROA175.63,5,1.8285714285714285,1.1,3,28
SECCHI_DEPTH,4AROA175.63,6,1.952,1.1,2.9,43
SECCHI_DEPTH,4AROA175.63,7,1.5769230769230769,1.1,2.1,31
SECCHI_DEPTH,4AROA175.63,8,1.3807692307692307,0.9,2.2,44
SECCHI_DEPTH,4AROA175.63,9,1.3956521739130434,0.8,2.3,27
SECCHI_DEPTH,4AROA175.63,10,2.057142857142857,1.1,3,36
SECCHI_DEPTH,4AROA180.21,5,1.7285714285714286,0.6,2.7,24
SECCHI_DEPTH,4AROA180.21,6,1.58,0.9,2.4,34
SECCHI_DEPTH,4AROA180.21,7,1.3519999999999999,1.2,1.8,25
SECCHI_DEPTH,4AROA180.21,8,1.168,0.7,1.6,34
SECCHI_DEPTH,4AROA180.21,9,1.3,0.5,2,23
SECCHI_DEPTH,4AROA180.21,10,1.9142857142857144,1,2.9,29
SECCHI_DEPTH,4AROA183.64,5,1.54,0.5,2.4,25
SECCHI_DEPTH,4AROA183.64,6,1.508,1,2.1,38
SECCHI_DEPTH,4AROA183.64,7,1.308,1,1.7,25
SECCHI_DEPTH,4AROA183.64,8,1.06,0.6,1.8,37
SECCHI_DEPTH,4AROA183.64,9,1.1478260869565218,0.5,1.8,23
SECCHI_DEPTH,4AROA183.64,10,1.6047619047619048,0.6,2.9,32
SECCHI_DEPTH,4AROA192.94,5,0.819047619047619,0.2,1.3,25
SECCHI_DEPTH,4AROA192.94,6,0.804,0.4,1.3,35
SECCHI_DEPTH,4AROA192.94,7,0.7576923076923077,0.2,1.1,26
SECCHI_DEPTH,4AROA192.94,8,0.812,0.2,1.3,35
SECCHI_DEPTH,4AROA192.94,9,0.8090909090909091,0.5,1.2,23
SECCHI_DEPTH,4AROA192.94,10,0.7666666666666667,0.2,1.2,30
SECCHI_DEPTH,4AROA196.05,5,1.14375,0.1,1.9,24
SECCHI_DEPTH,4AROA196.05,6,0.9368421052631579,0.2,1.7,37
SECCHI_DEPTH,4AROA196.05,7,0.9045454545454545,0.1,2.4,25
SECCHI_DEPTH,4AROA196.05,8,0.861904761904762,0.1,1.5,39
SECCHI_DEPTH,4AROA196.05,9,1.035,0.5,1.7,24
SECCHI_DEPTH,4AROA196.05,10,1.04,0.2,2.4,33
SECCHI_DEPTH,4ASRE048.98,5,2.9307692307692306,1.6,3.9,17
SECCHI_DEPTH,4ASRE048.98,6,3.1416666666666666,2.6,4.1,16
SECCHI_DEPTH,4ASRE048.98,7,3.0714285714285716,1.5,4.1,16
SECCHI_DEPTH,4ASRE048.98,8,2.6285714285714286,2,3.4,15
SECCHI_DEPTH,4ASRE048.98,9,3.1083333333333334,2.1,3.8,14
SECCHI_DEPTH,4ASRE048.98,10,3.118181818181818,1.4,4.5,14
SECCHI_DEPTH,4ASRE056.06,5,2.375,1.5,3.1,21
SECCHI_DEPTH,4ASRE056.06,6,2.475,1.3,3.7,17
SECCHI_DEPTH,4ASRE056.06,7,2.435714285714286,1.7,3.1,18
SECCHI_DEPTH,4ASRE056.06,8,2.2642857142857142,1.5,2.9,17
SECCHI_DEPTH,4ASRE056.06,9,2.481818181818182,2,2.9,15
SECCHI_DEPTH,4ASRE056.06,10,2.4545454545454546,1.6,3.6,15
SECCHI_DEPTH,4AWTH000.40,5,2.81,1.7,4.4,25
SECCHI_DEPTH,4AWTH000.40,6,3.412,2.2,6.1,31
SECCHI_DEPTH,4AWTH000.40,7,3.275,1.5,4.6,25
SECCHI_DEPTH,4AWTH000.40,8,2.828,1.8,4,29
SECCHI_DEPTH,4AWTH000.40,9,2.9458333333333333,1.8,4.6,25
SECCHI_DEPTH,4AWTH000.40,10,3.0473684210526315,2.1,4.2,24
SECCHI_DEPTH,8-NAR047.69,5,1.91875,1.4,2.6,16
SECCHI_DEPTH,8-NAR047.69,6,2.088888888888889,1.2,3,19
SECCHI_DEPTH,8-NAR047.69,7,2.05,1.2,2.8,18
SECCHI_DEPTH,8-NAR047.69,8,1.61,1,2.3,21
SECCHI_DEPTH,8-NAR047.69,9,1.55625,0.8,2.3,16
SECCHI_DEPTH,8-NAR047.69,10,1.6444444444444444,1,2.8,19
SECCHI_DEPTH,8-NAR054.17,5,0.9636363636363636,0.5,1.4,11
SECCHI_DEPTH,8-NAR054.17,6,0.9833333333333333,0.3,1.5,18
SECCHI_DEPTH,8-NAR054.17,7,0.89375,0.5,1.5,17
SECCHI_DEPTH,8-NAR054.17,8,0.8666666666666667,0.6,1.3,18
SECCHI_DEPTH,8-NAR054.17,9,0.8857142857142857,0.5,1.3,14
SECCHI_DEPTH,8-NAR054.17,10,0.9375,0.8,1.3,16
SECCHI_DEPTH,9-NEW087.14,5,2.2181818181818183,1.2,3.7,31
SECCHI_DEPTH,9-NEW087.14,6,2.0285714285714285,1,3.9,36
SECCHI_DEPTH,9-NEW087.14,7,1.8695652173913044,1.3,3,33
SECCHI_DEPTH,9-NEW087.14,8,1.9375,1.2,3.1,38
SECCHI_DEPTH,9-NEW087.14,9,2.4952380952380953,1.5,4.1,28
SECCHI_DEPTH,9-NEW087.14,10,2.37,0.3,3.5,33
SECCHI_DEPTH,9-NEW089.34,5,2.2666666666666666,1.2,3.2,31
SECCHI_DEPTH,9-NEW089.34,6,1.95,1,3.4,34
SECCHI_DEPTH,9-NEW089.34,7,1.7434782608695651,1.1,2.5,33
SECCHI_DEPTH,9-NEW089.34,8,1.8375,1.2,3,38
SECCHI_DEPTH,9-NEW089.34,9,2.3095238095238098,1.4,3.2,28
SECCHI_DEPTH,9-NEW089.34,10,2.4050000000000002,0.3,3.4,32
SECCHI_DEPTH,9-NEW092.66,5,1.7565217391304349,1,2.8,30
SECCHI_DEPTH,9-NEW092.66,6,1.882608695652174,1.2,2.7,34
SECCHI_DEPTH,9-NEW092.66,7,1.8478260869565217,1.3,2.8,33
SECCHI_DEPTH,9-NEW092.66,8,1.8884615384615384,0.8,2.7,38
SECCHI_DEPTH,9-NEW092.66,9,2.2894736842105265,1.5,3.5,29
SECCHI_DEPTH,9-NEW092.66,10,2.323809523809524,0.3,3.5,32
SECCHI_DEPTH,9-NEW098.32,5,1,0.4,1.6,62
SECCHI_DEPTH,9-NEW098.32,6,1.1590909090909092,0.5,2,60
SECCHI_DEPTH,9-NEW098.32,7,1.5291666666666668,0.9,2.2,65
SECCHI_DEPTH,9-NEW098.32,8,1.552,0.8,2.2,59
SECCHI_DEPTH,9-NEW098.32,9,1.4666666666666666,0.6,2.3,58
SECCHI_DEPTH,9-NEW098.32,10,1.6285714285714286,0.1,2.7,59
SECCHI_DEPTH,9-PKC000.00,5,1.8590909090909091,1,2.4,27
SECCHI_DEPTH,9-PKC000.00,6,1.723809523809524,1.2,2.1,31
SECCHI_DEPTH,9-PKC000.00,7,1.85,1.3,3.1,29
SECCHI_DEPTH,9-PKC000.00,8,1.82,0.7,2.9,32
SECCHI_DEPTH,9-PKC000.00,9,2.142857142857143,1.3,3.7,24
SECCHI_DEPTH,9-PKC000.00,10,2.2666666666666666,0.3,3.4,28
SECCHI_DEPTH,9-PKC004.16,5,1.5043478260869565,1,2,27
SECCHI_DEPTH,9-PKC004.16,6,1.5434782608695652,0.5,2.6,29
SECCHI_DEPTH,9-PKC004.16,7,1.4041666666666666,1,2.3,29
SECCHI_DEPTH,9-PKC004.16,8,1.4153846153846155,0.7,1.9,32
SECCHI_DEPTH,9-PKC004.16,9,1.5714285714285714,0.9,2.8,24
SECCHI_DEPTH,9-PKC004.16,10,1.957142857142857,0.5,3.9,28
CHLa,1BCRO009.19,5,4.1814285714285715,0.5,12.71,14
CHLa,1BCRO009.19,6,2.798,1.34,5.29,15
CHLa,1BCRO009.19,7,3.5435714285714286,0.78,13.67,16
CHLa,1BCRO009.19,8,3.541875,1.16,5.89,16
CHLa,1BCRO009.19,9,5.259285714285714,2.62,11.14,14
CHLa,1BCRO009.19,10,8.602307692307692,1.07,44.13,13
CHLa,1BCRO009.79,5,4.066428571428571,1.46,10.75,14
CHLa,1BCRO009.79,6,3.256,0.52,6.55,15
CHLa,1BCRO009.79,7,4.030714285714286,1.03,12.89,16
CHLa,1BCRO009.79,8,3.85125,1.35,8.22,16
CHLa,1BCRO009.79,9,4.899285714285714,2.83,8.74,14
CHLa,1BCRO009.79,10,8.833076923076923,1.58,41.62,13
CHLa,1BXCE000.63,5,6.821428571428571,2.3,17.4,14
CHLa,1BXCE000.63,6,4.497333333333334,1.82,10.3,15
CHLa,1BXCE000.63,7,4.941428571428571,1.34,17.6,16
CHLa,1BXCE000.63,8,5.296875,2.99,8.44,16
CHLa,1BXCE000.63,9,6.35,3.7,10.7,14
CHLa,1BXCE000.63,10,15.513846153846153,1.41,127.27,13
CHLa,4ABSA000.62,5,2.670909090909091,0.62,5.68,23
CHLa,4ABSA000.62,6,1.9041666666666668,0.52,3.92,31
CHLa,4ABSA000.62,7,1.9376,1.26,4.29,25
CHLa,4ABSA000.62,8,3.3312,1.21,15.24,31
CHLa,4ABSA000.62,9,3.447,1.01,8.19,20
CHLa,4ABSA000.62,10,2.85875,0.11,7.65,28
CHLa,4ABWR002.50,5,2.6986363636363637,0.64,6.32,25
CHLa,4ABWR002.50,6,1.6533333333333333,0.46,3.58,35
CHLa,4ABWR002.50,7,1.8719999999999999,0.68,5.13,27
CHLa,4ABWR002.50,8,2.9483333333333333,1.28,5.96,33
CHLa,4ABWR002.50,9,3.334,1.12,9.81,22
CHLa,4ABWR002.50,10,2.721052631578947,0.04,6.87,31
CHLa,4ABWR010.55,5,4.2,1.12,10.8,25
CHLa,4ABWR010.55,6,4.7928,0.71,32.6,34
CHLa,4ABWR010.55,7,4.8192,1.46,12.5,27
CHLa,4ABWR010.55,8,5.1124,0,13.2,35
CHLa,4ABWR010.55,9,4.9995,1.44,9.74,22
CHLa,4ABWR010.55,10,4.342631578947368,1.37,9.65,30
CHLa,4ABWR017.42,5,10.485,2.72,24.2,25
CHLa,4ABWR017.42,6,11.853478260869565,2.05,20.8,31
CHLa,4ABWR017.42,7,16.756,5.39,34.1,27
CHLa,4ABWR017.42,8,15.269166666666667,5.89,24.8,31
CHLa,4ABWR017.42,9,14.5645,10.3,20.5,22
CHLa,4ABWR017.42,10,10.3625,3.52,28.6,28
CHLa,4ACCK001.80,5,2.5269565217391303,0.52,5.14,25
CHLa,4ACCK001.80,6,1.3452,0.41,3.67,30
CHLa,4ACCK001.80,7,1.2356,0.62,3.05,25
CHLa,4ACCK001.80,8,1.7730434782608695,0.73,4.32,27
CHLa,4ACCK001.80,9,2.3954166666666667,0.98,5.07,26
CHLa,4ACCK001.80,10,1.4633333333333334,0.5,2.63,24
CHLa,4ACOA000.60,5,2.603181818181818,0.96,5.7,24
CHLa,4ACOA000.60,6,1.4708333333333334,0.55,3.24,31
CHLa,4ACOA000.60,7,2.108,1.16,7.81,25
CHLa,4ACOA000.60,8,2.77875,1.05,5.27,29
CHLa,4ACOA000.60,9,3.5875,1.07,16.77,20
CHLa,4ACOA000.60,10,2.868157894736842,0.09,7.49,27
CHLa,4AGIL002.39,5,4.72,1.78,9.36,25
CHLa,4AGIL002.39,6,4.3188,1.1,23.57,33
CHLa,4AGIL002.39,7,5.23,1.69,11.43,27
CHLa,4AGIL002.39,8,5.3396,2.87,9.24,33
CHLa,4AGIL002.39,9,4.637,0.93,11.7,22
CHLa,4AGIL002.39,10,4.310789473684211,1.53,11.13,29
CHLa,4AROA038.49,5,9.98,1.32,20.2,20
CHLa,4AROA038.49,6,13.111428571428572,0.5,29.56,20
CHLa,4AROA038.49,7,15.282666666666668,8.13,23.28,24
CHLa,4AROA038.49,8,13.186666666666667,4.79,25.22,22
CHLa,4AROA038.49,9,16.12102564102564,10,23.6,18
CHLa,4AROA038.49,10,12.287272727272727,1.48,29.05,14
CHLa,4AROA140.66,5,4.733333333333333,1.34,11.67,21
CHLa,4AROA140.66,6,3.643529411764706,0.66,15.89,20
CHLa,4AROA140.66,7,3.4025,1.28,6.64,21
CHLa,4AROA140.66,8,4.55,1.58,7.67,20
CHLa,4AROA140.66,9,5.235,0.93,15.2,18
CHLa,4AROA140.66,10,4.197857142857143,0.73,10.4,18
CHLa,4AROA145.34,5,3.396904761904762,1.55,7.81,20
CHLa,4AROA145.34,6,4.45625,0.5,12.6,19
CHLa,4AROA145.34,7,5.2368749999999995,2.51,9.52,21
CHLa,4AROA145.34,8,6.266666666666667,2.12,13.7,19
CHLa,4AROA145.34,9,6.609333333333334,2.69,13.4,19
CHLa,4AROA145.34,10,5.271428571428571,0.87,10.4,18
CHLa,4AROA158.22,5,3.02,0.82,10.5,26
CHLa,4AROA158.22,6,1.5757692307692308,0.32,4.16,35
CHLa,4AROA158.22,7,1.6488,1.07,2.58,25
CHLa,4AROA158.22,8,2.516,0.84,4.88,33
CHLa,4AROA158.22,9,2.8033333333333332,0.85,5.41,25
CHLa,4AROA158.22,10,1.6121052631578947,0.5,4.21,28
CHLa,4AROA163.76,5,3.301304347826087,1.12,8.81,26
CHLa,4AROA163.76,6,1.9188461538461539,0.5,11.2,36
CHLa,4AROA163.76,7,1.7608,0.5,3.28,25
CHLa,4AROA163.76,8,3.1192307692307693,0.75,9.9,35
CHLa,4AROA163.76,9,3.472272727272727,0.96,9.22,25
CHLa,4AROA163.76,10,2.241578947368421,0.5,6.48,29
CHLa,4AROA167.34,5,3.346363636363636,0.87,8.03,25
CHLa,4AROA167.34,6,1.6557692307692309,0.5,3.95,33
CHLa,4AROA167.34,7,2.19,0.93,3.67,25
CHLa,4AROA167.34,8,3.6268,0,12.41,31
CHLa,4AROA167.34,9,4.477826086956521,1.23,13.37,26
CHLa,4AROA167.34,10,3.159473684210526,0.5,11.2,26
CHLa,4AROA175.63,5,6.1761904761904765,0.75,36.9,28
CHLa,4AROA175.63,6,5.1428,1.09,9.4,43
CHLa,4AROA175.63,7,6.595769230769231,2.99,14.88,31
CHLa,4AROA175.63,8,11.796,3.76,23.48,44
CHLa,4AROA175.63,9,10.27695652173913,0.44,25.06,27
CHLa,4AROA175.63,10,5.401428571428571,0.75,16.3,36
CHLa,4AROA180.21,5,7.921904761904762,2.05,35.7,24
CHLa,4AROA180.21,6,7.1544,2.6,12.8,34
CHLa,4AROA180.21,7,9.973333333333333,5.62,15.6,25
CHLa,4AROA180.21,8,15.9316,3.84,29.4,34
CHLa,4AROA180.21,9,13.498260869565218,3.03,29.3,23
CHLa,4AROA180.21,10,6.363333333333333,1.32,21.4,29
CHLa,4AROA183.64,5,10.779047619047619,2.55,69.7,25
CHLa,4AROA183.64,6,8.449615384615385,0.75,15.2,38
CHLa,4AROA183.64,7,11.3928,0.5,20.8,25
CHLa,4AROA183.64,8,18.748846153846152,0,35.4,37
CHLa,4AROA183.64,9,15.857391304347827,0.23,36.6,23
CHLa,4AROA183.64,10,7.858636363636363,0.87,28,32
CHLa,4AROA192.94,5,1.4052380952380952,0.32,7.58,25
CHLa,4AROA192.94,6,7.7844444444444445,0.36,31.61,35
CHLa,4AROA192.94,7,11.32,0.59,27.7,26
CHLa,4AROA192.94,8,13.148,0,40.8,35
CHLa,4AROA192.94,9,11.371304347826086,0.82,44.11,23
CHLa,4AROA192.94,10,7.430454545454546,0.36,62.3,30
CHLa,4AROA196.05,5,0.66,0.25,1.58,24
CHLa,4AROA196.05,6,1.0830434782608696,0.37,5.62,37
CHLa,4AROA196.05,7,1.3881818181818182,0.37,5.68,25
CHLa,4AROA196.05,8,2.104090909090909,0.32,12.9,39
CHLa,4AROA196.05,9,1.4810526315789474,0.44,10,24
CHLa,4AROA196.05,10,0.8555,0.28,2.05,33
CHLa,4ASRE046.90,5,2.0930769230769233,0.55,4.92,18
CHLa,4ASRE046.90,6,1.5657142857142856,0.71,2.28,22
CHLa,4ASRE046.90,7,1.226,0.02,2.47,21
CHLa,4ASRE046.90,8,1.6684615384615384,0.66,3.33,23
CHLa,4ASRE046.90,9,2.2046153846153844,1.28,3.72,19
CHLa,4ASRE046.90,10,2.6759999999999997,1.64,5.27,17
CHLa,4ASRE048.98,5,2.1569230769230767,-0.16,6.54,17
CHLa,4ASRE048.98,6,1.4121428571428571,0.71,2.78,16
CHLa,4ASRE048.98,7,1.1146666666666667,0.66,1.78,16
CHLa,4ASRE048.98,8,1.366923076923077,0.55,2.9,15
CHLa,4ASRE048.98,9,2.249230769230769,1.25,4.83,14
CHLa,4ASRE048.98,10,2.811,1.73,6.39,14
CHLa,4AWTH000.40,5,3.219130434782609,1.07,18.6,25
CHLa,4AWTH000.40,6,1.5115384615384615,0.5,3.93,31
CHLa,4AWTH000.40,7,1.5168,0.73,2.67,25
CHLa,4AWTH000.40,8,2.4504,0.91,6.71,29
CHLa,4AWTH000.40,9,2.6708333333333334,0.91,5,25
CHLa,4AWTH000.40,10,1.8389684210526316,0.5,4.82,24
CHLa,8-NAR047.69,5,6.175333333333334,1.35,18.5,16
CHLa,8-NAR047.69,6,4.383684210526316,2.03,7.87,19
CHLa,8-NAR047.69,7,7.951388888888889,5.13,10,18
CHLa,8-NAR047.69,8,9.843508771929825,0.87,24.7,21
CHLa,8-NAR047.69,9,14.714375,6.69,29.5,16
CHLa,8-NAR047.69,10,9.136315789473684,2.72,22.29,19
CHLa,8-NAR054.17,5,20.878636363636364,8.26,56.25,11
CHLa,8-NAR054.17,6,14.958333333333334,7.35,26.6,18
CHLa,8-NAR054.17,7,23.538823529411765,13.4,36.1,17
CHLa,8-NAR054.17,8,23.582941176470587,9.99,36.7,18
CHLa,8-NAR054.17,9,24.429285714285715,12.2,48.7,14
CHLa,8-NAR054.17,10,17.951875,10.9,25.049999999999997,16
CHLa,9-NEW087.14,5,6.283478260869566,0.69,21.1,31
CHLa,9-NEW087.14,6,7.8184,0.59,21.4,36
CHLa,9-NEW087.14,7,9.649615384615384,4.15,21.56,33
CHLa,9-NEW087.14,8,8.667654320987655,0.87,28.1,38
CHLa,9-NEW087.14,9,5.170909090909091,0.94,13.1,28
CHLa,9-NEW087.14,10,3.203478260869565,0.87,5.73,33
CHLa,9-NEW089.34,5,5.318695652173913,1.44,14.95,31
CHLa,9-NEW089.34,6,7.6508,1.78,17,34
CHLa,9-NEW089.34,7,10.053846153846154,3.36,24.67,33
CHLa,9-NEW089.34,8,8.153703703703703,1.64,23.6,38
CHLa,9-NEW089.34,9,5.372272727272727,1.37,13.8,28
CHLa,9-NEW089.34,10,3.5904347826086958,0.82,8.42,32
CHLa,9-NEW092.66,5,5.215909090909091,1.44,16.79,30
CHLa,9-NEW092.66,6,7.1388,2.8,14.5,34
CHLa,9-NEW092.66,7,9.673076923076923,1.98,20.4,33
CHLa,9-NEW092.66,8,9.224814814814815,2.47,24.4,38
CHLa,9-NEW092.66,9,5.736818181818181,2.23,12.5,29
CHLa,9-NEW092.66,10,3.422173913043478,1.14,9.13,32
CHLa,9-NEW098.32,5,3.5943939393939397,0.55,12.71,62
CHLa,9-NEW098.32,6,6.302608695652174,0.91,13.63,60
CHLa,9-NEW098.32,7,8.746923076923077,2.71,20.5,65
CHLa,9-NEW098.32,8,9.167083333333334,3.2,30.9,59
CHLa,9-NEW098.32,9,9.180144927536231,4.153333333333333,30.1,58
CHLa,9-NEW098.32,10,7.009090909090909,0.94,17.78,59
CHLa,9-PKC000.00,5,6.110454545454545,2.26,17.87,27
CHLa,9-PKC000.00,6,8.1,3.31,20.01,31
CHLa,9-PKC000.00,7,9.23076923076923,2.14,19.35,29
CHLa,9-PKC000.00,8,8.0436,1.83,16.32,32
CHLa,9-PKC000.00,9,6.04,1.9,16.4,24
CHLa,9-PKC000.00,10,3.727826086956522,0.98,9.59,28
CHLa,9-PKC004.16,5,6.983333333333333,1.55,27.36,27
CHLa,9-PKC004.16,6,5.62875,1.19,18.14,29
CHLa,9-PKC004.16,7,11.585,1.83,37.77,29
CHLa,9-PKC004.16,8,11.4268,3.81,24.92,32
CHLa,9-PKC004.16,9,7.957727272727273,1.5,21.45,24
CHLa,9-PKC004.16,10,7.194347826086957,1.73,27.7,28
NITROGEN_TOTAL,4ABSA000.62,5,0.49236842105263157,0.3,0.7050000000000001,23
NITROGEN_TOTAL,4ABSA000.62,6,0.433421052631579,0.24,0.58,31
NITROGEN_TOTAL,4ABSA000.62,7,0.4088095238095238,0.22,0.575,25
NITROGEN_TOTAL,4ABSA000.62,8,0.38725,0.23,0.545,31
NITROGEN_TOTAL,4ABSA000.62,9,0.38166666666666665,0.22,0.495,20
NITROGEN_TOTAL,4ABSA000.62,10,0.3938235294117647,0.3,0.5650000000000001,28
NITROGEN_TOTAL,4ABWR002.50,5,0.5023684210526316,0.32,0.71,25
NITROGEN_TOTAL,4ABWR002.50,6,0.44825,0.25,0.685,35
NITROGEN_TOTAL,4ABWR002.50,7,0.4080952380952381,0.23,0.6,27
NITROGEN_TOTAL,4ABWR002.50,8,0.41375,0.22,0.71,33
NITROGEN_TOTAL,4ABWR002.50,9,0.38305555555555554,0.24,0.52,22
NITROGEN_TOTAL,4ABWR002.50,10,0.39647058823529413,0.3,0.475,31
NITROGEN_TOTAL,4ABWR010.55,5,0.5402631578947369,0.32,0.765,25
NITROGEN_TOTAL,4ABWR010.55,6,0.51975,0.26,0.705,34
NITROGEN_TOTAL,4ABWR010.55,7,0.46452380952380956,0.28,0.635,27
NITROGEN_TOTAL,4ABWR010.55,8,0.483,0.28,0.7,35
NITROGEN_TOTAL,4ABWR010.55,9,0.4791666666666667,0.3,0.7050000000000001,22
NITROGEN_TOTAL,4ABWR010.55,10,0.4802941176470588,0.27,0.73,30
NITROGEN_TOTAL,4ABWR017.42,5,0.8184210526315789,0.59,1.83,25
NITROGEN_TOTAL,4ABWR017.42,6,0.7415,0.55,1.21,31
NITROGEN_TOTAL,4ABWR017.42,7,0.5495238095238095,0.32,0.8,27
NITROGEN_TOTAL,4ABWR017.42,8,0.466,0.3,0.61,31
NITROGEN_TOTAL,4ABWR017.42,9,0.47555555555555556,0.32,0.71,22
NITROGEN_TOTAL,4ABWR017.42,10,0.47294117647058825,0.34,0.72,28
NITROGEN_TOTAL,4ACCK001.80,5,0.503,0.32,0.685,25
NITROGEN_TOTAL,4ACCK001.80,6,0.4765,0.24,0.64,30
NITROGEN_TOTAL,4ACCK001.80,7,0.4434090909090909,0.22,0.64,25
NITROGEN_TOTAL,4ACCK001.80,8,0.40900000000000003,0.2,0.615,27
NITROGEN_TOTAL,4ACCK001.80,9,0.3838095238095238,0.23,0.52,26
NITROGEN_TOTAL,4ACCK001.80,10,0.40700000000000003,0.29,0.51,24
NITROGEN_TOTAL,4ACOA000.60,5,0.5007894736842106,0.3,0.645,24
NITROGEN_TOTAL,4ACOA000.60,6,0.4625,0.25,0.645,31
NITROGEN_TOTAL,4ACOA000.60,7,0.415,0.24,0.62,25
NITROGEN_TOTAL,4ACOA000.60,8,0.40625,0.21,0.5599999999999999,29
NITROGEN_TOTAL,4ACOA000.60,9,0.42972222222222223,0.23,1.095,20
NITROGEN_TOTAL,4ACOA000.60,10,0.39323529411764707,0.28,0.525,27
NITROGEN_TOTAL,4AGIL002.39,5,0.47789473684210526,0.3,0.62,25
NITROGEN_TOTAL,4AGIL002.39,6,0.43925,0.26,0.615,33
NITROGEN_TOTAL,4AGIL002.39,7,0.4319047619047619,0.19,0.715,27
NITROGEN_TOTAL,4AGIL002.39,8,0.4125,0.02,0.605,33
NITROGEN_TOTAL,4AGIL002.39,9,0.4411111111111111,0.24,0.92,22
NITROGEN_TOTAL,4AGIL002.39,10,0.3811764705882353,0.27,0.62,29
NITROGEN_TOTAL,4AROA158.22,5,0.5295,0.34,0.6950000000000001,26
NITROGEN_TOTAL,4AROA158.22,6,0.48825,0.26,0.635,35
NITROGEN_TOTAL,4AROA158.22,7,0.47113636363636363,0.28,0.84,25
NITROGEN_TOTAL,4AROA158.22,8,0.4228571428571429,0.23,0.55,33
NITROGEN_TOTAL,4AROA158.22,9,0.4004761904761905,0.25,0.51,25
NITROGEN_TOTAL,4AROA158.22,10,0.4116666666666667,0.3,0.485,28
NITROGEN_TOTAL,4AROA163.76,5,0.5585,0.32,0.77,26
NITROGEN_TOTAL,4AROA163.76,6,0.50375,0.25,0.735,36
NITROGEN_TOTAL,4AROA163.76,7,0.48954545454545456,0.26,1.16,25
NITROGEN_TOTAL,4AROA163.76,8,0.41547619047619044,0.23,0.655,35
NITROGEN_TOTAL,4AROA163.76,9,0.4107142857142857,0.225,0.59,25
NITROGEN_TOTAL,4AROA163.76,10,0.43266666666666664,0.28,0.595,29
NITROGEN_TOTAL,4AROA167.34,5,0.62375,0.35,0.925,25
NITROGEN_TOTAL,4AROA167.34,6,0.5575,0.27,0.915,33
NITROGEN_TOTAL,4AROA167.34,7,0.49954545454545457,0.2,0.9,25
NITROGEN_TOTAL,4AROA167.34,8,0.45325,0.26,0.635,31
NITROGEN_TOTAL,4AROA167.34,9,0.4581818181818182,0.27,0.67,26
NITROGEN_TOTAL,4AROA167.34,10,0.4656666666666667,0.3,0.87,26
NITROGEN_TOTAL,4AROA175.63,5,0.9244736842105263,0.51,1.22,28
NITROGEN_TOTAL,4AROA175.63,6,0.7823809523809524,0.52,1.275,43
NITROGEN_TOTAL,4AROA175.63,7,0.595,0.38,0.8999999999999999,31
NITROGEN_TOTAL,4AROA175.63,8,0.5479545454545455,0.37,0.81,44
NITROGEN_TOTAL,4AROA175.63,9,0.5485,0.31,0.77,27
NITROGEN_TOTAL,4AROA175.63,10,0.6644444444444444,0.32,1.165,36
NITROGEN_TOTAL,4AROA180.21,5,1.0207894736842105,0.76,1.385,24
NITROGEN_TOTAL,4AROA180.21,6,0.8504761904761905,0.54,1.14,34
NITROGEN_TOTAL,4AROA180.21,7,0.6434090909090909,0.4,0.89,25
NITROGEN_TOTAL,4AROA180.21,8,0.6077272727272727,0.4,0.785,34
NITROGEN_TOTAL,4AROA180.21,9,0.65775,0.34,0.8899999999999999,23
NITROGEN_TOTAL,4AROA180.21,10,0.7633333333333333,0.35,1.22,29
NITROGEN_TOTAL,4AROA183.64,5,1.1131578947368421,0.79,1.47,25
NITROGEN_TOTAL,4AROA183.64,6,0.9273809523809524,0.65,1.2149999999999999,38
NITROGEN_TOTAL,4AROA183.64,7,0.7393181818181819,0.5,0.96,25
NITROGEN_TOTAL,4AROA183.64,8,0.7225,0.44,0.96,37
NITROGEN_TOTAL,4AROA183.64,9,0.6755,0.44,1.095,23
NITROGEN_TOTAL,4AROA183.64,10,0.9666666666666667,0.4,1.5,32
NITROGEN_TOTAL,4AROA192.94,5,1.5847368421052632,0.98,2.51,25
NITROGEN_TOTAL,4AROA192.94,6,1.6352380952380952,1.1,2.5,35
NITROGEN_TOTAL,4AROA192.94,7,1.7331818181818182,1,3.01,26
NITROGEN_TOTAL,4AROA192.94,8,2.039090909090909,1.2,3.45,35
NITROGEN_TOTAL,4AROA192.94,9,2.3225000000000002,1.28,3.66,23
NITROGEN_TOTAL,4AROA192.94,10,2.1705555555555556,1.22,3.56,30
NITROGEN_TOTAL,4AROA196.05,5,1.6206666666666667,1.15,3.33,24
NITROGEN_TOTAL,4AROA196.05,6,1.791875,1.32,2.84,37
NITROGEN_TOTAL,4AROA196.05,7,2.1573684210526314,1.09,4.22,25
NITROGEN_TOTAL,4AROA196.05,8,2.4477777777777776,1.19,4.17,39
NITROGEN_TOTAL,4AROA196.05,9,2.9341176470588235,1.55,5.21,24
NITROGEN_TOTAL,4AROA196.05,10,2.2275,1.22,3.86,33
NITROGEN_TOTAL,4AWTH000.40,5,0.5257499999999999,0.32,0.6599999999999999,25
NITROGEN_TOTAL,4AWTH000.40,6,0.48175,0.26,0.62,31
NITROGEN_TOTAL,4AWTH000.40,7,0.45454545454545453,0.26,0.62,25
NITROGEN_TOTAL,4AWTH000.40,8,0.4307142857142857,0.25,0.6000000000000001,29
NITROGEN_TOTAL,4AWTH000.40,9,0.3945238095238095,0.25,0.53,25
NITROGEN_TOTAL,4AWTH000.40,10,0.4033333333333333,0.24,0.495,24
NITROGEN_TOTAL,8-NAR047.69,5,0.42625,0.37,0.47,16
NITROGEN_TOTAL,8-NAR047.69,6,0.38916666666666666,0.325,0.47,19
NITROGEN_TOTAL,8-NAR047.69,7,0.35555555555555557,0.295,0.44,18
NITROGEN_TOTAL,8-NAR047.69,8,0.36875,0.32,0.53,21
NITROGEN_TOTAL,8-NAR047.69,9,0.3840625,0.32,0.53,16
NITROGEN_TOTAL,8-NAR047.69,10,0.405,0.33,0.52,19
NITROGEN_TOTAL,8-NAR054.17,5,0.6151515151515152,0.43,1.09,11
NITROGEN_TOTAL,8-NAR054.17,6,0.5275490196078432,0.41,0.7166666666666667,18
NITROGEN_TOTAL,8-NAR054.17,7,0.6465686274509804,0.44,1.185,17
NITROGEN_TOTAL,8-NAR054.17,8,0.6227450980392157,0.48,0.78,18
NITROGEN_TOTAL,8-NAR054.17,9,0.5589285714285714,0.38,0.97,14
NITROGEN_TOTAL,8-NAR054.17,10,0.5486666666666666,0.44,0.73,16
NITROGEN_TOTAL,9-NEW087.14,5,0.77925,0.49,0.9650000000000001,31
NITROGEN_TOTAL,9-NEW087.14,6,0.7073684210526316,0.43,1.025,36
NITROGEN_TOTAL,9-NEW087.14,7,0.6225,0.31,0.85,33
NITROGEN_TOTAL,9-NEW087.14,8,0.6076515151515152,0.31333333333333335,0.92,38
NITROGEN_TOTAL,9-NEW087.14,9,0.7222500000000001,0.4,1.1,28
NITROGEN_TOTAL,9-NEW087.14,10,0.7733333333333333,0.52,1.175,33
NITROGEN_TOTAL,9-NEW089.34,5,0.753,0.48,0.905,31
NITROGEN_TOTAL,9-NEW089.34,6,0.6852631578947368,0.52,1.025,34
NITROGEN_TOTAL,9-NEW089.34,7,0.5995454545454546,0.32,1.03,33
NITROGEN_TOTAL,9-NEW089.34,8,0.5902272727272727,0.36,0.8400000000000001,38
NITROGEN_TOTAL,9-NEW089.34,9,0.656,0.36,0.975,28
NITROGEN_TOTAL,9-NEW089.34,10,0.7438888888888889,0.53,1.12,32
NITROGEN_TOTAL,9-NEW092.66,5,0.7952631578947368,0.54,0.965,30
NITROGEN_TOTAL,9-NEW092.66,6,0.7544736842105263,0.5,0.925,34
NITROGEN_TOTAL,9-NEW092.66,7,0.639090909090909,0.27,1.025,33
NITROGEN_TOTAL,9-NEW092.66,8,0.6779545454545455,0.39,1.13,38
NITROGEN_TOTAL,9-NEW092.66,9,0.7484999999999999,0.37,1.2349999999999999,29
NITROGEN_TOTAL,9-NEW092.66,10,0.7474999999999999,0.51,1.04,32
NITROGEN_TOTAL,9-NEW098.32,5,0.7686206896551724,0.6,1.02,62
NITROGEN_TOTAL,9-NEW098.32,6,0.7904,0.64,1.05,60
NITROGEN_TOTAL,9-NEW098.32,7,0.6983838383838384,0.4666666666666667,1,65
NITROGEN_TOTAL,9-NEW098.32,8,0.6455357142857143,0.475,0.895,59
NITROGEN_TOTAL,9-NEW098.32,9,0.6152873563218391,0.29333333333333333,0.95,58
NITROGEN_TOTAL,9-NEW098.32,10,0.6821153846153846,0.41000000000000003,1.09,59
NITROGEN_TOTAL,9-PKC000.00,5,0.7576315789473684,0.5,0.895,27
NITROGEN_TOTAL,9-PKC000.00,6,0.7,0.53,0.915,31
NITROGEN_TOTAL,9-PKC000.00,7,0.6213636363636363,0.41,1.1400000000000001,29
NITROGEN_TOTAL,9-PKC000.00,8,0.5863636363636363,0.375,1.03,32
NITROGEN_TOTAL,9-PKC000.00,9,0.5715,0.38,0.98,24
NITROGEN_TOTAL,9-PKC000.00,10,0.6758333333333334,0.485,1.08,28
NITROGEN_TOTAL,9-PKC004.16,5,0.7836842105263158,0.58,1.16,27
NITROGEN_TOTAL,9-PKC004.16,6,0.651578947368421,0.45,0.84,29
NITROGEN_TOTAL,9-PKC004.16,7,0.5295454545454545,0.44,0.81,29
NITROGEN_TOTAL,9-PKC004.16,8,0.5059090909090909,0.35,0.98,32
NITROGEN_TOTAL,9-PKC004.16,9,0.522,0.36,0.77,24
NITROGEN_TOTAL,9-PKC004.16,10,0.6477777777777778,0.45,1.51,28
PHOSPHORUS_TOTAL,1BCRO009.19,5,0.014285714285714285,0.01,0.02,14
PHOSPHORUS_TOTAL,1BCRO009.19,6,0.014666666666666666,0.01,0.03,15
PHOSPHORUS_TOTAL,1BCRO009.19,7,0.013125,0.01,0.02,16
PHOSPHORUS_TOTAL,1BCRO009.19,8,0.01375,0.01,0.02,16
PHOSPHORUS_TOTAL,1BCRO009.19,9,0.015,0.01,0.03,14
PHOSPHORUS_TOTAL,1BCRO009.19,10,0.015384615384615385,0.01,0.03,13
PHOSPHORUS_TOTAL,1BCRO009.79,5,0.012857142857142857,0.01,0.02,14
PHOSPHORUS_TOTAL,1BCRO009.79,6,0.013333333333333334,0.01,0.02,15
PHOSPHORUS_TOTAL,1BCRO009.79,7,0.015625,0.01,0.03,16
PHOSPHORUS_TOTAL,1BCRO009.79,8,0.014375,0.01,0.02,16
PHOSPHORUS_TOTAL,1BCRO009.79,9,0.014285714285714285,0.01,0.03,14
PHOSPHORUS_TOTAL,1BCRO009.79,10,0.014615384615384615,0.01,0.03,13
PHOSPHORUS_TOTAL,1BXCE000.63,5,0.019285714285714285,0.01,0.04,14
PHOSPHORUS_TOTAL,1BXCE000.63,6,0.018666666666666668,0.01,0.05,15
PHOSPHORUS_TOTAL,1BXCE000.63,7,0.01625,0.01,0.03,16
PHOSPHORUS_TOTAL,1BXCE000.63,8,0.0175,0.01,0.03,16
PHOSPHORUS_TOTAL,1BXCE000.63,9,0.017857142857142856,0.01,0.03,14
PHOSPHORUS_TOTAL,1BXCE000.63,10,0.016923076923076923,0.01,0.02,13
PHOSPHORUS_TOTAL,2-JKS044.60,5,0.011041666666666667,0,0.02,16
PHOSPHORUS_TOTAL,2-JKS044.60,6,0.01011904761904762,0,0.015,14
PHOSPHORUS_TOTAL,2-JKS044.60,7,0.011555555555555555,0,0.025,15
PHOSPHORUS_TOTAL,2-JKS044.60,8,0.011354166666666667,0,0.02,16
PHOSPHORUS_TOTAL,2-JKS044.60,9,0.010833333333333334,0,0.02,12
PHOSPHORUS_TOTAL,2-JKS044.60,10,0.020196078431372548,0,0.055,17
PHOSPHORUS_TOTAL,2-JKS046.40,5,0.0103125,0,0.023333333333333334,16
PHOSPHORUS_TOTAL,2-JKS046.40,6,0.010357142857142856,0.005,0.015,14
PHOSPHORUS_TOTAL,2-JKS046.40,7,0.011333333333333334,0,0.03,15
PHOSPHORUS_TOTAL,2-JKS046.40,8,0.009791666666666667,0,0.02,16
PHOSPHORUS_TOTAL,2-JKS046.40,9,0.014305555555555556,0,0.045000000000000005,12
PHOSPHORUS_TOTAL,2-JKS046.40,10,0.015196078431372549,0,0.04,17
PHOSPHORUS_TOTAL,2-JKS048.90,5,0.016458333333333332,0,0.034999999999999996,16
PHOSPHORUS_TOTAL,2-JKS048.90,6,0.01346153846153846,0.01,0.034999999999999996,13
PHOSPHORUS_TOTAL,2-JKS048.90,7,0.012888888888888889,0,0.04,15
PHOSPHORUS_TOTAL,2-JKS048.90,8,0.011041666666666667,0,0.02666666666666667,16
PHOSPHORUS_TOTAL,2-JKS048.90,9,0.012916666666666667,0,0.03,12
PHOSPHORUS_TOTAL,2-JKS048.90,10,0.01607843137254902,0.01,0.06,17
PHOSPHORUS_TOTAL,2-JKS053.48,5,0.01977777777777778,0.01,0.04,15
PHOSPHORUS_TOTAL,2-JKS053.48,6,0.01653846153846154,0.01,0.03,13
PHOSPHORUS_TOTAL,2-JKS053.48,7,0.023076923076923078,0.02,0.04,14
PHOSPHORUS_TOTAL,2-JKS053.48,8,0.03766666666666667,0.01,0.21,15
PHOSPHORUS_TOTAL,2-JKS053.48,9,0.057272727272727274,0.02,0.36,11
PHOSPHORUS_TOTAL,2-JKS053.48,10,0.023928571428571428,0.01,0.05,14
PHOSPHORUS_TOTAL,4ABSA000.62,5,0.017246376811594202,0.01,0.1,23
PHOSPHORUS_TOTAL,4ABSA000.62,6,0.01741935483870968,0,0.1,31
PHOSPHORUS_TOTAL,4ABSA000.62,7,0.011,0,0.025,25
PHOSPHORUS_TOTAL,4ABSA000.62,8,0.015483870967741935,0,0.1,31
PHOSPHORUS_TOTAL,4ABSA000.62,9,0.012,0,0.025,20
PHOSPHORUS_TOTAL,4ABSA000.62,10,0.015061728395061728,0.005,0.045,28
PHOSPHORUS_TOTAL,4ABWR002.50,5,0.016733333333333333,0,0.065,25
PHOSPHORUS_TOTAL,4ABWR002.50,6,0.01780952380952381,0,0.09,35
PHOSPHORUS_TOTAL,4ABWR002.50,7,0.013641975308641975,0,0.049999999999999996,27
PHOSPHORUS_TOTAL,4ABWR002.50,8,0.01888888888888889,0,0.1,33
PHOSPHORUS_TOTAL,4ABWR002.50,9,0.015151515151515152,0,0.055,22
PHOSPHORUS_TOTAL,4ABWR002.50,10,0.026166666666666668,0,0.3566666666666667,31
PHOSPHORUS_TOTAL,4ABWR010.55,5,0.022933333333333333,0.01,0.055,25
PHOSPHORUS_TOTAL,4ABWR010.55,6,0.024852941176470588,0,0.13333333333333333,34
PHOSPHORUS_TOTAL,4ABWR010.55,7,0.02665432098765432,0.01,0.095,27
PHOSPHORUS_TOTAL,4ABWR010.55,8,0.031857142857142855,0.01,0.2,35
PHOSPHORUS_TOTAL,4ABWR010.55,9,0.028181818181818183,0.01,0.07,22
PHOSPHORUS_TOTAL,4ABWR010.55,10,0.026954022988505747,0.01,0.065,30
PHOSPHORUS_TOTAL,4ABWR017.42,5,0.05313333333333334,0.03,0.28,25
PHOSPHORUS_TOTAL,4ABWR017.42,6,0.05231182795698925,0.02,0.13,31
PHOSPHORUS_TOTAL,4ABWR017.42,7,0.04425925925925926,0.03,0.085,27
PHOSPHORUS_TOTAL,4ABWR017.42,8,0.046720430107526884,0.02,0.15000000000000002,31
PHOSPHORUS_TOTAL,4ABWR017.42,9,0.03916666666666667,0.02,0.06666666666666667,22
PHOSPHORUS_TOTAL,4ABWR017.42,10,0.03351851851851852,0.02,0.07666666666666666,28
PHOSPHORUS_TOTAL,4ACCK001.80,5,0.016133333333333333,0,0.05,25
PHOSPHORUS_TOTAL,4ACCK001.80,6,0.014827586206896552,0,0.04,30
PHOSPHORUS_TOTAL,4ACCK001.80,7,0.0114,0,0.04,25
PHOSPHORUS_TOTAL,4ACCK001.80,8,0.12826923076923077,0,2.875,27
PHOSPHORUS_TOTAL,4ACCK001.80,9,0.009679487179487179,0,0.02,26
PHOSPHORUS_TOTAL,4ACCK001.80,10,0.013043478260869566,0,0.035,24
PHOSPHORUS_TOTAL,4ACOA000.60,5,0.030416666666666668,0,0.3466666666666667,24
PHOSPHORUS_TOTAL,4ACOA000.60,6,0.013225806451612903,0,0.07333333333333333,31
PHOSPHORUS_TOTAL,4ACOA000.60,7,0.011,0,0.03,25
PHOSPHORUS_TOTAL,4ACOA000.60,8,0.02436781609195402,0,0.29,29
PHOSPHORUS_TOTAL,4ACOA000.60,9,0.0135,0,0.034999999999999996,20
PHOSPHORUS_TOTAL,4ACOA000.60,10,0.01358974358974359,0,0.04,27
PHOSPHORUS_TOTAL,4AGIL002.39,5,0.021933333333333332,0.01,0.05,25
PHOSPHORUS_TOTAL,4AGIL002.39,6,0.027474747474747475,0.005,0.13333333333333333,33
PHOSPHORUS_TOTAL,4AGIL002.39,7,0.03234567901234568,0.01,0.13,27
PHOSPHORUS_TOTAL,4AGIL002.39,8,0.038181818181818185,0.01,0.1366666666666667,33
PHOSPHORUS_TOTAL,4AGIL002.39,9,0.02803030303030303,0.01,0.09,22
PHOSPHORUS_TOTAL,4AGIL002.39,10,0.02642857142857143,0.01,0.07,29
PHOSPHORUS_TOTAL,4AROA038.49,5,0.045384615384615384,0.02,0.14,20
PHOSPHORUS_TOTAL,4AROA038.49,6,0.031538461538461536,0.02,0.05,20
PHOSPHORUS_TOTAL,4AROA038.49,7,0.03,0.02,0.04,24
PHOSPHORUS_TOTAL,4AROA038.49,8,0.025,0.01,0.04,22
PHOSPHORUS_TOTAL,4AROA038.49,9,0.029487179487179487,0.02,0.04,18
PHOSPHORUS_TOTAL,4AROA038.49,10,0.045454545454545456,0.02,0.12,14
PHOSPHORUS_TOTAL,4AROA140.66,5,0.016746031746031745,0.01,0.03333333333333333,21
PHOSPHORUS_TOTAL,4AROA140.66,6,0.014583333333333334,0,0.04,20
PHOSPHORUS_TOTAL,4AROA140.66,7,0.014920634920634921,0,0.03333333333333333,21
PHOSPHORUS_TOTAL,4AROA140.66,8,0.01525,0,0.03666666666666667,20
PHOSPHORUS_TOTAL,4AROA140.66,9,0.0175,0.01,0.043333333333333335,18
PHOSPHORUS_TOTAL,4AROA140.66,10,0.018518518518518517,0.01,0.035,18
PHOSPHORUS_TOTAL,4AROA145.34,5,0.019333333333333334,0.006666666666666667,0.06,20
PHOSPHORUS_TOTAL,4AROA145.34,6,0.015,0,0.03,19
PHOSPHORUS_TOTAL,4AROA145.34,7,0.01753968253968254,0.01,0.04,21
PHOSPHORUS_TOTAL,4AROA145.34,8,0.01868421052631579,0.01,0.030000000000000002,19
PHOSPHORUS_TOTAL,4AROA145.34,9,0.02131578947368421,0.01,0.04,19
PHOSPHORUS_TOTAL,4AROA145.34,10,0.02277777777777778,0.01,0.05,18
PHOSPHORUS_TOTAL,4AROA158.22,5,0.016346153846153847,0.01,0.08,26
PHOSPHORUS_TOTAL,4AROA158.22,6,0.01553921568627451,0,0.1,35
PHOSPHORUS_TOTAL,4AROA158.22,7,0.0104,0,0.034999999999999996,25
PHOSPHORUS_TOTAL,4AROA158.22,8,0.025885416666666668,0,0.4,33
PHOSPHORUS_TOTAL,4AROA158.22,9,0.0128,0,0.06,25
PHOSPHORUS_TOTAL,4AROA158.22,10,0.017037037037037038,0,0.1,28
PHOSPHORUS_TOTAL,4AROA163.76,5,0.012564102564102564,0,0.025,26
PHOSPHORUS_TOTAL,4AROA163.76,6,0.01657142857142857,0,0.1,36
PHOSPHORUS_TOTAL,4AROA163.76,7,0.01,0,0.02,25
PHOSPHORUS_TOTAL,4AROA163.76,8,0.01720588235294118,0,0.1,35
PHOSPHORUS_TOTAL,4AROA163.76,9,0.013933333333333334,0,0.045,25
PHOSPHORUS_TOTAL,4AROA163.76,10,0.014761904761904763,0,0.05,29
PHOSPHORUS_TOTAL,4AROA167.34,5,0.016933333333333335,0,0.065,25
PHOSPHORUS_TOTAL,4AROA167.34,6,0.021666666666666667,0,0.125,33
PHOSPHORUS_TOTAL,4AROA167.34,7,0.010133333333333333,0,0.02,25
PHOSPHORUS_TOTAL,4AROA167.34,8,0.02011111111111111,0,0.1,31
PHOSPHORUS_TOTAL,4AROA167.34,9,0.014871794871794871,0,0.034999999999999996,26
PHOSPHORUS_TOTAL,4AROA167.34,10,0.016,0,0.04,26
PHOSPHORUS_TOTAL,4AROA175.63,5,0.0206,0,0.045000000000000005,28
PHOSPHORUS_TOTAL,4AROA175.63,6,0.022824074074074073,0.01,0.1,43
PHOSPHORUS_TOTAL,4AROA175.63,7,0.023205128205128205,0.01,0.11499999999999999,31
PHOSPHORUS_TOTAL,4AROA175.63,8,0.03312380952380953,0.01,0.1,44
PHOSPHORUS_TOTAL,4AROA175.63,9,0.026086956521739132,0.01,0.06999999999999999,27
PHOSPHORUS_TOTAL,4AROA175.63,10,0.02935483870967742,0.01,0.08,36
PHOSPHORUS_TOTAL,4AROA180.21,5,0.02888888888888889,0.01,0.08499999999999999,24
PHOSPHORUS_TOTAL,4AROA180.21,6,0.024494949494949497,0.01,0.08333333333333334,34
PHOSPHORUS_TOTAL,4AROA180.21,7,0.029733333333333334,0.01,0.09,25
PHOSPHORUS_TOTAL,4AROA180.21,8,0.039218750000000004,0.015,0.1,34
PHOSPHORUS_TOTAL,4AROA180.21,9,0.04043478260869565,0.01,0.08499999999999999,23
PHOSPHORUS_TOTAL,4AROA180.21,10,0.033273809523809525,0.01,0.075,29
PHOSPHORUS_TOTAL,4AROA183.64,5,0.0306,0.01,0.06,25
PHOSPHORUS_TOTAL,4AROA183.64,6,0.029864864864864865,0.01,0.1,38
PHOSPHORUS_TOTAL,4AROA183.64,7,0.03006666666666667,0.01,0.055,25
PHOSPHORUS_TOTAL,4AROA183.64,8,0.04261904761904762,0.01,0.11499999999999999,37
PHOSPHORUS_TOTAL,4AROA183.64,9,0.03210144927536232,0.02,0.075,23
PHOSPHORUS_TOTAL,4AROA183.64,10,0.03314516129032258,0.01,0.085,32
PHOSPHORUS_TOTAL,4AROA192.55,5,0.08851851851851852,0.03,0.2,31
PHOSPHORUS_TOTAL,4AROA192.55,6,0.10153846153846155,0.03,0.3,32
PHOSPHORUS_TOTAL,4AROA192.55,7,0.08444444444444445,0.03,0.1,33
PHOSPHORUS_TOTAL,4AROA192.55,8,0.0932,0.03,0.2,33
PHOSPHORUS_TOTAL,4AROA192.55,9,0.13607142857142857,0.02,1,32
PHOSPHORUS_TOTAL,4AROA192.55,10,0.0925925925925926,0.03,0.2,32
PHOSPHORUS_TOTAL,4AROA192.94,5,0.0436,0.02,0.18,25
PHOSPHORUS_TOTAL,4AROA192.94,6,0.04426470588235294,0.015,0.08,35
PHOSPHORUS_TOTAL,4AROA192.94,7,0.04692307692307692,0.02,0.09,26
PHOSPHORUS_TOTAL,4AROA192.94,8,0.05242424242424243,0.03,0.11,35
PHOSPHORUS_TOTAL,4AROA192.94,9,0.03956521739130435,0.02,0.08,23
PHOSPHORUS_TOTAL,4AROA192.94,10,0.057298850574712644,0.03,0.19,30
PHOSPHORUS_TOTAL,4AROA196.05,5,0.04476190476190476,0.02,0.18,24
PHOSPHORUS_TOTAL,4AROA196.05,6,0.055468750000000004,0.02,0.16,37
PHOSPHORUS_TOTAL,4AROA196.05,7,0.04818181818181818,0.02,0.12,25
PHOSPHORUS_TOTAL,4AROA196.05,8,0.06125,0.02,0.22,39
PHOSPHORUS_TOTAL,4AROA196.05,9,0.04,0.02,0.06,24
PHOSPHORUS_TOTAL,4AROA196.05,10,0.05758620689655172,0.03,0.35,33
PHOSPHORUS_TOTAL,4ASRE046.90,5,0.016041666666666666,0,0.05333333333333334,18
PHOSPHORUS_TOTAL,4ASRE046.90,6,0.0203125,0,0.09999999999999999,22
PHOSPHORUS_TOTAL,4ASRE046.90,7,0.011770833333333333,0,0.034999999999999996,21
PHOSPHORUS_TOTAL,4ASRE046.90,8,0.013444444444444445,0,0.030000000000000002,23
PHOSPHORUS_TOTAL,4ASRE046.90,9,0.01880952380952381,0.01,0.07666666666666666,19
PHOSPHORUS_TOTAL,4ASRE046.90,10,0.01380952380952381,0,0.025,17
PHOSPHORUS_TOTAL,4ASRE048.98,5,0.012291666666666668,0,0.023333333333333334,17
PHOSPHORUS_TOTAL,4ASRE048.98,6,0.0128125,0.01,0.03,16
PHOSPHORUS_TOTAL,4ASRE048.98,7,0.015520833333333334,0,0.07,16
PHOSPHORUS_TOTAL,4ASRE048.98,8,0.015000000000000001,0,0.04,15
PHOSPHORUS_TOTAL,4ASRE048.98,9,0.015833333333333335,0.01,0.04,14
PHOSPHORUS_TOTAL,4ASRE048.98,10,0.015357142857142857,0,0.05,14
PHOSPHORUS_TOTAL,4ASRE056.06,5,0.02507936507936508,0.01,0.1,21
PHOSPHORUS_TOTAL,4ASRE056.06,6,0.017254901960784313,0.01,0.07333333333333333,17
PHOSPHORUS_TOTAL,4ASRE056.06,7,0.018055555555555557,0,0.055,18
PHOSPHORUS_TOTAL,4ASRE056.06,8,0.031176470588235295,0.005,0.1,17
PHOSPHORUS_TOTAL,4ASRE056.06,9,0.02266666666666667,0.01,0.04,15
PHOSPHORUS_TOTAL,4ASRE056.06,10,0.020714285714285716,0.01,0.04,15
PHOSPHORUS_TOTAL,4AWTH000.40,5,0.0144,0,0.034999999999999996,25
PHOSPHORUS_TOTAL,4AWTH000.40,6,0.014333333333333333,0,0.1,31
PHOSPHORUS_TOTAL,4AWTH000.40,7,0.0108,0,0.030000000000000002,25
PHOSPHORUS_TOTAL,4AWTH000.40,8,0.015654761904761904,0,0.1,29
PHOSPHORUS_TOTAL,4AWTH000.40,9,0.0132,0,0.034999999999999996,25
PHOSPHORUS_TOTAL,4AWTH000.40,10,0.018260869565217393,0,0.1,24
PHOSPHORUS_TOTAL,8-NAR047.69,5,0.018125,0.01,0.04,16
PHOSPHORUS_TOTAL,8-NAR047.69,6,0.013947368421052632,0.01,0.02,19
PHOSPHORUS_TOTAL,8-NAR047.69,7,0.013611111111111112,0.01,0.02,18
PHOSPHORUS_TOTAL,8-NAR047.69,8,0.014761904761904763,0.01,0.02,21
PHOSPHORUS_TOTAL,8-NAR047.69,9,0.019375,0.01,0.04,16
PHOSPHORUS_TOTAL,8-NAR047.69,10,0.015263157894736843,0,0.02,19
PHOSPHORUS_TOTAL,8-NAR054.17,5,0.05181818181818182,0.03,0.095,11
PHOSPHORUS_TOTAL,8-NAR054.17,6,0.03916666666666667,0.02,0.07,18
PHOSPHORUS_TOTAL,8-NAR054.17,7,0.041176470588235294,0.02,0.115,17
PHOSPHORUS_TOTAL,8-NAR054.17,8,0.03722222222222222,0.02,0.055,18
PHOSPHORUS_TOTAL,8-NAR054.17,9,0.03535714285714286,0.02,0.06,14
PHOSPHORUS_TOTAL,8-NAR054.17,10,0.030625,0.01,0.045,16
PHOSPHORUS_TOTAL,9-NEW087.14,5,0.01863095238095238,0.01,0.04,31
PHOSPHORUS_TOTAL,9-NEW087.14,6,0.030989583333333334,0.01,0.3,36
PHOSPHORUS_TOTAL,9-NEW087.14,7,0.01908045977011494,0.01,0.06,33
PHOSPHORUS_TOTAL,9-NEW087.14,8,0.026464646464646465,0.006666666666666667,0.1,38
PHOSPHORUS_TOTAL,9-NEW087.14,9,0.02326388888888889,0.01,0.055,28
PHOSPHORUS_TOTAL,9-NEW087.14,10,0.02564367816091954,0.008666666666666666,0.1,33
PHOSPHORUS_TOTAL,9-NEW089.34,5,0.019583333333333335,0.01,0.05,31
PHOSPHORUS_TOTAL,9-NEW089.34,6,0.02761111111111111,0.01,0.2,34
PHOSPHORUS_TOTAL,9-NEW089.34,7,0.028035714285714285,0.01,0.13,33
PHOSPHORUS_TOTAL,9-NEW089.34,8,0.024322916666666666,0,0.1,38
PHOSPHORUS_TOTAL,9-NEW089.34,9,0.022152777777777778,0.01,0.045000000000000005,28
PHOSPHORUS_TOTAL,9-NEW089.34,10,0.027117283950617285,0.01,0.1,32
PHOSPHORUS_TOTAL,9-NEW092.66,5,0.025961538461538463,0.01,0.07333333333333333,30
PHOSPHORUS_TOTAL,9-NEW092.66,6,0.025500000000000002,0.01,0.1,34
PHOSPHORUS_TOTAL,9-NEW092.66,7,0.02005952380952381,0.01,0.045000000000000005,33
PHOSPHORUS_TOTAL,9-NEW092.66,8,0.029322916666666667,0.01,0.1,38
PHOSPHORUS_TOTAL,9-NEW092.66,9,0.02423611111111111,0.01,0.075,29
PHOSPHORUS_TOTAL,9-NEW092.66,10,0.029641975308641978,0.01,0.115,32
PHOSPHORUS_TOTAL,9-NEW098.32,5,0.05982758620689656,0.02,0.11,62
PHOSPHORUS_TOTAL,9-NEW098.32,6,0.059166666666666666,0.02,0.1,60
PHOSPHORUS_TOTAL,9-NEW098.32,7,0.05533333333333334,0.01,0.11,65
PHOSPHORUS_TOTAL,9-NEW098.32,8,0.058173076923076925,0.02,0.11,59
PHOSPHORUS_TOTAL,9-NEW098.32,9,0.05604938271604939,0.01,0.2,58
PHOSPHORUS_TOTAL,9-NEW098.32,10,0.05775151515151515,0.01,0.14,59
PHOSPHORUS_TOTAL,9-PKC000.00,5,0.03117283950617284,0.01,0.23333333333333334,27
PHOSPHORUS_TOTAL,9-PKC000.00,6,0.029301075268817204,0.01,0.1,31
PHOSPHORUS_TOTAL,9-PKC000.00,7,0.027298850574712645,0.01,0.105,29
PHOSPHORUS_TOTAL,9-PKC000.00,8,0.03234375,0.01,0.1,32
PHOSPHORUS_TOTAL,9-PKC000.00,9,0.023958333333333335,0.01,0.115,24
PHOSPHORUS_TOTAL,9-PKC000.00,10,0.030904761904761907,0.008666666666666666,0.08666666666666667,28
PHOSPHORUS_TOTAL,9-PKC004.16,5,0.03037037037037037,0.01,0.3,27
PHOSPHORUS_TOTAL,9-PKC004.16,6,0.02793103448275862,0.01,0.1,29
PHOSPHORUS_TOTAL,9-PKC004.16,7,0.02724137931034483,0.01,0.07,29
PHOSPHORUS_TOTAL,9-PKC004.16,8,0.03234375,0.01,0.1,32
PHOSPHORUS_TOTAL,9-PKC004.16,9,0.019583333333333335,0.01,0.03,24
PHOSPHORUS_TOTAL,9-PKC004.16,10,0.09775,0.01,2.025,28
TSF,4AROA163.76,5,4.194444444444445,2,7.5,26
TSF,4AROA163.76,6,4.377777777777777,0,19.333333333333332,36
TSF,4AROA163.76,7,1.5,0.5,3,25
TSF,4AROA163.76,8,3.4285714285714284,1,6.666666666666667,35
TSF,4AROA163.76,9,2,0.5,3,25
TSF,4AROA163.76,10,3.0833333333333335,0.3333333333333333,5,29
TSF,4AROA175.63,5,3.9722222222222223,1,7,28
TSF,4AROA175.63,6,3.3666666666666667,0.5,5,43
TSF,4AROA175.63,7,2.8333333333333335,1,5,31
TSF,4AROA175.63,8,3.6,0.5,6.333333333333333,44
TSF,4AROA175.63,9,1.6666666666666667,1,3,27
TSF,4AROA175.63,10,4.595238095238095,1,9.333333333333334,36
TSF,4AROA183.64,5,4.222222222222222,1.5,10,25
TSF,4AROA183.64,6,10.333333333333334,2.5,81,38
TSF,4AROA183.64,7,4.166666666666667,2.5,7,25
TSF,4AROA183.64,8,5.311111111111111,1.3333333333333333,12,37
TSF,4AROA183.64,9,5.166666666666667,3,9.5,23
TSF,4AROA183.64,10,6.846153846153846,2.6666666666666665,27.666666666666668,32
TSF,4AROA192.55,5,13.5,2,100,31
TSF,4AROA192.55,6,9.73913043478261,1,61,32
TSF,4AROA192.55,7,9,1,25,33
TSF,4AROA192.55,8,7.739130434782608,2,21,33
TSF,4AROA192.55,9,10.409090909090908,1,36,32
TSF,4AROA192.55,10,8.391304347826088,1,41,32
TSF,4AROA196.05,5,10.083333333333334,3,33.5,24
TSF,4AROA196.05,6,14.633333333333333,2,69.5,37
TSF,4AROA196.05,7,3.3333333333333335,1,5,25
TSF,4AROA196.05,8,13.766666666666667,3,95,39
TSF,4AROA196.05,9,7.666666666666667,5,13,24
TSF,4AROA196.05,10,14.038461538461538,0,126,33
TSF,6APNR008.15,5,6.6923076923076925,1,30,13
TSF,6APNR008.15,6,3.2857142857142856,0,7,14
TSF,6APNR008.15,7,3.230769230769231,0,5,15
TSF,6APNR008.15,8,3.923076923076923,0,17,13
TSF,6APNR008.15,9,39.416666666666664,1,433,13
TSF,6APNR008.15,10,85.38461538461539,0,1084,13
TSF,9-NEW087.14,5,3.4242424242424243,0,12,31
TSF,9-NEW087.14,6,4.010416666666667,1,9,36
TSF,9-NEW087.14,7,4,1,14,33
TSF,9-NEW087.14,8,2.9404761904761902,0,12.666666666666666,38
TSF,9-NEW087.14,9,2.3125,0,6.333333333333333,28
TSF,9-NEW087.14,10,3.6904761904761907,0,10.333333333333334,33
TSF,9-NEW092.66,5,4.145833333333333,0.5,6.333333333333333,30
TSF,9-NEW092.66,6,3.6527777777777777,1,8,34
TSF,9-NEW092.66,7,2.1904761904761907,0.5,3,33
TSF,9-NEW092.66,8,4.958333333333333,0.5,25.333333333333332,38
TSF,9-NEW092.66,9,2.9523809523809526,0,9.333333333333334,29
TSF,9-NEW092.66,10,6.46969696969697,2.5,20.333333333333332,32
TSF,9-NEW098.32,5,7.5,1,22,62
TSF,9-NEW098.32,6,4.303571428571429,0,13,60
TSF,9-NEW098.32,7,5.351851851851852,1,21,65
TSF,9-NEW098.32,8,3.64,0,18,59
TSF,9-NEW098.32,9,4.4375,1,19,58
TSF,9-NEW098.32,10,4.601190476190476,1,27,59
TF,4AROA163.76,5,91.94444444444444,77.66666666666667,115.5,26
TF,4AROA163.76,6,83.12222222222222,67.66666666666667,115.33333333333333,36
TF,4AROA163.76,7,82.83333333333333,57,103,25
TF,4AROA163.76,8,88.27380952380952,69.66666666666667,126,35
TF,4AROA163.76,9,88,81,97,25
TF,4AROA163.76,10,80.05952380952381,48,105.66666666666667,29
TF,4AROA175.63,5,111.97222222222223,92,127.5,28
TF,4AROA175.63,6,103.25555555555556,89.33333333333333,123.33333333333333,43
TF,4AROA175.63,7,102.5,78,116,31
TF,4AROA175.63,8,99.42222222222222,53.333333333333336,121,44
TF,4AROA175.63,9,99.33333333333333,88,111,27
TF,4AROA175.63,10,107.04761904761905,90.33333333333333,152,36
TF,4AROA183.64,5,133.16666666666666,117.33333333333333,148.5,25
TF,4AROA183.64,6,123.20833333333333,81.66666666666667,184,38
TF,4AROA183.64,7,126.11111111111111,99.33333333333333,145.5,25
TF,4AROA183.64,8,116.8111111111111,60.666666666666664,140,37
TF,4AROA183.64,9,129.66666666666666,116,138,23
TF,4AROA183.64,10,134.01282051282053,98.66666666666667,166.5,32
TF,4AROA192.55,5,166.84615384615384,123,193,31
TF,4AROA192.55,6,176.57142857142858,150,260,32
TF,4AROA192.55,7,172.76923076923077,149,211,33
TF,4AROA192.55,8,165.2,72,253,33
TF,4AROA192.55,9,184.42857142857142,152,209,32
TF,4AROA192.55,10,175.42857142857142,119,235,32
TF,4AROA196.05,5,170.5,146.5,206,24
TF,4AROA196.05,6,194.06666666666666,137,257,37
TF,4AROA196.05,7,207.33333333333334,176,226,25
TF,4AROA196.05,8,212.3,134,275,39
TF,4AROA196.05,9,250.33333333333334,217,274,24
TF,4AROA196.05,10,359.11538461538464,173,1929,33
TF,6APNR008.15,5,188.92307692307693,42,276,13
TF,6APNR008.15,6,194.75,112,285,14
TF,6APNR008.15,7,206.92307692307693,131,284,15
TF,6APNR008.15,8,214.84615384615384,144,304,13
TF,6APNR008.15,9,259.75,170,604,13
TF,6APNR008.15,10,340.7692307692308,154,1445,13
TF,9-NEW087.14,5,46.21666666666667,5,61,31
TF,9-NEW087.14,6,45.604166666666664,5,78,36
TF,9-NEW087.14,7,49.81818181818182,5,95,33
TF,9-NEW087.14,8,53.273809523809526,39,66.66666666666667,38
TF,9-NEW087.14,9,52.541666666666664,11,78,28
TF,9-NEW087.14,10,51.583333333333336,33,93,33
TF,9-NEW098.32,5,45.654761904761905,25,61.5,62
TF,9-NEW098.32,6,50.083333333333336,31,71,60
TF,9-NEW098.32,7,361.2894736842105,23,6000,65
TF,9-NEW098.32,8,49.05882352941177,22,80,59
TF,9-NEW098.32,9,48.88235294117647,37,67,58
TF,9-NEW098.32,10,51.733333333333334,27,79,59
TSS,4ABWR002.50,5,4.166666666666667,2,7.333333333333333,25
TSS,4ABWR002.50,6,4.510416666666667,1,12.333333333333334,35
TSS,4ABWR002.50,7,3.0833333333333335,1,7,27
TSS,4ABWR002.50,8,4.095238095238095,2,7,33
TSS,4ABWR002.50,9,2,1.5,3,22
TSS,4ABWR002.50,10,4.822222222222222,1,10.666666666666666,31
TSS,4AROA163.76,5,4.541666666666667,2,11,26
TSS,4AROA163.76,6,4.715686274509804,1,22.666666666666668,36
TSS,4AROA163.76,7,2,1.5,3,25
TSS,4AROA163.76,8,3.6875,1.3333333333333333,8.333333333333334,35
TSS,4AROA163.76,9,2.4722222222222223,1,5,25
TSS,4AROA163.76,10,3.6354166666666665,1,6,29
TSS,4AROA175.63,5,4.916666666666667,2,8,28
TSS,4AROA175.63,6,4.696078431372549,2,7.333333333333333,43
TSS,4AROA175.63,7,4.5,3,7,31
TSS,4AROA175.63,8,5.245098039215686,3.3333333333333335,8.666666666666666,44
TSS,4AROA175.63,9,3.8333333333333335,2.5,5,27
TSS,4AROA175.63,10,5.966666666666667,2,11,36
TSS,4AROA183.64,5,6.444444444444445,3,14,25
TSS,4AROA183.64,6,12.854166666666666,3.3333333333333335,97,38
TSS,4AROA183.64,7,7.166666666666667,4,12,25
TSS,4AROA183.64,8,7.933333333333334,2,19.5,37
TSS,4AROA183.64,9,8.444444444444445,5,15,23
TSS,4AROA183.64,10,8.692307692307692,4.333333333333333,31.666666666666668,32
TSS,4AROA192.55,5,15.607142857142858,5,114,31
TSS,4AROA192.55,6,13.26923076923077,3,69,32
TSS,4AROA192.55,7,13.653846153846153,5,32,33
TSS,4AROA192.55,8,12.423076923076923,4,25,33
TSS,4AROA192.55,9,15.25,7,41,32
TSS,4AROA192.55,10,10.576923076923077,3,46,32
TSS,4AROA196.05,5,13.75,5,41.5,24
TSS,4AROA196.05,6,18.033333333333335,4,80.5,37
TSS,4AROA196.05,7,5,2,8,25
TSS,4AROA196.05,8,16.966666666666665,5.5,109,39
TSS,4AROA196.05,9,10,7,15,24
TSS,4AROA196.05,10,17.5,1,141,33
TSS,6APNR008.15,5,9.846153846153847,3,36,13
TSS,6APNR008.15,6,4.964285714285714,1,14,14
TSS,6APNR008.15,7,4.3076923076923075,1,8,15
TSS,6APNR008.15,8,5.769230769230769,1,24,13
TSS,6APNR008.15,9,43.916666666666664,1,470,13
TSS,6APNR008.15,10,101.23076923076923,1,1272,13
TSS,9-NEW087.14,5,5.333333333333333,2,23,31
TSS,9-NEW087.14,6,4.549019607843137,1,10.333333333333334,36
TSS,9-NEW087.14,7,6.680555555555555,1,24,33
TSS,9-NEW087.14,8,4.369047619047619,1,13.666666666666666,38
TSS,9-NEW087.14,9,3.2083333333333335,0,7.333333333333333,28
TSS,9-NEW087.14,10,5.25,0,14.333333333333334,33
TSS,9-NEW092.66,5,5.645833333333333,1.5,10,30
TSS,9-NEW092.66,6,4.666666666666667,1,10,34
TSS,9-NEW092.66,7,3.4047619047619047,3,4,33
TSS,9-NEW092.66,8,6.375,1,30.333333333333332,38
TSS,9-NEW092.66,9,3.738095238095238,0,10.666666666666666,29
TSS,9-NEW092.66,10,9.136363636363637,5,25.333333333333332,32
TSS,9-NEW098.32,5,9.995833333333334,3,27,62
TSS,9-NEW098.32,6,6.72972972972973,3,20,60
TSS,9-NEW098.32,7,6.5,2,29,65
TSS,9-NEW098.32,8,5.390625,1,22.5,59
TSS,9-NEW098.32,9,5.602941176470588,3,24.5,58
TSS,9-NEW098.32,10,5.824074074074074,1,33,59
AMMONIA_TOTAL,1BCRO009.19,5,0.032857142857142856,0,0.07,14
AMMONIA_TOTAL,1BCRO009.19,6,0.029333333333333333,0,0.05,15
AMMONIA_TOTAL,1BCRO009.19,7,0.0275,0,0.04,16
AMMONIA_TOTAL,1BCRO009.19,8,0.025625000000000002,0,0.04,16
AMMONIA_TOTAL,1BCRO009.19,9,0.027142857142857142,0,0.04,14
AMMONIA_TOTAL,1BCRO009.19,10,0.026153846153846153,0,0.04,13
AMMONIA_TOTAL,1BCRO009.79,5,0.03214285714285715,0,0.06,14
AMMONIA_TOTAL,1BCRO009.79,6,0.029333333333333333,0,0.06,15
AMMONIA_TOTAL,1BCRO009.79,7,0.028125,-0.01,0.04,16
AMMONIA_TOTAL,1BCRO009.79,8,0.029375000000000002,0,0.06,16
AMMONIA_TOTAL,1BCRO009.79,9,0.027142857142857142,0,0.04,14
AMMONIA_TOTAL,1BCRO009.79,10,0.026923076923076925,0,0.04,13
AMMONIA_TOTAL,1BXCE000.63,5,0.04714285714285714,0,0.29,14
AMMONIA_TOTAL,1BXCE000.63,6,0.030000000000000002,0,0.07,15
AMMONIA_TOTAL,1BXCE000.63,7,0.0275,-0.01,0.04,16
AMMONIA_TOTAL,1BXCE000.63,8,0.02625,0,0.04,16
AMMONIA_TOTAL,1BXCE000.63,9,0.02642857142857143,0,0.04,14
AMMONIA_TOTAL,1BXCE000.63,10,0.026923076923076925,0,0.04,13
AMMONIA_TOTAL,2-JKS044.60,5,0.0325,0,0.1,16
AMMONIA_TOTAL,2-JKS044.60,6,0.035,0,0.1,14
AMMONIA_TOTAL,2-JKS044.60,7,0.03866666666666667,0,0.21666666666666667,15
AMMONIA_TOTAL,2-JKS044.60,8,0.04041666666666667,0,0.16666666666666666,16
AMMONIA_TOTAL,2-JKS044.60,9,0.023333333333333334,0,0.04,12
AMMONIA_TOTAL,2-JKS044.60,10,0.0625,-0.01,0.4,17
AMMONIA_TOTAL,2-JKS046.40,5,0.033125,0,0.1,16
AMMONIA_TOTAL,2-JKS046.40,6,0.03428571428571429,0,0.1,14
AMMONIA_TOTAL,2-JKS046.40,7,0.029333333333333333,0,0.1,15
AMMONIA_TOTAL,2-JKS046.40,8,0.036250000000000004,0,0.1,16
AMMONIA_TOTAL,2-JKS046.40,9,0.0225,0,0.04,12
AMMONIA_TOTAL,2-JKS046.40,10,0.03958333333333334,-0.02,0.1,17
AMMONIA_TOTAL,2-JKS048.90,5,0.03291666666666667,0.01,0.1,16
AMMONIA_TOTAL,2-JKS048.90,6,0.036153846153846154,0,0.1,13
AMMONIA_TOTAL,2-JKS048.90,7,0.03088888888888889,0,0.13333333333333333,15
AMMONIA_TOTAL,2-JKS048.90,8,0.041041666666666664,0,0.16666666666666666,16
AMMONIA_TOTAL,2-JKS048.90,9,0.020833333333333332,0,0.04,12
AMMONIA_TOTAL,2-JKS048.90,10,0.05395833333333334,-0.02,0.2,17
AMMONIA_TOTAL,2-JKS053.48,5,0.035333333333333335,0.01,0.1,15
AMMONIA_TOTAL,2-JKS053.48,6,0.04307692307692308,0,0.15000000000000002,13
AMMONIA_TOTAL,2-JKS053.48,7,0.03214285714285714,0,0.15,14
AMMONIA_TOTAL,2-JKS053.48,8,0.037333333333333336,0,0.1,15
AMMONIA_TOTAL,2-JKS053.48,9,0.03,0,0.06,11
AMMONIA_TOTAL,2-JKS053.48,10,0.04214285714285714,0,0.1,14
AMMONIA_TOTAL,4ABSA000.62,5,0.02434782608695652,0,0.04,23
AMMONIA_TOTAL,4ABSA000.62,6,0.0846774193548387,0,1.555,31
AMMONIA_TOTAL,4ABSA000.62,7,0.023200000000000002,0,0.04,25
AMMONIA_TOTAL,4ABSA000.62,8,0.03129032258064516,0,0.1,31
AMMONIA_TOTAL,4ABSA000.62,9,0.023157894736842106,0,0.04,20
AMMONIA_TOTAL,4ABSA000.62,10,0.056845238095238095,0,0.23333333333333334,28
AMMONIA_TOTAL,4ABWR002.50,5,0.0276,0,0.1,25
AMMONIA_TOTAL,4ABWR002.50,6,0.03897058823529412,0,0.1,35
AMMONIA_TOTAL,4ABWR002.50,7,0.02802469135802469,0,0.1,27
AMMONIA_TOTAL,4ABWR002.50,8,0.05532258064516129,0,0.335,33
AMMONIA_TOTAL,4ABWR002.50,9,0.033939393939393936,0,0.22666666666666666,22
AMMONIA_TOTAL,4ABWR002.50,10,0.0775,0,0.315,31
AMMONIA_TOTAL,4ABWR010.55,5,0.0268,0,0.07,25
AMMONIA_TOTAL,4ABWR010.55,6,0.045931372549019606,0,0.24,34
AMMONIA_TOTAL,4ABWR010.55,7,0.027160493827160494,0,0.1,27
AMMONIA_TOTAL,4ABWR010.55,8,0.0590686274509804,0,0.3666666666666667,35
AMMONIA_TOTAL,4ABWR010.55,9,0.026515151515151516,0,0.06,22
AMMONIA_TOTAL,4ABWR010.55,10,0.07966666666666666,0,0.30000000000000004,30
AMMONIA_TOTAL,4ABWR017.42,5,0.0536,0,0.18,25
AMMONIA_TOTAL,4ABWR017.42,6,0.07344086021505376,0,0.6299999999999999,31
AMMONIA_TOTAL,4ABWR017.42,7,0.04246913580246914,0,0.45,27
AMMONIA_TOTAL,4ABWR017.42,8,0.06473118279569892,0,0.43,31
AMMONIA_TOTAL,4ABWR017.42,9,0.03333333333333333,0,0.19333333333333333,22
AMMONIA_TOTAL,4ABWR017.42,10,0.04785714285714286,0.01,0.15000000000000002,28
AMMONIA_TOTAL,4ACCK001.80,5,0.0252,0,0.04,25
AMMONIA_TOTAL,4ACCK001.80,6,0.02793103448275862,0,0.06,30
AMMONIA_TOTAL,4ACCK001.80,7,0.023200000000000002,0,0.04,25
AMMONIA_TOTAL,4ACCK001.80,8,0.02653846153846154,0,0.04,27
AMMONIA_TOTAL,4ACCK001.80,9,0.026153846153846153,-0.01,0.06,26
AMMONIA_TOTAL,4ACCK001.80,10,0.04101449275362319,0,0.16666666666666666,24
AMMONIA_TOTAL,4ACOA000.60,5,0.028333333333333335,0,0.1,24
AMMONIA_TOTAL,4ACOA000.60,6,0.03639784946236559,0,0.1,31
AMMONIA_TOTAL,4ACOA000.60,7,0.0248,0,0.04,25
AMMONIA_TOTAL,4ACOA000.60,8,0.03103448275862069,0,0.1,29
AMMONIA_TOTAL,4ACOA000.60,9,0.024736842105263158,0,0.04,20
AMMONIA_TOTAL,4ACOA000.60,10,0.04376543209876543,0,0.2,27
AMMONIA_TOTAL,4AGIL002.39,5,0.0316,0,0.1,25
AMMONIA_TOTAL,4AGIL002.39,6,0.04141414141414142,0,0.16999999999999998,33
AMMONIA_TOTAL,4AGIL002.39,7,0.03901234567901234,0,0.25,27
AMMONIA_TOTAL,4AGIL002.39,8,0.05661616161616161,0,0.33666666666666667,33
AMMONIA_TOTAL,4AGIL002.39,9,0.02696969696969697,0,0.08333333333333334,22
AMMONIA_TOTAL,4AGIL002.39,10,0.05511494252873563,0,0.22,29
AMMONIA_TOTAL,4AROA018.36,5,0.03666666666666667,0,0.1,15
AMMONIA_TOTAL,4AROA018.36,6,0.03979166666666667,0,0.1,16
AMMONIA_TOTAL,4AROA018.36,7,0.037222222222222226,0,0.1,18
AMMONIA_TOTAL,4AROA018.36,8,0.042222222222222223,0,0.1,18
AMMONIA_TOTAL,4AROA018.36,9,0.03923076923076923,0,0.1,13
AMMONIA_TOTAL,4AROA018.36,10,0.04454545454545455,0,0.1,11
AMMONIA_TOTAL,4AROA038.49,5,0.06611111111111112,0.01,0.33,20
AMMONIA_TOTAL,4AROA038.49,6,0.045263157894736845,0.01,0.1,20
AMMONIA_TOTAL,4AROA038.49,7,0.04818181818181819,0,0.19,24
AMMONIA_TOTAL,4AROA038.49,8,0.047142857142857146,0,0.1,22
AMMONIA_TOTAL,4AROA038.49,9,0.03291666666666667,0,0.1,18
AMMONIA_TOTAL,4AROA038.49,10,0.062142857142857146,0.01,0.14,14
AMMONIA_TOTAL,4AROA140.66,5,0.024833333333333332,0,0.04666666666666667,21
AMMONIA_TOTAL,4AROA140.66,6,0.030350877192982458,0,0.1,20
AMMONIA_TOTAL,4AROA140.66,7,0.028095238095238097,0,0.1,21
AMMONIA_TOTAL,4AROA140.66,8,0.028431372549019607,0,0.13333333333333333,20
AMMONIA_TOTAL,4AROA140.66,9,0.031568627450980394,0,0.13333333333333333,18
AMMONIA_TOTAL,4AROA140.66,10,0.04351851851851852,0,0.15,18
AMMONIA_TOTAL,4AROA145.34,5,0.025087719298245614,0,0.04,20
AMMONIA_TOTAL,4AROA145.34,6,0.030000000000000002,0,0.1,19
AMMONIA_TOTAL,4AROA145.34,7,0.02523809523809524,-0.01,0.1,21
AMMONIA_TOTAL,4AROA145.34,8,0.025,0,0.1,19
AMMONIA_TOTAL,4AROA145.34,9,0.031296296296296294,0,0.1,19
AMMONIA_TOTAL,4AROA145.34,10,0.03833333333333334,0,0.1,18
AMMONIA_TOTAL,4AROA158.22,5,0.02807692307692308,0,0.1,26
AMMONIA_TOTAL,4AROA158.22,6,0.03686274509803922,0,0.1,35
AMMONIA_TOTAL,4AROA158.22,7,0.024,0,0.04,25
AMMONIA_TOTAL,4AROA158.22,8,0.037395833333333336,-0.01,0.10666666666666666,33
AMMONIA_TOTAL,4AROA158.22,9,0.0288,0,0.09,25
AMMONIA_TOTAL,4AROA158.22,10,0.0791358024691358,0.01,0.26666666666666666,28
AMMONIA_TOTAL,4AROA163.76,5,0.02826923076923077,0,0.1,26
AMMONIA_TOTAL,4AROA163.76,6,0.039523809523809524,0,0.1,36
AMMONIA_TOTAL,4AROA163.76,7,0.026,0,0.06,25
AMMONIA_TOTAL,4AROA163.76,8,0.04637254901960784,0,0.16666666666666666,35
AMMONIA_TOTAL,4AROA163.76,9,0.02875,0,0.11,25
AMMONIA_TOTAL,4AROA163.76,10,0.08452380952380953,0,0.33333333333333337,29
AMMONIA_TOTAL,4AROA167.34,5,0.026000000000000002,0,0.04,25
AMMONIA_TOTAL,4AROA167.34,6,0.0334375,0,0.1,33
AMMONIA_TOTAL,4AROA167.34,7,0.032,0,0.23,25
AMMONIA_TOTAL,4AROA167.34,8,0.04044444444444444,0,0.16666666666666666,31
AMMONIA_TOTAL,4AROA167.34,9,0.030000000000000002,0,0.14,26
AMMONIA_TOTAL,4AROA167.34,10,0.0576,0,0.23333333333333334,26
AMMONIA_TOTAL,4AROA175.63,5,0.04154761904761905,0,0.16,28
AMMONIA_TOTAL,4AROA175.63,6,0.05099206349206349,0,0.23333333333333334,43
AMMONIA_TOTAL,4AROA175.63,7,0.03354838709677419,0,0.1,31
AMMONIA_TOTAL,4AROA175.63,8,0.06023255813953489,-0.01,0.33333333333333337,44
AMMONIA_TOTAL,4AROA175.63,9,0.034444444444444444,0,0.1,27
AMMONIA_TOTAL,4AROA175.63,10,0.076,0,0.23333333333333334,36
AMMONIA_TOTAL,4AROA180.21,5,0.028333333333333335,-0.02,0.06,24
AMMONIA_TOTAL,4AROA180.21,6,0.038181818181818185,0.01,0.13333333333333333,34
AMMONIA_TOTAL,4AROA180.21,7,0.0236,0,0.04,25
AMMONIA_TOTAL,4AROA180.21,8,0.06434343434343434,-0.01,0.36333333333333334,34
AMMONIA_TOTAL,4AROA180.21,9,0.025652173913043478,0,0.04,23
AMMONIA_TOTAL,4AROA180.21,10,0.08011904761904762,0.01,0.44666666666666666,29
AMMONIA_TOTAL,4AROA183.64,5,0.038,-0.01,0.16666666666666666,25
AMMONIA_TOTAL,4AROA183.64,6,0.05171171171171171,0,0.2,38
AMMONIA_TOTAL,4AROA183.64,7,0.0244,-0.01,0.04,25
AMMONIA_TOTAL,4AROA183.64,8,0.053703703703703705,0,0.2,37
AMMONIA_TOTAL,4AROA183.64,9,0.026086956521739132,0,0.04,23
AMMONIA_TOTAL,4AROA183.64,10,0.08258064516129032,0.01,0.23,32
AMMONIA_TOTAL,4AROA192.55,5,0.2048,0.01,1.1,31
AMMONIA_TOTAL,4AROA192.55,6,0.14214285714285715,0.01,0.7,32
AMMONIA_TOTAL,4AROA192.55,7,0.07538461538461538,0.02,0.25,33
AMMONIA_TOTAL,4AROA192.55,8,0.08821428571428572,0.04,0.49,33
AMMONIA_TOTAL,4AROA192.55,9,0.09384615384615384,0.03,0.3,32
AMMONIA_TOTAL,4AROA192.55,10,0.13482758620689655,0.04,0.83,32
AMMONIA_TOTAL,4AROA192.94,5,0.13,0.03,0.53,25
AMMONIA_TOTAL,4AROA192.94,6,0.11205882352941177,0.01,0.58,35
AMMONIA_TOTAL,4AROA192.94,7,0.0604,0,0.44,26
AMMONIA_TOTAL,4AROA192.94,8,0.08887254901960785,0.01,0.65,35
AMMONIA_TOTAL,4AROA192.94,9,0.06260869565217392,0.02,0.2,23
AMMONIA_TOTAL,4AROA192.94,10,0.06741379310344828,0.02,0.19,30
AMMONIA_TOTAL,4AROA196.05,5,0.13020833333333334,0.02,1.2,24
AMMONIA_TOTAL,4AROA196.05,6,0.1812857142857143,0.01,1.2,37
AMMONIA_TOTAL,4AROA196.05,7,0.164,0.03,1.1,25
AMMONIA_TOTAL,4AROA196.05,8,0.15039473684210528,0.03,0.9,39
AMMONIA_TOTAL,4AROA196.05,9,0.13375,0.02,1.15,24
AMMONIA_TOTAL,4AROA196.05,10,0.1115625,0.01,0.8,33
AMMONIA_TOTAL,4ASRE046.90,5,0.036470588235294116,-0.01,0.14,18
AMMONIA_TOTAL,4ASRE046.90,6,0.04523809523809524,0,0.1,22
AMMONIA_TOTAL,4ASRE046.90,7,0.0335,0,0.1,21
AMMONIA_TOTAL,4ASRE046.90,8,0.044057971014492756,0,0.13333333333333333,23
AMMONIA_TOTAL,4ASRE046.90,9,0.04631578947368421,0,0.11,19
AMMONIA_TOTAL,4ASRE046.90,10,0.04666666666666667,0.01,0.13333333333333333,17
AMMONIA_TOTAL,4ASRE048.98,5,0.034375,0,0.15000000000000002,17
AMMONIA_TOTAL,4ASRE048.98,6,0.03066666666666667,0,0.1,16
AMMONIA_TOTAL,4ASRE048.98,7,0.024047619047619047,0,0.04666666666666667,16
AMMONIA_TOTAL,4ASRE048.98,8,0.023333333333333334,0,0.1,15
AMMONIA_TOTAL,4ASRE048.98,9,0.02642857142857143,0,0.1,14
AMMONIA_TOTAL,4ASRE048.98,10,0.04238095238095238,0,0.15,14
AMMONIA_TOTAL,4ASRE056.06,5,0.030925925925925926,-0.01,0.1,21
AMMONIA_TOTAL,4ASRE056.06,6,0.0325,0,0.1,17
AMMONIA_TOTAL,4ASRE056.06,7,0.02266666666666667,0,0.04,18
AMMONIA_TOTAL,4ASRE056.06,8,0.021764705882352943,0,0.04,17
AMMONIA_TOTAL,4ASRE056.06,9,0.033846153846153845,0,0.15000000000000002,15
AMMONIA_TOTAL,4ASRE056.06,10,0.044000000000000004,0,0.1,15
AMMONIA_TOTAL,4AWTH000.40,5,0.026000000000000002,0,0.04,25
AMMONIA_TOTAL,4AWTH000.40,6,0.028666666666666667,0,0.06,31
AMMONIA_TOTAL,4AWTH000.40,7,0.024,0,0.04,25
AMMONIA_TOTAL,4AWTH000.40,8,0.026904761904761907,0,0.043333333333333335,29
AMMONIA_TOTAL,4AWTH000.40,9,0.026000000000000002,-0.01,0.05,25
AMMONIA_TOTAL,4AWTH000.40,10,0.051304347826086956,0.01,0.20666666666666667,24
AMMONIA_TOTAL,6APNR008.15,5,0.07923076923076923,0.01,0.1,13
AMMONIA_TOTAL,6APNR008.15,6,0.08615384615384616,0.04,0.1,14
AMMONIA_TOTAL,6APNR008.15,7,0.0825,0.01,0.1,15
AMMONIA_TOTAL,6APNR008.15,8,0.10363636363636364,0.04,0.2,13
AMMONIA_TOTAL,6APNR008.15,9,0.13545454545454547,0.04,0.55,13
AMMONIA_TOTAL,6APNR008.15,10,0.11833333333333333,0.04,0.5,13
AMMONIA_TOTAL,8-NAR047.69,5,0.02684375,0,0.05,16
AMMONIA_TOTAL,8-NAR047.69,6,0.02331578947368421,0,0.04,19
AMMONIA_TOTAL,8-NAR047.69,7,0.017888888888888888,-5e-4,0.04,18
AMMONIA_TOTAL,8-NAR047.69,8,0.02399206349206349,-0.0015,0.04,21
AMMONIA_TOTAL,8-NAR047.69,9,0.029708333333333333,0,0.1,16
AMMONIA_TOTAL,8-NAR047.69,10,0.04846491228070176,0.0023333333333333335,0.14,19
AMMONIA_TOTAL,8-NAR054.17,5,0.020136363636363636,0,0.05,11
AMMONIA_TOTAL,8-NAR054.17,6,0.01888235294117647,0,0.09,18
AMMONIA_TOTAL,8-NAR054.17,7,0.013117647058823529,-5e-4,0.04,17
AMMONIA_TOTAL,8-NAR054.17,8,0.01725,-0.0015,0.04,18
AMMONIA_TOTAL,8-NAR054.17,9,0.021535714285714287,0,0.07500000000000001,14
AMMONIA_TOTAL,8-NAR054.17,10,0.0248125,0,0.04,16
AMMONIA_TOTAL,9-NEW087.14,5,0.046021505376344085,0.01,0.10333333333333333,31
AMMONIA_TOTAL,9-NEW087.14,6,0.05337962962962963,0,0.225,36
AMMONIA_TOTAL,9-NEW087.14,7,0.04181818181818182,0,0.12000000000000001,33
AMMONIA_TOTAL,9-NEW087.14,8,0.07714912280701755,0,0.43,38
AMMONIA_TOTAL,9-NEW087.14,9,0.05142857142857143,0,0.21666666666666667,28
AMMONIA_TOTAL,9-NEW087.14,10,0.11161616161616161,0,0.73,33
AMMONIA_TOTAL,9-NEW089.34,5,0.04956989247311828,0.01,0.2,31
AMMONIA_TOTAL,9-NEW089.34,6,0.04735294117647059,0,0.15000000000000002,34
AMMONIA_TOTAL,9-NEW089.34,7,0.037395833333333336,0.01,0.1,33
AMMONIA_TOTAL,9-NEW089.34,8,0.17423423423423423,0,4.3,38
AMMONIA_TOTAL,9-NEW089.34,9,0.04261904761904762,0,0.13,28
AMMONIA_TOTAL,9-NEW089.34,10,0.07822580645161291,0,0.39,32
AMMONIA_TOTAL,9-NEW092.66,5,0.06111111111111111,0.01,0.3,30
AMMONIA_TOTAL,9-NEW092.66,6,0.05764705882352941,0,0.26666666666666666,34
AMMONIA_TOTAL,9-NEW092.66,7,0.043854166666666666,0.01,0.21666666666666667,33
AMMONIA_TOTAL,9-NEW092.66,8,0.10612612612612614,0,0.65,38
AMMONIA_TOTAL,9-NEW092.66,9,0.08523809523809524,0,0.75,29
AMMONIA_TOTAL,9-NEW092.66,10,0.0928494623655914,0,0.5333333333333333,32
AMMONIA_TOTAL,9-NEW098.32,5,0.08086538461538462,0.04,0.20666666666666667,62
AMMONIA_TOTAL,9-NEW098.32,6,0.0666,0.01,0.12,60
AMMONIA_TOTAL,9-NEW098.32,7,0.05905660377358491,0.01,0.18,65
AMMONIA_TOTAL,9-NEW098.32,8,0.0503921568627451,0,0.1,59
AMMONIA_TOTAL,9-NEW098.32,9,0.050816326530612244,0.01,0.1,58
AMMONIA_TOTAL,9-NEW098.32,10,0.052553333333333334,0,0.12,59
AMMONIA_TOTAL,9-PKC000.00,5,0.05185185185185185,0.01,0.23,27
AMMONIA_TOTAL,9-PKC000.00,6,0.052580645161290324,0,0.23333333333333334,31
AMMONIA_TOTAL,9-PKC000.00,7,0.03816091954022988,0.01,0.24,29
AMMONIA_TOTAL,9-PKC000.00,8,0.0684375,0,0.35000000000000003,32
AMMONIA_TOTAL,9-PKC000.00,9,0.03888888888888889,0,0.18666666666666665,24
AMMONIA_TOTAL,9-PKC000.00,10,0.047530864197530866,0.01,0.195,28
AMMONIA_TOTAL,9-PKC004.16,5,0.05185185185185185,0.01,0.23,27
AMMONIA_TOTAL,9-PKC004.16,6,0.05224137931034483,0.01,0.2,29
AMMONIA_TOTAL,9-PKC004.16,7,0.039655172413793106,0.01,0.1,29
AMMONIA_TOTAL,9-PKC004.16,8,0.04421875,0,0.15,32
AMMONIA_TOTAL,9-PKC004.16,9,0.0375,0,0.06,24
AMMONIA_TOTAL,9-PKC004.16,10,0.03510714285714286,0.008,0.1,28
NITRATE_TOTAL,4ABWR002.50,5,0.19874999999999998,0.07,0.4766666666666666,25
NITRATE_TOTAL,4ABWR002.50,6,0.27,0.02,0.55,35
NITRATE_TOTAL,4ABWR002.50,7,0.10666666666666667,0.02,0.3666666666666667,27
NITRATE_TOTAL,4ABWR002.50,8,0.16115384615384615,0,0.35,33
NITRATE_TOTAL,4ABWR002.50,9,0.08933333333333333,0.01,0.23333333333333334,22
NITRATE_TOTAL,4ABWR002.50,10,0.17144444444444445,0.08,0.33333333333333337,31
NITRATE_TOTAL,4ABWR010.55,5,0.22333333333333333,0.08,0.49333333333333335,25
NITRATE_TOTAL,4ABWR010.55,6,0.31256410256410255,0.04,0.5666666666666667,34
NITRATE_TOTAL,4ABWR010.55,7,0.13733333333333334,0,0.39333333333333337,27
NITRATE_TOTAL,4ABWR010.55,8,0.18964285714285714,0.01,0.5,35
NITRATE_TOTAL,4ABWR010.55,9,0.1225,0.01,0.22,22
NITRATE_TOTAL,4ABWR010.55,10,0.20333333333333334,0.08,0.3466666666666667,30
NITRATE_TOTAL,4AROA163.76,5,0.2025,0.07,0.47000000000000003,26
NITRATE_TOTAL,4AROA163.76,6,0.2733333333333333,0.02,0.73,36
NITRATE_TOTAL,4AROA163.76,7,0.052,0.04,0.06,25
NITRATE_TOTAL,4AROA163.76,8,0.16077777777777777,0,0.34,35
NITRATE_TOTAL,4AROA163.76,9,0.05611111111111111,0,0.11666666666666667,25
NITRATE_TOTAL,4AROA163.76,10,0.16044444444444445,0.06,0.21333333333333332,29
NITRATE_TOTAL,4AROA175.63,5,0.336969696969697,0.01,0.7066666666666667,28
NITRATE_TOTAL,4AROA175.63,6,0.33212121212121215,0.01,0.91,43
NITRATE_TOTAL,4AROA175.63,7,0.098,0.01,0.33,31
NITRATE_TOTAL,4AROA175.63,8,0.14015151515151517,0,0.35,44
NITRATE_TOTAL,4AROA175.63,9,0.034444444444444444,0,0.12,27
NITRATE_TOTAL,4AROA175.63,10,0.19814814814814816,0.01,0.5833333333333334,36
NITRATE_TOTAL,4AROA192.55,5,0.8316,0.08,2.1,31
NITRATE_TOTAL,4AROA192.55,6,0.8339285714285715,0.01,1.61,32
NITRATE_TOTAL,4AROA192.55,7,0.7292307692307692,0.02,2.72,33
NITRATE_TOTAL,4AROA192.55,8,0.6706896551724137,0.03,2.84,33
NITRATE_TOTAL,4AROA192.55,9,0.9011538461538462,0.01,1.87,32
NITRATE_TOTAL,4AROA192.55,10,0.9141379310344828,0.12,1.97,32
NITRATE_TOTAL,4AROA196.05,5,1.0977777777777777,0.295,2.63,24
NITRATE_TOTAL,4AROA196.05,6,1.1697222222222223,0.04,1.9,37
NITRATE_TOTAL,4AROA196.05,7,1.6425,0.125,3.87,25
NITRATE_TOTAL,4AROA196.05,8,1.57475,0.02,3.61,39
NITRATE_TOTAL,4AROA196.05,9,1.7157142857142857,0.13,3.81,24
NITRATE_TOTAL,4AROA196.05,10,1.685625,0.55,2.71,33
NITRATE_TOTAL,6APNR008.15,5,0.2123076923076923,0.07,0.39,13
NITRATE_TOTAL,6APNR008.15,6,0.14285714285714285,0.05,0.3,14
NITRATE_TOTAL,6APNR008.15,7,0.06615384615384616,0.01,0.14,15
NITRATE_TOTAL,6APNR008.15,8,0.046363636363636364,0.01,0.08,13
NITRATE_TOTAL,6APNR008.15,9,0.07636363636363637,0.02,0.27,13
NITRATE_TOTAL,6APNR008.15,10,0.13333333333333333,0.05,0.31,13
NITRATE_TOTAL,9-NEW087.14,5,0.44416666666666665,0.31,0.62,31
NITRATE_TOTAL,9-NEW087.14,6,0.3684375,0.07,0.7,36
NITRATE_TOTAL,9-NEW087.14,7,0.14666666666666667,0.01,0.41,33
NITRATE_TOTAL,9-NEW087.14,8,0.15355555555555556,0.01,0.33666666666666667,38
NITRATE_TOTAL,9-NEW087.14,9,0.20714285714285713,0.08,0.41,28
NITRATE_TOTAL,9-NEW087.14,10,0.22602380952380952,0.01,0.6533333333333333,33
NITRATE_TOTAL,9-NEW089.34,5,0.44272727272727275,0.31,0.6666666666666666,31
NITRATE_TOTAL,9-NEW089.34,6,0.3565384615384615,0.05,0.6166666666666667,34
NITRATE_TOTAL,9-NEW089.34,7,0.16066666666666668,0.01,0.43333333333333335,33
NITRATE_TOTAL,9-NEW089.34,8,0.1319047619047619,0.01,0.37,38
NITRATE_TOTAL,9-NEW089.34,9,0.19476190476190477,0.05,0.37333333333333335,28
NITRATE_TOTAL,9-NEW089.34,10,0.2096111111111111,0.08,0.41,32
NITRATE_TOTAL,9-NEW092.66,5,0.44545454545454544,0.31,0.7,30
NITRATE_TOTAL,9-NEW092.66,6,0.3914102564102564,0.05,0.6566666666666667,34
NITRATE_TOTAL,9-NEW092.66,7,0.20066666666666666,0.01,0.44,33
NITRATE_TOTAL,9-NEW092.66,8,0.13523809523809524,0.01,0.35,38
NITRATE_TOTAL,9-NEW092.66,9,0.17857142857142858,0.04,0.34,29
NITRATE_TOTAL,9-NEW092.66,10,0.2241388888888889,0.06,0.5,32
NITRATE_TOTAL,9-NEW098.32,5,0.38727272727272727,0.09,0.6,62
NITRATE_TOTAL,9-NEW098.32,6,0.32413793103448274,0.05,0.6,60
NITRATE_TOTAL,9-NEW098.32,7,0.29935483870967744,0.1,0.57,65
NITRATE_TOTAL,9-NEW098.32,8,0.24785714285714286,0.02,0.53,59
NITRATE_TOTAL,9-NEW098.32,9,0.18517857142857144,0.05,0.33,58
NITRATE_TOTAL,9-NEW098.32,10,0.1982258064516129,0.01,0.54,59
DIN,4ABWR002.50,5,0.23124999999999998,0.08,0.5766666666666667,25
DIN,4ABWR002.50,6,0.32166666666666666,0.03,0.65,35
DIN,4ABWR002.50,7,0.13904761904761906,0.02,0.42333333333333334,27
DIN,4ABWR002.50,8,0.25846153846153846,0,0.5900000000000001,33
DIN,4ABWR002.50,9,0.14866666666666667,0.01,0.35,22
DIN,4ABWR002.50,10,0.2957777777777778,0.09,0.515,31
DIN,4ABWR010.55,5,0.25833333333333336,0.09,0.5633333333333334,25
DIN,4ABWR010.55,6,0.37576923076923074,0.06,0.6666666666666666,34
DIN,4ABWR010.55,7,0.18200000000000002,0.01,0.4666666666666667,27
DIN,4ABWR010.55,8,0.30095238095238097,0.03,0.5499999999999999,35
DIN,4ABWR010.55,9,0.15583333333333335,0.02,0.28,22
DIN,4ABWR010.55,10,0.3464102564102564,0.19,0.5133333333333333,30
DIN,4AROA163.76,5,0.234375,0.09999999999999999,0.5700000000000001,26
DIN,4AROA163.76,6,0.32729166666666665,0.03,0.83,36
DIN,4AROA163.76,7,0.074,0.06,0.1,25
DIN,4AROA163.76,8,0.23122222222222222,0,0.4733333333333334,35
DIN,4AROA163.76,9,0.09444444444444444,0,0.22666666666666668,25
DIN,4AROA163.76,10,0.2882222222222222,0.06,0.5266666666666667,29
DIN,4AROA175.63,5,0.3981818181818182,0.13,0.84,28
DIN,4AROA175.63,6,0.4049242424242424,0.08,1.01,43
DIN,4AROA175.63,7,0.14600000000000002,0.02,0.33,31
DIN,4AROA175.63,8,0.2246969696969697,0,0.54,44
DIN,4AROA175.63,9,0.08,0,0.22,27
DIN,4AROA175.63,10,0.3131481481481482,0.060000000000000005,0.6966666666666667,36
DIN,4AROA192.55,5,1.0364,0.18,2.3000000000000003,31
DIN,4AROA192.55,6,0.9760714285714286,0.11,1.73,32
DIN,4AROA192.55,7,0.8046153846153846,0.08,2.7600000000000002,33
DIN,4AROA192.55,8,0.765,0.13,2.9499999999999997,33
DIN,4AROA192.55,9,0.995,0.14,1.9000000000000001,32
DIN,4AROA192.55,10,1.0489655172413794,0.22,2.04,32
DIN,4AROA196.05,5,1.3627777777777779,0.47,2.7199999999999998,24
DIN,4AROA196.05,6,1.4444444444444444,0.07,2.41,37
DIN,4AROA196.05,7,2.0708333333333333,0.20500000000000002,4.0200000000000005,25
DIN,4AROA196.05,8,1.798,0.12000000000000001,3.6799999999999997,39
DIN,4AROA196.05,9,1.9942857142857144,0.23,3.87,24
DIN,4AROA196.05,10,1.858125,0.66,2.86,33
DIN,6APNR008.15,5,0.2915384615384615,0.15000000000000002,0.47,13
DIN,6APNR008.15,6,0.22461538461538463,0.15000000000000002,0.4,14
DIN,6APNR008.15,7,0.15083333333333335,0.11,0.19,15
DIN,6APNR008.15,8,0.15000000000000002,0.11,0.26,13
DIN,6APNR008.15,9,0.21181818181818185,0.12000000000000001,0.8200000000000001,13
DIN,6APNR008.15,10,0.2516666666666667,0.15000000000000002,0.5700000000000001,13
DIN,9-NEW087.14,5,0.5113888888888889,0.35000000000000003,0.69,31
DIN,9-NEW087.14,6,0.44916666666666666,0.1,0.845,36
DIN,9-NEW087.14,7,0.2125,0.03,0.48,33
DIN,9-NEW087.14,8,0.3045555555555556,0.04,0.65,38
DIN,9-NEW087.14,9,0.32,0.12,0.5533333333333333,28
DIN,9-NEW087.14,10,0.43983333333333335,0.08,0.89,33
DIN,9-NEW089.34,5,0.5106060606060606,0.37,0.7666666666666666,31
DIN,9-NEW089.34,6,0.4296153846153846,0.07,0.7166666666666667,34
DIN,9-NEW089.34,7,0.22233333333333333,0.02,0.4766666666666667,33
DIN,9-NEW089.34,8,0.5452380952380952,0.04,4.34,38
DIN,9-NEW089.34,9,0.27666666666666667,0.09,0.44666666666666666,28
DIN,9-NEW089.34,10,0.3516944444444444,0.09,0.63,32
DIN,9-NEW092.66,5,0.5457575757575758,0.36,0.8333333333333333,30
DIN,9-NEW092.66,6,0.4914102564102564,0.07,0.7733333333333333,34
DIN,9-NEW092.66,7,0.28,0.04,0.5633333333333334,33
DIN,9-NEW092.66,8,0.36714285714285716,0.08,0.8700000000000001,38
DIN,9-NEW092.66,9,0.3180952380952381,0.08,0.6033333333333333,29
DIN,9-NEW092.66,10,0.4056666666666667,0.06999999999999999,0.755,32
DIN,9-NEW098.32,5,0.4725757575757576,0.13,0.7,62
DIN,9-NEW098.32,6,0.3982142857142857,0.08,0.6699999999999999,60
DIN,9-NEW098.32,7,0.3738709677419355,0.2,0.6699999999999999,65
DIN,9-NEW098.32,8,0.31142857142857144,0.09000000000000001,0.54,59
DIN,9-NEW098.32,9,0.24839285714285717,0.09,0.42000000000000004,58
DIN,9-NEW098.32,10,0.2578279569892473,0.06999999999999999,0.5900000000000001,59
