STATION_ID,minYear_Secchi,maxYear_Secchi,nYears_Secchi,minYear_CHLa,maxYear_CHLa,nYears_CHLA,minYear_totNitrogen,maxYear_totNitrogen,nYears_totNitrogen,minYear_totPhosphorus,maxYear_totPhosphorus,nYears_totPhosphorus,minYear_TSF,maxYear_TSF,nYears_TSF,minYear_TF,maxYear_TF,nYears_TF,minYear_TSS,maxYear_TSS,nYears_TSS,minYear_AMMONIA,maxYear_AMMONIA,nYears_AMMONIA,minYear_NITRATE,maxYear_NITRATE,nYears_NITRATE,minYear_DIN,maxYear_DIN,nYears_DIN
1AACO012.78,NA,NA,0,NA,NA,0,NA,NA,0,NA,NA,0,1980,1980,1,NA,NA,0,1980,1980,1,1980,1980,1,NA,NA,0,NA,NA,0
1AAUA012.15,2013,2022,5,2004,2022,6,2004,2022,6,2004,2022,6,NA,NA,0,NA,NA,0,2021,2022,2,2004,2022,6,2021,2022,2,2021,2022,2
1AAUA012.55,2013,2019,2,2004,2019,3,2004,2019,3,2004,2019,3,NA,NA,0,NA,NA,0,NA,NA,0,2004,2019,3,NA,NA,0,NA,NA,0
1AAUA013.05,2021,2022,2,2021,2022,2,2021,2022,2,2021,2022,2,NA,NA,0,NA,NA,0,2021,2022,2,2021,2022,2,2021,2022,2,2021,2022,2
1ABED000.19,2013,2019,2,2004,2019,3,2004,2019,3,2004,2019,3,NA,NA,0,NA,NA,0,NA,NA,0,2004,2019,3,NA,NA,0,NA,NA,0
1ABED000.87,2021,2022,2,2021,2022,2,2021,2022,2,2021,2022,2,NA,NA,0,NA,NA,0,2021,2022,2,2021,2022,2,2021,2022,2,2021,2022,2
1ABEE000.40,2015,2016,2,2015,2016,2,2015,2016,2,2015,2016,2,NA,NA,0,NA,NA,0,NA,NA,0,2015,2016,2,NA,NA,0,NA,NA,0
1ABEE001.40,2015,2015,1,2015,2015,1,2015,2015,1,2015,2015,1,NA,NA,0,NA,NA,0,NA,NA,0,2015,2015,1,NA,NA,0,NA,NA,0
1ABUL001.57,NA,NA,0,NA,NA,0,NA,NA,0,NA,NA,0,NA,NA,0,NA,NA,0,NA,NA,0,1972,1974,3,1972,1974,3,1972,1974,3
1AGOO004.93,2015,2016,2,2015,2016,2,2015,2016,2,2015,2016,2,NA,NA,0,NA,NA,0,NA,NA,0,2015,2016,2,NA,NA,0,NA,NA,0
1AGOO005.57,2015,2016,2,2015,2016,2,2015,2016,2,2015,2016,2,NA,NA,0,NA,NA,0,NA,NA,0,2015,2016,2,NA,NA,0,NA,NA,0
1AHAM003.08,2010,2011,2,2010,2011,2,2010,2011,2,2010,2011,2,NA,NA,0,NA,NA,0,NA,NA,0,2010,2011,2,NA,NA,0,NA,NA,0
1ALOH001.51,2016,2017,2,2016,2017,2,2016,2017,2,2016,2017,2,NA,NA,0,NA,NA,0,NA,NA,0,2016,2017,2,NA,NA,0,NA,NA,0
1ALOH002.20,NA,NA,0,2003,2003,1,2003,2003,1,2003,2003,1,NA,NA,0,NA,NA,0,NA,NA,0,2003,2003,1,NA,NA,0,NA,NA,0
1ALOH007.93,1999,2024,7,1999,2024,8,2004,2024,6,1999,2024,8,1999,2000,2,1999,2000,2,1999,2000,2,1999,2024,8,1999,2000,2,1999,2000,2
1AOCC008.11,NA,NA,0,NA,NA,0,NA,NA,0,NA,NA,0,NA,NA,0,NA,NA,0,NA,NA,0,1972,1974,2,1972,1974,2,1972,1974,2
1AOCC008.80,NA,NA,0,NA,NA,0,NA,NA,0,NA,NA,0,NA,NA,0,NA,NA,0,NA,NA,0,1972,1974,2,1972,1974,2,1972,1974,2
1AOCC011.88,NA,NA,0,NA,NA,0,NA,NA,0,NA,NA,0,NA,NA,0,NA,NA,0,NA,NA,0,1972,1974,2,1972,1974,2,1972,1974,2
1AOCC014.34,NA,NA,0,NA,NA,0,NA,NA,0,NA,NA,0,NA,NA,0,NA,NA,0,NA,NA,0,1972,1974,2,1972,1974,2,1972,1974,2
1APOM013.02,2009,2024,6,2003,2024,7,2003,2024,7,2003,2024,7,NA,NA,0,NA,NA,0,NA,NA,0,2003,2024,7,NA,NA,0,NA,NA,0
1APOM013.41,NA,NA,0,2003,2003,1,2003,2003,1,2003,2003,1,NA,NA,0,NA,NA,0,NA,NA,0,2003,2003,1,NA,NA,0,NA,NA,0
1ASOH006.66,2009,2018,4,2009,2018,4,2009,2018,4,2009,2018,4,NA,NA,0,NA,NA,0,NA,NA,0,2009,2018,4,NA,NA,0,NA,NA,0
1ASOH007.26,2017,2018,2,2017,2018,2,2017,2018,2,2017,2018,2,NA,NA,0,NA,NA,0,NA,NA,0,2017,2018,2,NA,NA,0,NA,NA,0
1BCLS003.60,2006,2024,6,2006,2024,6,2006,2024,6,2006,2024,6,NA,NA,0,NA,NA,0,2023,2024,2,2006,2024,6,2023,2024,2,2023,2024,2
1BCNG003.13,2000,2024,8,2000,2024,8,2005,2024,7,2000,2024,8,2000,2000,1,NA,NA,0,2000,2000,1,2000,2024,8,2000,2000,1,2000,2000,1
1BCRO009.19,2000,2024,15,2000,2024,15,2003,2024,13,2000,2024,15,2000,2007,7,2002,2007,6,2000,2007,7,2000,2024,15,2000,2002,2,2000,2002,2
1BCRO009.79,2000,2024,15,2000,2024,15,2003,2024,13,2000,2024,15,2000,2007,7,2002,2007,6,2000,2007,7,2000,2024,15,2000,2002,2,2000,2002,2
1BDRI005.55,2006,2006,1,2006,2006,1,2006,2006,1,2006,2006,1,NA,NA,0,NA,NA,0,NA,NA,0,2006,2006,1,NA,NA,0,NA,NA,0
1BNTH043.48,2004,2024,7,2004,2024,7,2004,2024,7,2004,2024,7,NA,NA,0,NA,NA,0,2023,2024,2,2004,2024,7,2023,2024,2,2023,2024,2
1BNTH045.36,2002,2024,8,2002,2024,8,2008,2024,7,2002,2024,8,2002,2002,1,2002,2002,1,2002,2024,3,2002,2024,8,2002,2024,3,2002,2024,3
1BSKD003.18,2003,2022,7,2003,2022,7,2003,2022,7,2003,2022,7,NA,NA,0,NA,NA,0,NA,NA,0,2003,2022,7,NA,NA,0,NA,NA,0
1BSTY023.05,2007,2018,5,2007,2018,5,2007,2018,5,2007,2018,5,NA,NA,0,NA,NA,0,NA,NA,0,2007,2018,5,NA,NA,0,NA,NA,0
1BXCE000.63,2000,2024,15,2000,2024,15,2003,2024,13,2000,2024,15,2000,2007,7,2002,2007,6,2000,2007,7,2000,2024,15,2000,2002,2,2000,2002,2
1BXEF000.23,2005,2016,3,2005,2016,5,2005,2016,5,2005,2016,5,NA,NA,0,NA,NA,0,NA,NA,0,2005,2016,5,NA,NA,0,NA,NA,0
2-APP020.23,1980,2023,10,2001,2023,9,2006,2023,8,1980,2023,10,1980,2001,2,2001,2001,1,1980,2023,4,1980,2023,10,2001,2023,3,2001,2023,3
2-APP020.90,NA,NA,0,NA,NA,0,NA,NA,0,NA,NA,0,NA,NA,0,NA,NA,0,NA,NA,0,1972,1975,4,1972,1975,4,1972,1975,4
2-APP023.27,2001,2023,9,2001,2023,9,2006,2023,8,2001,2023,9,2001,2001,1,2001,2001,1,2001,2023,3,2001,2023,9,2001,2023,3,2001,2023,3
2-APP024.26,NA,NA,0,NA,NA,0,NA,NA,0,NA,NA,0,NA,NA,0,NA,NA,0,NA,NA,0,1972,1975,4,1972,1975,4,1972,1975,4
2-APP026.51,NA,NA,0,NA,NA,0,NA,NA,0,NA,NA,0,NA,NA,0,NA,NA,0,NA,NA,0,1972,1978,5,1972,1978,5,1972,1978,5
2-APP026.67,2001,2023,9,2001,2023,9,2006,2023,8,2001,2023,9,2001,2001,1,2001,2001,1,2001,2023,3,2001,2023,9,2001,2023,3,2001,2023,3
2-APP028.58,2001,2019,7,2001,2019,7,2006,2019,6,2001,2019,7,2001,2001,1,2001,2001,1,2001,2001,1,1972,2019,12,1972,2001,6,1972,2001,6
2-APP029.23,2001,2009,3,2001,2009,3,2006,2009,2,2001,2009,3,2001,2001,1,2001,2001,1,2001,2001,1,1972,2009,7,1972,2001,5,1972,2001,5
2-APP029.99,NA,NA,0,NA,NA,0,NA,NA,0,NA,NA,0,NA,NA,0,NA,NA,0,NA,NA,0,1972,1975,4,1972,1975,4,1972,1975,4
2-BRC001.55,2004,2023,3,2004,2023,3,2004,2023,3,2004,2023,3,NA,NA,0,NA,NA,0,NA,NA,0,2004,2023,3,NA,NA,0,NA,NA,0
2-BRC001.80,NA,NA,0,NA,NA,0,NA,NA,0,NA,NA,0,NA,NA,0,NA,NA,0,NA,NA,0,1973,1975,3,1973,1975,3,1973,1975,3
2-BRI010.78,2003,2024,10,2003,2024,10,2003,2024,10,2003,2024,10,NA,NA,0,NA,NA,0,NA,NA,0,2003,2024,10,NA,NA,0,NA,NA,0
2-BRI013.12,2003,2024,10,2003,2024,10,2003,2024,10,2003,2024,10,NA,NA,0,NA,NA,0,NA,NA,0,2003,2024,10,NA,NA,0,NA,NA,0
2-BVR002.19,2004,2024,7,2004,2024,7,2004,2024,7,2004,2024,7,NA,NA,0,NA,NA,0,2023,2024,2,2004,2024,7,2023,2024,2,2023,2024,2
2-BVR002.59,NA,NA,0,NA,NA,0,NA,NA,0,1978,1978,1,NA,NA,0,NA,NA,0,NA,NA,0,1978,1978,1,1978,1978,1,1978,1978,1
2-CFK004.34,2004,2022,8,2004,2022,8,2004,2022,8,2004,2022,8,NA,NA,0,NA,NA,0,NA,NA,0,2004,2022,8,NA,NA,0,NA,NA,0
2-CHK025.15,2001,2023,8,2001,2023,8,2006,2023,7,2001,2023,8,2001,2001,1,2001,2001,1,2001,2023,3,2001,2023,8,2001,2023,3,2001,2023,3
2-CHK026.94,2001,2023,8,2001,2023,8,2006,2023,7,2001,2023,8,2001,2001,1,2001,2001,1,2001,2023,3,2001,2023,8,2001,2023,3,2001,2023,3
2-CHK027.20,NA,NA,0,NA,NA,0,NA,NA,0,NA,NA,0,NA,NA,0,NA,NA,0,NA,NA,0,1978,1978,1,NA,NA,0,NA,NA,0
2-CHK029.54,2001,2018,6,2001,2018,6,2006,2018,5,2001,2018,6,2001,2001,1,2001,2001,1,2001,2001,1,2001,2018,6,2001,2001,1,2001,2001,1
2-DSC005.91,2002,2022,8,2002,2022,8,2007,2022,7,2002,2022,8,2002,2002,1,2002,2002,1,2002,2022,3,2002,2022,8,2002,2022,3,2002,2022,3
2-DSC007.09,2002,2022,8,2002,2022,8,2007,2022,7,2002,2022,8,2002,2002,1,2002,2002,1,2002,2022,3,2002,2022,8,2002,2022,3,2002,2022,3
2-DYC000.19,2001,2024,8,2001,2024,8,2006,2024,7,2001,2024,8,1978,2001,2,1978,2001,2,1978,2024,4,1978,2024,9,2001,2024,3,2001,2024,3
2-DYC001.19,NA,NA,0,NA,NA,0,NA,NA,0,NA,NA,0,1978,1978,1,1978,1978,1,1978,1978,1,1978,1978,1,NA,NA,0,NA,NA,0
2-DYC001.39,NA,NA,0,NA,NA,0,NA,NA,0,NA,NA,0,1978,1978,1,1978,1978,1,1978,1978,1,1978,1978,1,NA,NA,0,NA,NA,0
2-DYC001.78,NA,NA,0,NA,NA,0,NA,NA,0,NA,NA,0,1978,1978,1,1978,1978,1,1978,1978,1,1978,1978,1,NA,NA,0,NA,NA,0
2-DYC002.57,NA,NA,0,NA,NA,0,NA,NA,0,NA,NA,0,1978,1978,1,1978,1978,1,1978,1978,1,1978,1978,1,NA,NA,0,NA,NA,0
2-FAC003.85,1980,2015,6,2003,2015,5,2008,2015,4,1980,2015,6,1980,2003,2,2003,2003,1,1980,2003,2,1980,2015,6,2003,2003,1,2003,2003,1
2-GRA000.40,2002,2002,1,2002,2002,1,NA,NA,0,2002,2002,1,2002,2002,1,2002,2002,1,2002,2002,1,2002,2002,1,2002,2002,1,2002,2002,1
2-HOL001.05,2004,2023,6,2004,2023,6,2004,2023,6,2004,2023,6,NA,NA,0,NA,NA,0,NA,NA,0,2004,2023,6,NA,NA,0,NA,NA,0
2-JCB000.80,2006,2022,7,2006,2022,7,2006,2022,7,2006,2022,7,NA,NA,0,NA,NA,0,2021,2022,2,2006,2022,7,2021,2022,2,2021,2022,2
2-JKS044.60,1998,2022,13,1999,2022,12,2004,2022,9,1983,2022,18,1983,2002,9,1983,2002,9,1983,2002,9,1983,2022,18,1983,2002,9,1983,2002,9
2-JKS046.40,1997,2022,14,1999,2022,12,2004,2022,9,1983,2022,18,1983,2002,9,1983,2002,9,1983,2002,9,1983,2022,18,1983,2002,9,1983,2002,9
2-JKS048.90,1997,2022,14,1999,2022,12,2004,2022,9,1983,2022,18,1983,2002,9,1983,2002,9,1983,2002,9,1983,2022,18,1983,2002,9,1983,2002,9
2-JKS053.48,1997,2022,14,2001,2022,11,2004,2022,9,1983,2022,17,1983,2002,8,1983,2002,8,1983,2002,8,1983,2022,17,1983,2002,8,1983,2002,8
2-LCN000.20,1980,2024,9,2003,2024,8,2003,2024,8,1980,2024,9,1980,1980,1,NA,NA,0,1980,2024,3,1980,2024,9,2021,2024,2,2021,2024,2
2-LDJ000.62,2004,2021,7,2004,2021,7,2004,2021,7,2004,2021,7,NA,NA,0,NA,NA,0,NA,NA,0,2004,2021,7,NA,NA,0,NA,NA,0
2-LHR000.96,2002,2002,1,2002,2002,1,NA,NA,0,2002,2002,1,2002,2002,1,2002,2002,1,2002,2002,1,2002,2002,1,2002,2002,1,2002,2002,1
2-LHR001.76,2002,2022,6,2002,2022,6,2010,2022,5,2002,2022,6,2002,2002,1,2002,2002,1,2002,2022,2,2002,2022,6,2002,2022,2,2002,2022,2
2-LHR002.56,2002,2022,6,2002,2022,6,2010,2022,5,2002,2022,6,2002,2002,1,2002,2002,1,2002,2022,2,2002,2022,6,2002,2022,2,2002,2022,2
2-LKK000.80,2003,2003,1,2003,2003,1,2003,2003,1,2003,2003,1,NA,NA,0,NA,NA,0,NA,NA,0,2003,2003,1,NA,NA,0,NA,NA,0
2-LMD000.02,2001,2024,8,2001,2024,8,2007,2024,7,2001,2024,8,2001,2001,1,2001,2001,1,2001,2024,3,2001,2024,8,2001,2024,3,2001,2024,3
2-LMD000.20,2001,2007,2,2001,2007,2,2007,2007,1,2001,2007,2,2001,2001,1,2001,2001,1,2001,2001,1,2001,2007,2,2001,2001,1,2001,2001,1
2-LMD000.41,2001,2007,2,2001,2007,2,2007,2007,1,2001,2007,2,2001,2001,1,2001,2001,1,2001,2001,1,2001,2007,2,2001,2001,1,2001,2001,1
2-LMD001.41,2001,2024,8,2001,2024,8,2007,2024,7,2001,2024,8,2001,2001,1,2001,2001,1,2001,2024,3,2001,2024,8,2001,2024,3,2001,2024,3
2-LMD002.07,2001,2007,2,2001,2007,2,2007,2007,1,2001,2007,2,2001,2001,1,2001,2001,1,2001,2001,1,2001,2007,2,2001,2001,1,2001,2001,1
2-LMD004.35,2003,2008,2,2003,2008,2,2003,2008,2,2003,2008,2,NA,NA,0,NA,NA,0,NA,NA,0,2003,2008,2,NA,NA,0,NA,NA,0
2-LMD005.55,2003,2003,1,2003,2003,1,NA,NA,0,2003,2003,1,NA,NA,0,NA,NA,0,NA,NA,0,2003,2003,1,NA,NA,0,NA,NA,0
2-LPR000.02,2001,2024,8,2001,2024,8,2007,2024,7,2001,2024,8,2001,2001,1,2001,2001,1,2001,2024,3,2001,2024,8,2001,2024,3,2001,2024,3
2-LPR007.55,2001,2007,2,2001,2007,2,2007,2007,1,2001,2007,2,2001,2001,1,2001,2001,1,2001,2001,1,2001,2007,2,2001,2001,1,2001,2001,1
2-LSL000.04,2004,2022,6,2004,2022,6,2004,2022,6,2004,2022,6,NA,NA,0,NA,NA,0,NA,NA,0,2004,2022,6,NA,NA,0,NA,NA,0
2-LSL000.16,2004,2022,6,2004,2022,6,2004,2022,6,2004,2022,6,NA,NA,0,NA,NA,0,2022,2022,1,2004,2022,6,2022,2022,1,2022,2022,1
2-LSL000.20,2004,2022,6,2004,2022,6,2004,2022,6,2004,2022,6,NA,NA,0,NA,NA,0,2022,2022,1,2004,2022,6,2022,2022,1,2022,2022,1
2-LTL001.20,2004,2022,7,2004,2022,7,2004,2022,7,2004,2022,7,NA,NA,0,NA,NA,0,2021,2022,2,2004,2022,7,2021,2022,2,2021,2022,2
2-LTL001.60,2004,2016,5,2004,2016,5,2004,2016,5,2004,2016,5,NA,NA,0,NA,NA,0,NA,NA,0,2004,2016,5,NA,NA,0,NA,NA,0
2-LTL002.46,2004,2022,7,2004,2022,7,2004,2022,7,2004,2022,7,NA,NA,0,NA,NA,0,2021,2022,2,2004,2022,7,2021,2022,2,2021,2022,2
2-MBN000.96,2004,2024,10,2004,2024,10,2004,2024,10,2004,2024,10,NA,NA,0,NA,NA,0,NA,NA,0,2004,2024,10,NA,NA,0,NA,NA,0
2-MIN000.98,2006,2024,7,2006,2024,7,2006,2024,7,2006,2024,7,NA,NA,0,NA,NA,0,NA,NA,0,2006,2024,7,NA,NA,0,NA,NA,0
2-MNR014.50,2001,2020,6,2001,2020,6,2007,2020,5,2001,2020,6,2001,2001,1,2001,2001,1,2001,2001,1,2001,2020,6,2001,2001,1,2001,2001,1
2-MNR014.68,1980,1980,1,NA,NA,0,NA,NA,0,1977,1980,3,1980,1980,1,NA,NA,0,1980,1980,1,1977,1980,3,1977,1978,2,1977,1978,2
2-MOR003.60,2008,2008,1,2008,2008,1,2008,2008,1,2008,2008,1,NA,NA,0,NA,NA,0,NA,NA,0,2008,2008,1,NA,NA,0,NA,NA,0
2-NWB002.93,2001,2024,8,2001,2024,8,2007,2024,7,2001,2024,8,2001,2001,1,2001,2001,1,2001,2024,3,2001,2024,8,2001,2024,3,2001,2024,3
2-NWB004.14,2001,2007,2,2001,2007,2,2007,2007,1,2001,2007,2,2001,2001,1,2001,2001,1,2001,2001,1,2001,2007,2,2001,2001,1,2001,2001,1
2-NWB004.67,2001,2024,8,2001,2024,8,2007,2024,7,2001,2024,8,2001,2001,1,2001,2001,1,2001,2024,3,2001,2024,8,2001,2024,3,2001,2024,3
2-NWB006.06,2001,2024,8,2001,2024,8,2007,2024,7,2001,2024,8,2001,2001,1,2001,2001,1,2001,2024,3,2001,2024,8,2001,2024,3,2001,2024,3
2-NWB006.56,2001,2007,2,2001,2007,2,2007,2007,1,2001,2007,2,2001,2001,1,2001,2001,1,2001,2001,1,2001,2007,2,2001,2001,1,2001,2001,1
2-NWB007.04,2003,2022,6,2003,2022,6,2003,2022,6,2003,2022,6,NA,NA,0,NA,NA,0,2022,2022,1,2003,2022,6,2022,2022,1,2022,2022,1
2-NWB009.48,2003,2003,1,2003,2003,1,2003,2003,1,2003,2003,1,NA,NA,0,NA,NA,0,NA,NA,0,2003,2003,1,NA,NA,0,NA,NA,0
2-NWB010.54,2003,2003,1,2003,2003,1,2003,2003,1,2003,2003,1,NA,NA,0,NA,NA,0,NA,NA,0,2003,2003,1,NA,NA,0,NA,NA,0
2-PKC001.84,1980,2024,8,2003,2024,7,2003,2024,7,1980,2024,8,1980,1980,1,NA,NA,0,1980,2024,3,1980,2024,8,2021,2024,2,2021,2024,2
2-POL017.59,2002,2022,12,2002,2024,14,2009,2024,11,2002,2024,14,2002,2002,1,2002,2002,1,2002,2022,3,2002,2024,10,2002,2022,3,2002,2022,3
2-POL018.71,2004,2005,2,2004,2005,2,NA,NA,0,2004,2005,2,NA,NA,0,NA,NA,0,NA,NA,0,NA,NA,0,NA,NA,0,NA,NA,0
2-RRS003.59,2003,2022,7,2003,2022,7,2003,2022,7,2003,2022,7,NA,NA,0,NA,NA,0,2021,2022,2,2003,2022,7,2021,2022,2,2021,2022,2
2-RRS005.35,NA,NA,0,NA,NA,0,NA,NA,0,1999,2000,2,1999,2000,2,2000,2000,1,1999,2000,2,1999,2000,2,1999,2000,2,1999,2000,2
2-RRS005.62,2003,2022,7,2003,2022,7,2003,2022,7,2003,2022,7,NA,NA,0,NA,NA,0,2021,2022,2,2003,2022,7,2021,2022,2,2021,2022,2
2-SDY004.27,2004,2024,10,2004,2024,10,2004,2024,10,2004,2024,10,NA,NA,0,NA,NA,0,NA,NA,0,2004,2024,10,NA,NA,0,NA,NA,0
2-SDY005.85,2004,2024,10,2004,2024,10,2004,2024,10,2004,2024,10,NA,NA,0,NA,NA,0,NA,NA,0,2004,2024,10,NA,NA,0,NA,NA,0
2-SDY011.08,2004,2022,3,2004,2022,3,2004,2022,3,2004,2022,3,NA,NA,0,NA,NA,0,NA,NA,0,2004,2022,3,NA,NA,0,NA,NA,0
2-SFT006.10,1980,2013,4,2005,2013,3,2005,2013,3,1980,2013,4,1980,1980,1,NA,NA,0,1980,1980,1,1980,2013,4,NA,NA,0,NA,NA,0
2-SFT021.25,NA,NA,0,NA,NA,0,NA,NA,0,NA,NA,0,NA,NA,0,NA,NA,0,NA,NA,0,1973,1975,3,1973,1975,3,1973,1975,3
2-SFT022.14,2003,2008,2,2003,2008,2,2008,2008,1,2003,2008,2,2003,2003,1,2003,2003,1,2003,2003,1,2003,2008,2,2003,2003,1,2003,2003,1
2-SFT023.36,NA,NA,0,NA,NA,0,NA,NA,0,NA,NA,0,NA,NA,0,NA,NA,0,NA,NA,0,1973,1975,3,1973,1975,3,1973,1975,3
2-SFT023.54,NA,NA,0,NA,NA,0,NA,NA,0,NA,NA,0,NA,NA,0,NA,NA,0,NA,NA,0,1973,1973,1,1973,1973,1,1973,1973,1
2-SFT031.08,2001,2024,8,2001,2024,8,2006,2024,7,2001,2024,8,2001,2001,1,2001,2001,1,2001,2024,3,2001,2024,8,2001,2024,3,2001,2024,3
2-SFT031.28,NA,NA,0,NA,NA,0,NA,NA,0,NA,NA,0,1978,1978,1,1978,1978,1,1978,1978,1,1978,1978,1,NA,NA,0,NA,NA,0
2-SFT031.72,NA,NA,0,NA,NA,0,NA,NA,0,NA,NA,0,1978,1978,1,1978,1978,1,1978,1978,1,1978,1978,1,NA,NA,0,NA,NA,0
2-SFT032.53,NA,NA,0,NA,NA,0,NA,NA,0,NA,NA,0,1978,1978,1,1978,1978,1,1978,1978,1,1978,1978,1,NA,NA,0,NA,NA,0
2-SFT033.42,2001,2024,8,2001,2024,8,2006,2024,7,2001,2024,8,1978,2001,2,1978,2001,2,1978,2024,4,1978,2024,9,2001,2024,3,2001,2024,3
2-SFT034.11,NA,NA,0,NA,NA,0,NA,NA,0,NA,NA,0,1975,1977,3,NA,NA,0,1975,1977,3,1972,1977,6,1972,1976,5,1972,1976,5
2-SFT034.18,NA,NA,0,NA,NA,0,NA,NA,0,NA,NA,0,1978,1978,1,1978,1978,1,1978,1978,1,1978,1978,1,NA,NA,0,NA,NA,0
2-SFT034.38,2001,2024,8,2001,2024,8,2006,2024,7,2001,2024,8,1978,2001,2,1978,2001,2,1978,2024,4,1978,2024,9,2001,2024,3,2001,2024,3
2-SHS001.00,2003,2024,8,2003,2024,8,2003,2024,8,2003,2024,8,NA,NA,0,NA,NA,0,NA,NA,0,2003,2024,8,NA,NA,0,NA,NA,0
2-SIN000.44,2001,2020,6,2001,2020,6,2007,2020,5,2001,2020,6,2001,2001,1,2001,2001,1,2001,2001,1,2001,2020,6,2001,2001,1,2001,2001,1
2-SKC001.17,NA,NA,0,2007,2008,2,2007,2014,3,2007,2014,3,NA,NA,0,NA,NA,0,2007,2007,1,2007,2007,1,NA,NA,0,NA,NA,0
2-SMH003.43,2007,2007,1,2007,2007,1,2007,2007,1,2007,2007,1,NA,NA,0,NA,NA,0,NA,NA,0,2007,2007,1,NA,NA,0,NA,NA,0
2-SPE000.17,1980,2024,9,2004,2024,8,2004,2024,8,1980,2024,9,1980,1980,1,NA,NA,0,1980,2024,3,1980,2024,9,2021,2024,2,2021,2024,2
2-SPE001.18,2004,2024,8,2004,2024,8,2004,2024,8,2004,2024,8,NA,NA,0,NA,NA,0,2021,2024,2,2004,2024,8,2021,2024,2,2021,2024,2
2-STG000.21,2010,2024,6,2010,2024,6,2010,2024,6,2010,2024,6,NA,NA,0,NA,NA,0,NA,NA,0,2010,2024,6,NA,NA,0,NA,NA,0
2-STG000.91,2010,2024,6,2010,2024,6,2010,2024,6,2010,2024,6,NA,NA,0,NA,NA,0,NA,NA,0,2010,2024,6,NA,NA,0,NA,NA,0
2-TBM000.92,2003,2014,3,2003,2014,3,2003,2014,3,2003,2014,3,NA,NA,0,NA,NA,0,NA,NA,0,2003,2014,3,NA,NA,0,NA,NA,0
2-TOT001.01,2003,2022,7,2003,2022,7,2003,2022,7,2003,2022,7,NA,NA,0,NA,NA,0,2021,2022,2,2003,2022,7,2021,2022,2,2021,2022,2
2-TRH000.40,2003,2024,8,2003,2024,8,2003,2024,8,2003,2024,8,NA,NA,0,NA,NA,0,NA,NA,0,2003,2024,8,NA,NA,0,NA,NA,0
2-TWK000.59,NA,NA,0,NA,NA,0,NA,NA,0,NA,NA,0,1978,1978,1,1978,1978,1,1978,1978,1,1978,1978,1,NA,NA,0,NA,NA,0
2-WER000.02,2003,2013,4,2003,2013,4,2008,2013,3,2003,2013,4,2003,2003,1,2003,2003,1,2003,2003,1,2003,2013,4,2003,2003,1,2003,2003,1
2-WLN007.35,NA,NA,0,NA,NA,0,NA,NA,0,NA,NA,0,NA,NA,0,NA,NA,0,NA,NA,0,1973,1976,4,1973,1976,4,1973,1976,4
2-WLN007.36,2002,2019,5,2002,2019,5,2008,2019,4,2002,2019,5,2002,2002,1,2002,2002,1,2002,2002,1,2002,2019,5,2002,2002,1,2002,2002,1
2-WLN007.54,NA,NA,0,NA,NA,0,NA,NA,0,NA,NA,0,NA,NA,0,NA,NA,0,NA,NA,0,1973,1976,4,1973,1976,4,1973,1976,4
2-WLN007.95,NA,NA,0,NA,NA,0,NA,NA,0,NA,NA,0,NA,NA,0,NA,NA,0,NA,NA,0,1973,1976,4,1973,1976,4,1973,1976,4
2-WLN008.54,NA,NA,0,NA,NA,0,NA,NA,0,NA,NA,0,NA,NA,0,NA,NA,0,NA,NA,0,1973,1976,4,1973,1976,4,1973,1976,4
2-XDD000.40,NA,NA,0,2004,2012,9,NA,NA,0,2003,2016,11,NA,NA,0,NA,NA,0,2003,2012,10,2003,2016,11,2004,2016,10,2004,2016,10
2-XEP000.44,2004,2022,4,2004,2022,4,2004,2022,4,2004,2022,4,NA,NA,0,NA,NA,0,NA,NA,0,2004,2022,4,NA,NA,0,NA,NA,0
2-XLU000.10,2001,2024,8,2001,2024,8,2007,2024,7,2001,2024,8,2001,2001,1,2001,2001,1,2001,2001,1,2001,2024,8,2001,2001,1,2001,2001,1
2-XLV002.27,2005,2024,6,2005,2024,6,2005,2024,6,2005,2024,6,NA,NA,0,NA,NA,0,2023,2024,2,2005,2024,6,2023,2024,2,2023,2024,2
2-XLW000.60,2004,2024,7,2004,2024,7,2004,2024,7,2004,2024,7,NA,NA,0,NA,NA,0,NA,NA,0,2004,2024,7,NA,NA,0,NA,NA,0
2-XMW000.72,2002,2019,5,2002,2019,5,2008,2019,4,2002,2019,5,2002,2002,1,2002,2002,1,2002,2002,1,2002,2019,5,2002,2002,1,2002,2002,1
3-HNT000.92,2007,2024,6,2007,2024,6,2007,2024,6,2006,2024,7,NA,NA,0,NA,NA,0,NA,NA,0,2006,2024,7,2006,2006,1,2006,2006,1
3-HNT002.09,2013,2019,3,2006,2019,4,2013,2019,3,2006,2019,4,NA,NA,0,NA,NA,0,NA,NA,0,2006,2019,4,2006,2006,1,2006,2006,1
3-MOT000.39,2008,2022,7,2003,2022,8,2003,2022,8,2003,2022,8,NA,NA,0,NA,NA,0,2021,2022,2,2003,2022,8,2021,2022,2,2021,2022,2
3-MOT001.19,2013,2022,4,2003,2022,5,2003,2022,5,2003,2022,5,NA,NA,0,NA,NA,0,2021,2022,2,2003,2022,5,2021,2022,2,2021,2022,2
3-MTN024.05,2002,2022,6,2002,2022,6,2007,2022,5,2002,2022,6,2002,2002,1,2002,2002,1,2002,2022,3,2002,2022,6,2002,2022,3,2002,2022,3
3-MTN025.04,2014,2022,4,2014,2022,4,2014,2022,4,2014,2022,4,NA,NA,0,NA,NA,0,2021,2022,2,2014,2022,4,2021,2022,2,2021,2022,2
3-MTN028.68,2002,2022,7,2002,2022,7,2008,2022,6,2002,2022,7,2002,2002,1,2002,2002,1,2002,2002,1,2002,2022,7,2002,2002,1,2002,2002,1
3-MTN029.08,2014,2022,4,2014,2022,4,2014,2022,4,2014,2022,4,NA,NA,0,NA,NA,0,NA,NA,0,2014,2022,4,NA,NA,0,NA,NA,0
3-RPR000.68,2017,2024,4,2017,2024,4,2017,2024,4,2017,2024,4,NA,NA,0,NA,NA,0,2024,2024,1,2017,2024,4,2024,2024,1,2024,2024,1
3-RPR002.11,2017,2018,2,2017,2018,2,2017,2018,2,2017,2018,2,NA,NA,0,NA,NA,0,NA,NA,0,2017,2018,2,NA,NA,0,NA,NA,0
4ABAN012.46,2009,2022,4,2001,2022,5,2009,2022,4,2001,2022,5,2001,2001,1,2001,2001,1,2001,2022,2,2001,2022,5,2001,2022,2,2001,2022,2
4ABAU005.34,2003,2019,5,2003,2019,5,2003,2019,5,2003,2019,5,NA,NA,0,NA,NA,0,NA,NA,0,2003,2019,5,NA,NA,0,NA,NA,0
4ABHB000.00,NA,NA,0,NA,NA,0,NA,NA,0,NA,NA,0,NA,NA,0,NA,NA,0,NA,NA,0,1974,1978,3,1974,1978,3,1974,1978,3
4ABOW000.11,NA,NA,0,NA,NA,0,NA,NA,0,NA,NA,0,NA,NA,0,NA,NA,0,NA,NA,0,1972,1976,5,1972,1976,5,1972,1976,5
4ABOW001.43,NA,NA,0,NA,NA,0,NA,NA,0,NA,NA,0,NA,NA,0,NA,NA,0,NA,NA,0,1972,1976,5,1972,1976,5,1972,1976,5
4ABSA000.62,1999,2024,25,1990,2024,26,2004,2024,21,1986,2024,32,1986,2002,10,1986,2002,10,1986,2002,10,1986,2024,32,1986,2002,10,1986,2002,10
4ABWR000.88,NA,NA,0,NA,NA,0,NA,NA,0,NA,NA,0,NA,NA,0,NA,NA,0,NA,NA,0,1972,1975,4,1972,1975,4,1972,1975,4
4ABWR002.50,1997,2024,26,1999,2024,25,2004,2024,21,1983,2024,37,1983,2002,14,1983,2002,14,1983,2022,16,1983,2024,36,1983,2022,16,1983,2022,16
4ABWR010.55,1997,2024,26,1990,2024,26,2004,2024,21,1983,2024,37,1983,2002,14,1983,2002,14,1983,2002,14,1983,2024,37,1983,2002,15,1983,2002,15
4ABWR010.92,NA,NA,0,NA,NA,0,NA,NA,0,NA,NA,0,NA,NA,0,NA,NA,0,NA,NA,0,1972,1975,4,1972,1975,4,1972,1975,4
4ABWR015.06,NA,NA,0,NA,NA,0,NA,NA,0,NA,NA,0,1975,1975,1,NA,NA,0,1975,1975,1,1972,1975,4,1972,1975,4,1972,1975,4
4ABWR017.42,1997,2024,26,1999,2024,25,2004,2024,21,1984,2024,35,1984,2002,12,1984,2002,12,1984,2002,12,1984,2024,35,1984,2002,13,1984,2002,13
4ABWR018.20,NA,NA,0,NA,NA,0,NA,NA,0,NA,NA,0,NA,NA,0,NA,NA,0,NA,NA,0,1972,1975,4,1972,1975,4,1972,1975,4
4ACCK001.80,1997,2024,27,1999,2024,26,2003,2024,22,1988,2024,30,1988,2002,9,1988,2002,9,1988,2002,9,1988,2024,30,1988,2002,8,1988,2002,8
4ACOA000.60,1997,2024,26,1999,2024,25,2004,2024,21,1985,2024,32,1985,2002,10,1985,2002,10,1985,2002,10,1985,2024,32,1985,2002,10,1985,2002,10
4ACRR008.32,1980,2024,9,2002,2024,8,2007,2024,7,1980,2024,9,1980,2002,2,2002,2002,1,1980,2024,4,1980,2024,9,2002,2024,3,2002,2024,3
4ACRV006.19,1999,2024,8,1999,2024,9,2006,2024,7,1999,2024,9,1999,2000,2,1999,2000,2,1999,2024,4,1999,2024,9,1999,2024,4,1999,2024,4
4ADAN000.00,NA,NA,0,NA,NA,0,2016,2016,1,2016,2016,1,2014,2016,3,2014,2016,3,2014,2016,3,1974,1978,3,1974,1978,3,1974,1978,3
4ADAN004.50,NA,NA,0,NA,NA,0,NA,NA,0,NA,NA,0,NA,NA,0,NA,NA,0,NA,NA,0,1972,1973,2,1972,1973,2,1972,1973,2
4ADAN187.94,2004,2022,6,2004,2022,6,2004,2022,6,2004,2022,6,NA,NA,0,NA,NA,0,NA,NA,0,2004,2022,6,NA,NA,0,NA,NA,0
4ADAN194.10,2009,2022,5,2009,2022,5,2009,2022,5,2009,2022,5,NA,NA,0,NA,NA,0,NA,NA,0,2009,2022,5,NA,NA,0,NA,NA,0
4AFIN008.76,2007,2007,1,2007,2007,1,2007,2007,1,2007,2007,1,NA,NA,0,NA,NA,0,NA,NA,0,2007,2007,1,NA,NA,0,NA,NA,0
4AGEO011.38,2003,2007,2,2003,2007,2,2003,2007,2,2003,2007,2,NA,NA,0,NA,NA,0,NA,NA,0,2003,2007,2,NA,NA,0,NA,NA,0
4AGIL002.39,1997,2024,25,1990,2024,26,2004,2024,21,1984,2024,36,1984,2002,13,1984,2002,13,1984,2002,13,1984,2024,36,1984,2002,14,1984,2002,14
4AGIL003.59,NA,NA,0,NA,NA,0,NA,NA,0,1984,1986,2,1984,1986,2,1984,1986,2,1984,1986,2,1984,1986,2,1984,1986,2,1984,1986,2
4AGOB000.03,NA,NA,0,NA,NA,0,NA,NA,0,NA,NA,0,NA,NA,0,NA,NA,0,NA,NA,0,1972,1976,5,1972,1976,5,1972,1976,5
4AGOB000.96,2023,2024,2,2023,2024,2,2023,2023,1,2023,2024,2,NA,NA,0,NA,NA,0,NA,NA,0,1972,2023,6,1972,1976,5,1972,1976,5
4AGOB003.84,NA,NA,0,NA,NA,0,NA,NA,0,NA,NA,0,NA,NA,0,NA,NA,0,NA,NA,0,1972,1975,3,1972,1975,3,1972,1975,3
4AGOB003.86,2003,2022,6,2003,2022,6,2003,2022,6,2003,2022,6,NA,NA,0,NA,NA,0,NA,NA,0,2003,2022,6,NA,NA,0,NA,NA,0
4AGOB004.41,NA,NA,0,NA,NA,0,NA,NA,0,NA,NA,0,NA,NA,0,NA,NA,0,NA,NA,0,1972,1975,3,1972,1975,3,1972,1975,3
4AGOB004.87,NA,NA,0,NA,NA,0,NA,NA,0,NA,NA,0,NA,NA,0,NA,NA,0,NA,NA,0,1972,1975,3,1972,1975,3,1972,1975,3
4AGRA000.00,NA,NA,0,NA,NA,0,NA,NA,0,NA,NA,0,NA,NA,0,NA,NA,0,NA,NA,0,1974,1978,3,1974,1978,3,1974,1978,3
4AGRA003.22,2005,2005,1,2000,2005,2,2005,2005,1,2000,2005,2,NA,NA,0,NA,NA,0,NA,NA,0,1972,2005,7,1972,2000,6,1972,2000,6
4AHTA003.26,2004,2019,5,2004,2019,5,2004,2019,5,2004,2019,5,NA,NA,0,NA,NA,0,NA,NA,0,2004,2019,5,NA,NA,0,NA,NA,0
4AIND000.00,NA,NA,0,NA,NA,0,NA,NA,0,NA,NA,0,NA,NA,0,NA,NA,0,NA,NA,0,1974,1978,3,1974,1978,3,1974,1978,3
4AMES007.54,2004,2019,4,2004,2019,4,2004,2019,4,2004,2019,4,NA,NA,0,NA,NA,0,NA,NA,0,2004,2019,4,NA,NA,0,NA,NA,0
4APAN000.00,NA,NA,0,NA,NA,0,NA,NA,0,NA,NA,0,NA,NA,0,NA,NA,0,NA,NA,0,1974,1978,3,1974,1978,3,1974,1978,3
4APLP000.45,2002,2002,1,2002,2002,1,NA,NA,0,2002,2002,1,2002,2002,1,2002,2002,1,2002,2002,1,2002,2002,1,2002,2002,1,2002,2002,1
4ARFK000.20,2002,2023,7,2002,2024,8,2007,2023,6,2002,2023,7,2002,2002,1,2002,2002,1,2002,2023,2,2002,2023,7,2002,2023,2,2002,2023,2
4AROA000.00,2000,2024,13,2000,2024,13,2005,2024,12,2000,2024,13,NA,NA,0,NA,NA,0,2023,2024,2,2000,2024,13,2000,2024,3,2000,2024,3
4AROA004.54,2000,2024,13,2000,2024,13,2005,2024,12,2000,2024,13,NA,NA,0,NA,NA,0,NA,NA,0,2000,2024,13,2000,2000,1,2000,2000,1
4AROA007.40,NA,NA,0,NA,NA,0,NA,NA,0,NA,NA,0,NA,NA,0,NA,NA,0,NA,NA,0,1973,1973,1,1973,1973,1,1973,1973,1
4AROA008.66,2000,2024,12,2000,2024,13,2005,2024,12,2000,2024,13,NA,NA,0,NA,NA,0,NA,NA,0,2000,2024,13,2000,2000,1,2000,2000,1
4AROA018.36,2000,2024,13,2000,2024,13,2005,2024,12,2000,2024,13,NA,NA,0,NA,NA,0,2023,2024,2,1974,2024,16,1974,2024,6,1974,2024,6
4AROA019.95,NA,NA,0,NA,NA,0,NA,NA,0,NA,NA,0,NA,NA,0,NA,NA,0,NA,NA,0,1972,1978,5,1972,1978,5,1972,1978,5
4AROA021.90,NA,NA,0,NA,NA,0,NA,NA,0,NA,NA,0,NA,NA,0,NA,NA,0,NA,NA,0,1972,1973,2,1972,1973,2,1972,1973,2
4AROA022.52,2000,2024,13,2000,2024,13,2005,2024,12,2000,2024,13,NA,NA,0,NA,NA,0,NA,NA,0,2000,2024,13,2000,2000,1,2000,2000,1
4AROA024.83,NA,NA,0,NA,NA,0,NA,NA,0,NA,NA,0,NA,NA,0,NA,NA,0,NA,NA,0,1972,1973,2,1972,1973,2,1972,1973,2
4AROA027.02,NA,NA,0,NA,NA,0,NA,NA,0,NA,NA,0,NA,NA,0,NA,NA,0,NA,NA,0,1972,1978,5,1972,1978,5,1972,1978,5
4AROA028.04,2000,2024,12,2000,2024,13,2005,2024,12,2000,2024,13,NA,NA,0,NA,NA,0,NA,NA,0,2000,2024,13,2000,2000,1,2000,2000,1
4AROA030.43,NA,NA,0,NA,NA,0,NA,NA,0,NA,NA,0,NA,NA,0,NA,NA,0,NA,NA,0,1972,1978,5,1972,1978,5,1972,1978,5
4AROA032.42,2000,2024,13,2000,2024,13,2005,2024,12,2000,2024,13,NA,NA,0,NA,NA,0,NA,NA,0,2000,2024,13,2000,2000,1,2000,2000,1
4AROA034.41,NA,NA,0,NA,NA,0,NA,NA,0,NA,NA,0,NA,NA,0,NA,NA,0,NA,NA,0,1972,1978,5,1972,1978,5,1972,1978,5
4AROA035.78,NA,NA,0,NA,NA,0,NA,NA,0,NA,NA,0,NA,NA,0,NA,NA,0,NA,NA,0,1972,1973,2,1972,1973,2,1972,1973,2
4AROA036.56,NA,NA,0,NA,NA,0,NA,NA,0,NA,NA,0,NA,NA,0,NA,NA,0,NA,NA,0,1974,1978,3,1974,1978,3,1974,1978,3
4AROA036.59,NA,NA,0,NA,NA,0,NA,NA,0,NA,NA,0,NA,NA,0,NA,NA,0,NA,NA,0,1972,1973,2,1972,1973,2,1972,1973,2
4AROA038.49,2000,2024,13,1990,2024,15,2005,2024,14,2000,2024,16,2002,2002,1,2002,2002,1,2002,2024,4,1972,2024,20,1972,2024,9,1972,2024,9
4AROA041.13,NA,NA,0,NA,NA,0,NA,NA,0,NA,NA,0,NA,NA,0,NA,NA,0,NA,NA,0,1972,1978,5,1972,1978,5,1972,1978,5
4AROA043.14,2000,2024,12,2000,2024,13,2005,2024,12,2000,2024,13,2014,2016,3,2014,2016,3,2014,2016,3,2000,2024,13,2000,2000,1,2000,2000,1
4AROA046.34,NA,NA,0,NA,NA,0,NA,NA,0,NA,NA,0,NA,NA,0,NA,NA,0,NA,NA,0,1972,1978,5,1972,1978,5,1972,1978,5
4AROA048.32,NA,NA,0,NA,NA,0,NA,NA,0,NA,NA,0,NA,NA,0,NA,NA,0,NA,NA,0,1973,1973,1,1973,1973,1,1973,1973,1
4AROA140.66,1996,2024,18,1999,2024,17,2003,2024,14,1983,2024,24,1984,2001,8,1984,2001,8,1984,2022,10,1984,2024,23,1984,2022,11,1984,2022,11
4AROA145.34,1996,2024,17,1999,2024,16,2003,2024,14,1983,2024,23,1984,2001,8,1984,2001,8,1984,2001,8,1984,2024,22,1984,2001,8,1984,2001,8
4AROA153.59,1996,2009,7,1999,2011,6,2003,2011,4,1983,2011,12,1984,2001,7,1984,2001,7,1984,2001,7,1984,2011,11,1984,2001,7,1984,2001,7
4AROA154.91,NA,NA,0,NA,NA,0,NA,NA,0,1983,1984,2,1984,1984,1,1984,1984,1,1984,1984,1,1984,1984,1,1984,1984,1,1984,1984,1
4AROA158.22,1997,2024,27,1990,2024,27,2003,2024,22,1983,2024,35,1983,2002,14,1983,2002,14,1983,2002,14,1983,2024,35,1983,2002,13,1983,2002,13
4AROA160.25,NA,NA,0,NA,NA,0,NA,NA,0,NA,NA,0,NA,NA,0,NA,NA,0,NA,NA,0,1972,1975,4,1972,1975,4,1972,1975,4
4AROA163.54,NA,NA,0,NA,NA,0,NA,NA,0,NA,NA,0,NA,NA,0,NA,NA,0,NA,NA,0,1972,1975,4,1972,1975,4,1972,1975,4
4AROA163.76,1997,2024,26,1990,2024,27,2003,2024,22,1983,2024,36,1983,2002,15,1983,2002,15,1983,2022,17,1983,2024,36,1983,2022,16,1983,2022,16
4AROA167.34,1997,2024,27,1990,2024,27,2003,2024,22,1986,2024,33,1986,2002,12,1986,2002,12,1986,2002,12,1986,2024,33,1986,2002,11,1986,2002,11
4AROA168.73,NA,NA,0,NA,NA,0,NA,NA,0,NA,NA,0,1975,1975,1,NA,NA,0,1975,1975,1,1972,1975,4,1972,1975,4,1972,1975,4
4AROA171.38,NA,NA,0,NA,NA,0,NA,NA,0,NA,NA,0,NA,NA,0,NA,NA,0,NA,NA,0,1972,1975,4,1972,1975,4,1972,1975,4
4AROA175.63,1997,2024,27,1999,2024,26,2003,2024,22,1983,2024,36,1983,2002,15,1983,2002,15,1983,2022,17,1972,2024,40,1972,2022,20,1972,2022,20
4AROA180.21,1997,2024,27,1999,2024,26,2003,2024,22,1986,2024,33,1986,2002,12,1986,2002,12,1986,2002,12,1986,2024,33,1986,2002,11,1986,2002,11
4AROA183.64,1997,2024,27,1990,2024,27,2003,2024,22,1983,2024,36,1983,2002,15,1983,2002,15,1983,2002,15,1983,2024,36,1983,2002,14,1983,2002,14
4AROA185.54,2021,2024,4,2021,2024,4,2021,2024,4,2021,2024,4,NA,NA,0,NA,NA,0,NA,NA,0,1972,2024,8,1972,1975,4,1972,1975,4
4AROA192.55,NA,NA,0,2002,2002,1,2004,2012,9,1979,2012,33,1979,2002,24,1979,2002,15,1979,2012,33,1972,2002,28,1972,2002,28,1972,2002,28
4AROA192.94,1997,2024,27,1990,2024,27,2003,2024,22,1983,2024,34,1983,2002,13,1983,2002,13,1983,2002,13,1983,2024,34,1983,2002,12,1983,2002,12
4AROA195.60,2021,2024,4,2021,2024,4,2021,2024,4,2021,2024,4,NA,NA,0,NA,NA,0,NA,NA,0,2021,2024,4,NA,NA,0,NA,NA,0
4AROA196.05,1997,2020,23,1990,2020,23,2003,2020,18,1983,2020,32,1983,2002,15,1983,2002,15,1983,2002,15,1972,2020,36,1972,2002,18,1972,2002,18
4ARUD000.40,NA,NA,0,NA,NA,0,NA,NA,0,NA,NA,0,NA,NA,0,NA,NA,0,NA,NA,0,1972,1973,2,1972,1973,2,1972,1973,2
4ASCB004.58,2005,2010,2,2005,2010,2,2005,2010,2,2005,2010,2,NA,NA,0,NA,NA,0,NA,NA,0,2005,2010,2,NA,NA,0,NA,NA,0
4ASHR000.24,2008,2008,1,2008,2008,1,2008,2008,1,2008,2008,1,NA,NA,0,NA,NA,0,NA,NA,0,2008,2008,1,NA,NA,0,NA,NA,0
4ASRE046.90,1999,2024,14,1999,2024,15,2005,2023,10,1983,2024,19,1975,2002,9,1983,2002,8,1975,2002,9,1972,2023,23,1972,2002,13,1972,2002,13
4ASRE047.95,NA,NA,0,NA,NA,0,NA,NA,0,NA,NA,0,NA,NA,0,NA,NA,0,NA,NA,0,1972,1975,4,1972,1975,4,1972,1975,4
4ASRE048.93,NA,NA,0,NA,NA,0,NA,NA,0,NA,NA,0,NA,NA,0,NA,NA,0,NA,NA,0,1972,1976,5,1972,1976,5,1972,1976,5
4ASRE048.98,1998,2024,15,1999,2024,15,2005,2023,10,1983,2024,19,1983,2002,8,1983,2002,8,1983,2002,8,1983,2023,18,1983,2002,8,1983,2002,8
4ASRE049.87,NA,NA,0,NA,NA,0,NA,NA,0,NA,NA,0,NA,NA,0,NA,NA,0,NA,NA,0,1972,1976,5,1972,1976,5,1972,1976,5
4ASRE051.06,2019,2024,4,2019,2024,4,2019,2023,3,2019,2024,4,NA,NA,0,NA,NA,0,NA,NA,0,1972,2023,8,1972,1976,5,1972,1976,5
4ASRE052.31,1998,2016,11,1999,2016,10,2005,2016,7,1983,2016,14,1983,2002,7,1983,2002,7,1983,2002,7,1983,2016,14,1983,2002,7,1983,2002,7
4ASRE052.95,NA,NA,0,NA,NA,0,NA,NA,0,NA,NA,0,NA,NA,0,NA,NA,0,NA,NA,0,1972,1976,5,1972,1976,5,1972,1976,5
4ASRE055.09,NA,NA,0,NA,NA,0,NA,NA,0,NA,NA,0,NA,NA,0,NA,NA,0,NA,NA,0,1972,1976,5,1972,1976,5,1972,1976,5
4ASRE055.62,NA,NA,0,NA,NA,0,NA,NA,0,NA,NA,0,NA,NA,0,NA,NA,0,NA,NA,0,1972,1975,4,1972,1975,4,1972,1975,4
4ASRE056.06,1998,2024,15,1999,2024,14,2005,2023,11,1983,2024,20,1983,2002,8,1983,2002,8,1983,2002,8,1983,2023,18,1983,2002,8,1983,2002,8
4ASRN005.14,2008,2022,7,2001,2022,8,2008,2022,7,2001,2022,8,2001,2001,1,2001,2001,1,2001,2022,2,2001,2022,8,2001,2022,2,2001,2022,2
4AWTH000.40,1997,2024,27,1990,2024,27,2003,2024,22,1988,2024,31,1988,2002,10,1988,2002,10,1988,2002,10,1988,2024,31,1988,2002,9,1988,2002,9
4AXKD003.34,2001,2010,4,2001,2010,4,2005,2010,2,2001,2010,4,2001,2002,2,2001,2002,2,2001,2002,2,2001,2010,4,2001,2002,2,2001,2002,2
4AXUR000.00,NA,NA,0,NA,NA,0,NA,NA,0,NA,NA,0,NA,NA,0,NA,NA,0,NA,NA,0,NA,NA,0,NA,NA,0,NA,NA,0
5ABHC009.91,2005,2007,2,2005,2007,2,2005,2007,2,2005,2007,2,NA,NA,0,NA,NA,0,NA,NA,0,2005,2007,2,NA,NA,0,NA,NA,0
5ACDR000.30,2006,2006,1,2001,2006,2,2006,2006,1,2001,2006,2,2001,2001,1,2001,2001,1,2001,2001,1,2001,2006,2,2001,2001,1,2001,2001,1
5AGTC009.94,2002,2021,6,2002,2021,6,2007,2021,5,2002,2021,6,2002,2002,1,2002,2002,1,2002,2002,1,2002,2021,6,2002,2002,1,2002,2002,1
5ALTD005.10,2005,2022,6,2005,2022,6,2005,2022,6,2005,2022,6,NA,NA,0,NA,NA,0,NA,NA,0,2005,2022,6,NA,NA,0,NA,NA,0
5ALZT000.12,1980,2008,3,2003,2008,2,2003,2008,2,1980,2008,3,1980,1980,1,NA,NA,0,1980,1980,1,1980,2008,3,NA,NA,0,NA,NA,0
5AMDT004.94,2007,2007,1,2001,2007,2,2007,2007,1,2001,2007,2,2001,2001,1,2001,2001,1,2001,2001,1,2001,2007,2,2001,2001,1,2001,2001,1
5AMHN053.29,2002,2014,4,2002,2014,4,2007,2014,3,2002,2014,4,2002,2002,1,2002,2002,1,2002,2002,1,2002,2014,4,2002,2002,1,2002,2002,1
5AMHN057.92,2002,2007,2,2002,2007,2,2007,2007,1,2002,2007,2,2002,2002,1,2002,2002,1,2002,2002,1,2002,2007,2,2002,2002,1,2002,2002,1
5ANTW127.14,2006,2024,7,2001,2024,8,2006,2024,7,2001,2024,8,2001,2001,1,2001,2001,1,2001,2024,3,2001,2024,8,2001,2024,3,2001,2024,3
5ANTW128.67,2006,2006,1,2001,2006,2,2006,2006,1,2001,2006,2,2001,2001,1,2001,2001,1,2001,2001,1,2001,2006,2,2001,2001,1,2001,2001,1
5ANTW143.06,2002,2017,4,2002,2017,4,2007,2017,3,2002,2017,4,2002,2002,1,2002,2002,1,2002,2002,1,2002,2017,4,2002,2002,1,2002,2002,1
5ARDC007.30,2004,2021,7,2004,2021,7,2004,2021,7,2004,2021,7,NA,NA,0,NA,NA,0,NA,NA,0,2004,2021,7,NA,NA,0,NA,NA,0
5ASRN000.66,NA,NA,0,2004,2012,9,NA,NA,0,2004,2016,10,NA,NA,0,NA,NA,0,2004,2012,9,2004,2016,10,2004,2016,10,2004,2016,10
6ACNR000.00,NA,NA,0,NA,NA,0,NA,NA,0,1979,1991,11,1974,1991,14,1974,1991,14,1974,1991,14,1974,1991,14,1974,1991,14,1974,1991,14
6ACNR001.03,2002,2002,1,2002,2002,1,NA,NA,0,2002,2002,1,NA,NA,0,NA,NA,0,NA,NA,0,2002,2002,1,2002,2002,1,2002,2002,1
6ACNR002.00,NA,NA,0,NA,NA,0,NA,NA,0,NA,NA,0,1974,1975,2,1974,1975,2,1974,1975,2,1974,1975,2,1974,1975,2,1974,1975,2
6APNK001.01,NA,NA,0,NA,NA,0,NA,NA,0,NA,NA,0,1973,1975,3,1973,1975,3,1973,1975,3,1973,1975,3,1973,1975,3,1973,1975,3
6APNK001.26,2001,2024,6,2001,2024,6,2007,2024,5,2001,2024,6,2001,2001,1,2001,2001,1,2001,2022,2,2001,2024,6,2001,2022,2,2001,2022,2
6APNK001.29,NA,NA,0,NA,NA,0,NA,NA,0,NA,NA,0,1973,1975,3,1973,1975,3,1973,1975,3,1973,1975,3,1973,1975,3,1973,1975,3
6APNK001.87,2001,2007,2,2001,2007,2,2007,2007,1,2001,2007,2,NA,NA,0,NA,NA,0,NA,NA,0,2001,2007,2,2001,2001,1,2001,2001,1
6APNK002.08,2001,2007,2,2001,2007,2,2007,2007,1,2001,2007,2,NA,NA,0,NA,NA,0,NA,NA,0,2001,2007,2,2001,2001,1,2001,2001,1
6APNR001.82,2002,2019,6,2002,2019,6,2008,2019,5,2002,2019,6,1973,2002,4,1973,2002,4,1973,2002,4,1973,2019,9,1973,2002,4,1973,2002,4
6APNR007.67,2002,2002,1,2002,2002,1,NA,NA,0,2002,2002,1,NA,NA,0,NA,NA,0,NA,NA,0,2002,2002,1,2002,2002,1,2002,2002,1
6APNR008.15,NA,NA,0,NA,NA,0,NA,NA,0,1979,1991,11,1973,1991,15,1973,1991,15,1973,1991,15,1973,1991,15,1973,1991,15,1973,1991,15
6APNR011.92,NA,NA,0,NA,NA,0,2022,2023,2,2022,2023,2,NA,NA,0,NA,NA,0,NA,NA,0,NA,NA,0,NA,NA,0,NA,NA,0
6AUPP000.00,NA,NA,0,NA,NA,0,NA,NA,0,NA,NA,0,1973,1975,3,1973,1975,3,1973,1975,3,1973,1975,3,1973,1975,3,1973,1975,3
6BCAV004.60,2019,2019,1,2019,2019,1,2019,2019,1,2019,2019,1,NA,NA,0,NA,NA,0,NA,NA,0,2019,2019,1,NA,NA,0,NA,NA,0
6BLSR008.12,2006,2006,1,2006,2006,1,2006,2006,1,2006,2006,1,NA,NA,0,NA,NA,0,NA,NA,0,2006,2006,1,NA,NA,0,NA,NA,0
6BLSR008.32,2006,2006,1,2006,2006,1,2006,2006,1,2006,2006,1,NA,NA,0,NA,NA,0,NA,NA,0,2006,2006,1,NA,NA,0,NA,NA,0
6BLSR008.52,2006,2006,1,2006,2006,1,2006,2006,1,2006,2006,1,NA,NA,0,NA,NA,0,NA,NA,0,2006,2006,1,NA,NA,0,NA,NA,0
6BPLL012.79,2000,2019,4,2000,2019,4,2006,2019,3,2000,2019,4,2000,2000,1,NA,NA,0,2000,2000,1,2000,2019,4,2000,2000,1,2000,2000,1
6BPLL012.99,2000,2006,2,2000,2006,2,2006,2006,1,2000,2006,2,NA,NA,0,NA,NA,0,NA,NA,0,2000,2006,2,2000,2000,1,2000,2000,1
6BPLL013.59,2000,2006,2,2000,2006,2,2006,2006,1,2000,2006,2,NA,NA,0,NA,NA,0,NA,NA,0,2000,2006,2,2000,2000,1,2000,2000,1
6BPWL024.64,2005,2022,5,2005,2022,5,2005,2022,5,2005,2022,5,NA,NA,0,NA,NA,0,NA,NA,0,2005,2022,5,NA,NA,0,NA,NA,0
6BXAR000.69,2005,2022,5,2005,2022,5,2005,2022,5,2005,2022,5,NA,NA,0,NA,NA,0,2021,2021,1,2005,2022,5,2021,2021,1,2021,2021,1
6CBRU010.91,2004,2024,5,2004,2024,5,2004,2024,5,2004,2024,5,NA,NA,0,NA,NA,0,NA,NA,0,2004,2024,5,NA,NA,0,NA,NA,0
6CHUN004.76,2003,2024,5,2003,2024,5,2011,2024,4,2003,2024,5,2003,2003,1,2003,2003,1,2003,2003,1,1973,2024,8,1973,2003,4,1973,2003,4
6CHUN005.76,NA,NA,0,NA,NA,0,NA,NA,0,NA,NA,0,NA,NA,0,NA,NA,0,NA,NA,0,1973,1975,3,1973,1975,3,1973,1975,3
6CHUN006.15,NA,NA,0,NA,NA,0,NA,NA,0,NA,NA,0,NA,NA,0,NA,NA,0,NA,NA,0,1973,1975,3,1973,1975,3,1973,1975,3
6CLAU001.84,2004,2024,5,2004,2024,5,2004,2024,5,2004,2024,5,NA,NA,0,NA,NA,0,NA,NA,0,2004,2024,5,NA,NA,0,NA,NA,0
6CSFH062.00,NA,NA,0,NA,NA,0,NA,NA,0,NA,NA,0,NA,NA,0,NA,NA,0,NA,NA,0,1972,1975,4,1972,1975,4,1972,1975,4
6CSFH062.85,NA,NA,0,NA,NA,0,NA,NA,0,NA,NA,0,NA,NA,0,NA,NA,0,NA,NA,0,1973,1976,4,1973,1976,4,1973,1976,4
6CSFH062.93,2002,2019,3,2002,2019,3,2015,2019,2,2002,2019,3,2002,2002,1,2002,2002,1,2002,2002,1,2002,2019,3,2002,2002,1,2002,2002,1
6CSFH063.65,NA,NA,0,NA,NA,0,NA,NA,0,NA,NA,0,NA,NA,0,NA,NA,0,NA,NA,0,1972,1975,4,1972,1975,4,1972,1975,4
6CSFH065.80,NA,NA,0,NA,NA,0,NA,NA,0,NA,NA,0,NA,NA,0,NA,NA,0,NA,NA,0,1972,1975,4,1972,1975,4,1972,1975,4
6CSFH066.16,2002,2002,1,2002,2002,1,NA,NA,0,2002,2002,1,NA,NA,0,NA,NA,0,NA,NA,0,2002,2002,1,2002,2002,1,2002,2002,1
6CSFH067.15,NA,NA,0,NA,NA,0,NA,NA,0,NA,NA,0,NA,NA,0,NA,NA,0,NA,NA,0,1972,1975,4,1972,1975,4,1972,1975,4
6CSFH068.34,NA,NA,0,NA,NA,0,NA,NA,0,NA,NA,0,NA,NA,0,NA,NA,0,NA,NA,0,1972,1975,4,1972,1975,4,1972,1975,4
6CSFH070.00,NA,NA,0,NA,NA,0,NA,NA,0,NA,NA,0,NA,NA,0,NA,NA,0,NA,NA,0,1972,1975,4,1972,1975,4,1972,1975,4
6CSFH070.80,2002,2002,1,2002,2002,1,NA,NA,0,2002,2002,1,NA,NA,0,NA,NA,0,NA,NA,0,2002,2002,1,2002,2002,1,2002,2002,1
6CSFH072.05,NA,NA,0,NA,NA,0,NA,NA,0,NA,NA,0,NA,NA,0,NA,NA,0,NA,NA,0,1972,1975,4,1972,1975,4,1972,1975,4
7-BEA002.82,2019,2024,3,2019,2024,3,2019,2024,3,2019,2024,3,NA,NA,0,NA,NA,0,2023,2024,2,2019,2024,3,2023,2024,2,2023,2024,2
7-LAJ002.02,NA,NA,0,NA,NA,0,NA,NA,0,1978,1978,1,NA,NA,0,NA,NA,0,NA,NA,0,1978,1978,1,NA,NA,0,NA,NA,0
7-LAK000.34,1999,1999,1,1999,1999,1,NA,NA,0,1999,1999,1,1999,1999,1,1999,1999,1,1999,1999,1,1999,1999,1,1999,1999,1,1999,1999,1
7-LAK000.41,1980,1980,1,NA,NA,0,NA,NA,0,1980,1980,1,1980,1980,1,NA,NA,0,1980,1980,1,1980,1980,1,NA,NA,0,NA,NA,0
7-LAS000.06,1980,2023,9,1999,2023,8,2005,2023,6,1980,2023,9,1980,2000,3,1999,2000,2,1980,2023,4,1999,2023,8,1999,2023,3,1999,2023,3
7-LAS001.03,1999,2023,8,1999,2023,8,2005,2023,6,1999,2023,8,NA,NA,0,NA,NA,0,2023,2023,1,1999,2023,8,1999,2023,3,1999,2023,3
7-LAS001.44,1999,2005,3,1999,2005,3,2005,2005,1,1999,2005,3,NA,NA,0,NA,NA,0,NA,NA,0,1999,2005,3,1999,2000,2,1999,2000,2
7-LAW000.04,1980,2023,6,2005,2023,5,2005,2023,5,1980,2023,6,1980,1980,1,NA,NA,0,1980,2023,2,2005,2023,5,2023,2023,1,2023,2023,1
7-LAW001.24,2005,2023,5,2005,2023,5,2005,2023,5,2005,2023,5,NA,NA,0,NA,NA,0,2023,2023,1,2005,2023,5,2023,2023,1,2023,2023,1
7-LTR000.04,1999,2023,9,1999,2023,9,2005,2023,7,1999,2023,9,NA,NA,0,NA,NA,0,2023,2023,1,1999,2023,9,1999,2023,3,1999,2023,3
7-LTR000.95,1980,2023,10,1999,2023,9,2005,2023,7,1980,2023,10,1980,2000,3,1999,2000,2,1980,2023,4,1999,2023,9,1999,2023,3,1999,2023,3
7-MTL000.20,1980,1980,1,NA,NA,0,NA,NA,0,1980,1980,1,1980,1980,1,NA,NA,0,1980,1980,1,1980,1980,1,NA,NA,0,NA,NA,0
7-POQ005.72,2002,2022,6,2002,2022,6,2010,2022,5,2002,2022,6,2002,2002,1,2002,2002,1,2002,2022,2,2002,2022,6,2002,2022,2,2002,2022,2
7-POQ006.84,2002,2022,6,2002,2022,6,2010,2022,5,2002,2022,6,2002,2002,1,2002,2002,1,2002,2022,2,2002,2022,6,2002,2022,2,2002,2022,2
8-CLC003.48,2010,2024,6,2010,2023,5,2010,2024,6,2010,2023,5,NA,NA,0,NA,NA,0,NA,NA,0,2010,2024,6,NA,NA,0,NA,NA,0
8-CLC004.28,2016,2023,3,2016,2023,3,2016,2023,3,2016,2023,3,NA,NA,0,NA,NA,0,NA,NA,0,2016,2023,3,NA,NA,0,NA,NA,0
8-CMC001.00,NA,NA,0,NA,NA,0,2020,2020,1,2020,2020,1,NA,NA,0,NA,NA,0,NA,NA,0,NA,NA,0,NA,NA,0,NA,NA,0
8-COL000.99,2011,2020,10,2011,2020,10,2011,2020,10,2011,2020,10,NA,NA,0,NA,NA,0,NA,NA,0,NA,NA,0,NA,NA,0,NA,NA,0
8-CON000.00,NA,NA,0,NA,NA,0,NA,NA,0,NA,NA,0,NA,NA,0,NA,NA,0,NA,NA,0,1975,1975,1,1975,1975,1,1975,1975,1
8-CON000.23,NA,NA,0,NA,NA,0,NA,NA,0,NA,NA,0,1978,1979,2,NA,NA,0,1976,1979,4,NA,NA,0,NA,NA,0,NA,NA,0
8-CON002.32,2012,2014,2,2003,2014,4,2006,2014,3,2003,2014,4,NA,NA,0,NA,NA,0,NA,NA,0,1974,2014,9,1974,1976,3,1974,1976,3
8-CON003.51,NA,NA,0,NA,NA,0,NA,NA,0,NA,NA,0,1978,1979,2,NA,NA,0,1976,1979,4,NA,NA,0,NA,NA,0,NA,NA,0
8-CRC000.79,2019,2022,4,2019,2022,4,2019,2022,4,2019,2022,4,NA,NA,0,NA,NA,0,NA,NA,0,NA,NA,0,NA,NA,0,NA,NA,0
8-DSR000.00,NA,NA,0,NA,NA,0,NA,NA,0,NA,NA,0,NA,NA,0,NA,NA,0,NA,NA,0,1975,1975,1,1975,1975,1,1975,1975,1
8-DSR000.61,2019,2022,4,2019,2022,4,2019,2022,4,2019,2022,4,NA,NA,0,NA,NA,0,NA,NA,0,NA,NA,0,NA,NA,0,NA,NA,0
8-ELK001.19,NA,NA,0,NA,NA,0,NA,NA,0,NA,NA,0,NA,NA,0,NA,NA,0,NA,NA,0,1975,1975,1,1975,1975,1,1975,1975,1
8-ELK003.35,NA,NA,0,NA,NA,0,NA,NA,0,2000,2000,1,2000,2000,1,2000,2000,1,2000,2000,1,2000,2000,1,2000,2000,1,2000,2000,1
8-ELK005.45,2012,2020,9,2012,2020,9,2012,2020,9,2012,2020,9,NA,NA,0,NA,NA,0,NA,NA,0,NA,NA,0,NA,NA,0,NA,NA,0
8-FRC000.68,2012,2018,7,2012,2018,7,2012,2018,6,2012,2018,7,NA,NA,0,NA,NA,0,NA,NA,0,NA,NA,0,NA,NA,0,NA,NA,0
8-GMC000.23,2006,2006,1,2003,2006,2,2006,2006,1,2003,2006,2,NA,NA,0,NA,NA,0,NA,NA,0,2003,2006,2,NA,NA,0,NA,NA,0
8-HSK000.00,NA,NA,0,NA,NA,0,NA,NA,0,NA,NA,0,NA,NA,0,NA,NA,0,NA,NA,0,1975,1975,1,1975,1975,1,1975,1975,1
8-NAR034.66,NA,NA,0,NA,NA,0,NA,NA,0,NA,NA,0,NA,NA,0,NA,NA,0,NA,NA,0,1975,1975,1,1975,1975,1,1975,1975,1
8-NAR034.92,2002,2024,13,2002,2024,13,2005,2024,12,2002,2024,13,2002,2002,1,2002,2002,1,2002,2002,1,2002,2024,13,2002,2002,1,2002,2002,1
8-NAR037.22,2002,2007,3,2002,2007,3,2005,2007,2,2002,2007,3,2002,2002,1,2002,2002,1,2002,2002,1,2002,2007,3,2002,2002,1,2002,2002,1
8-NAR043.00,2002,2023,13,2002,2023,13,2005,2023,12,2002,2023,13,2002,2002,1,2002,2002,1,2002,2002,1,2002,2023,12,2002,2002,1,2002,2002,1
8-NAR044.68,2002,2016,8,2002,2016,8,2005,2016,7,2002,2016,8,2002,2002,1,2002,2002,1,2002,2002,1,2002,2014,5,2002,2002,1,2002,2002,1
8-NAR047.57,NA,NA,0,NA,NA,0,NA,NA,0,NA,NA,0,NA,NA,0,NA,NA,0,NA,NA,0,1973,1978,6,1973,1976,4,1973,1976,4
8-NAR047.69,2006,2024,19,2003,2024,20,2006,2024,19,2003,2024,20,2023,2024,2,NA,NA,0,2023,2024,2,2003,2024,20,2020,2024,3,2020,2024,3
8-NAR048.61,NA,NA,0,2023,2024,2,2023,2024,2,2023,2024,2,2023,2024,2,NA,NA,0,2023,2024,2,NA,NA,0,NA,NA,0,NA,NA,0
8-NAR050.90,2019,2023,5,2019,2023,5,2019,2023,5,2019,2023,5,2023,2023,1,NA,NA,0,2023,2023,1,2019,2023,5,2023,2023,1,2023,2023,1
8-NAR052.59,2019,2021,3,2019,2021,3,2019,2021,3,2019,2021,3,NA,NA,0,NA,NA,0,NA,NA,0,2019,2021,3,NA,NA,0,NA,NA,0
8-NAR054.17,2003,2024,17,2003,2024,17,2006,2024,16,2003,2024,17,2023,2024,2,NA,NA,0,2023,2024,2,2003,2024,17,2020,2024,3,2020,2024,3
8-NAR058.01,2011,2022,12,2011,2022,12,2011,2022,12,2011,2022,12,NA,NA,0,NA,NA,0,NA,NA,0,2019,2022,4,2020,2020,1,2020,2020,1
8-NAR058.53,2011,2022,7,2011,2022,7,2011,2022,7,2011,2022,7,NA,NA,0,NA,NA,0,NA,NA,0,2011,2018,4,NA,NA,0,NA,NA,0
8-NAR058.66,NA,NA,0,2023,2024,2,2023,2024,2,2023,2024,2,2023,2024,2,NA,NA,0,2023,2024,2,NA,NA,0,NA,NA,0,NA,NA,0
8-NIR012.99,2007,2024,7,2007,2024,7,2007,2024,7,2007,2024,7,NA,NA,0,NA,NA,0,2023,2024,2,2007,2024,7,2023,2024,2,2023,2024,2
8-NIR014.27,2016,2023,3,2016,2023,3,2016,2023,3,2016,2023,3,NA,NA,0,NA,NA,0,NA,NA,0,2016,2023,3,NA,NA,0,NA,NA,0
8-NTH003.92,2012,2019,4,2012,2019,4,2012,2019,4,2012,2019,4,NA,NA,0,NA,NA,0,NA,NA,0,2012,2019,4,NA,NA,0,NA,NA,0
8-OUT000.00,2011,2011,1,2011,2011,1,2011,2011,1,2011,2011,1,NA,NA,0,NA,NA,0,NA,NA,0,NA,NA,0,NA,NA,0,NA,NA,0
8-PGN000.34,2006,2006,1,2003,2006,2,2006,2006,1,2003,2006,2,NA,NA,0,NA,NA,0,NA,NA,0,2003,2006,2,NA,NA,0,NA,NA,0
8-PLT000.31,NA,NA,0,2004,2004,1,2004,2004,1,2004,2004,1,NA,NA,0,NA,NA,0,NA,NA,0,2004,2004,1,NA,NA,0,NA,NA,0
8-PLT001.34,2011,2022,12,2011,2022,12,2011,2022,10,2011,2022,12,NA,NA,0,NA,NA,0,NA,NA,0,NA,NA,0,NA,NA,0,NA,NA,0
8-PMC000.20,NA,NA,0,2004,2004,1,2004,2004,1,2004,2004,1,NA,NA,0,NA,NA,0,NA,NA,0,2004,2004,1,NA,NA,0,NA,NA,0
8-PMC002.13,2008,2020,11,2008,2020,11,2008,2020,11,2008,2020,11,NA,NA,0,NA,NA,0,NA,NA,0,1975,2020,12,1975,1975,1,1975,1975,1
8-PMC003.18,2019,2024,6,2019,2024,6,2019,2024,6,2019,2024,6,2023,2024,2,NA,NA,0,2023,2024,2,2019,2024,6,2020,2024,3,2020,2024,3
8-PMC007.15,2011,2022,8,2004,2024,11,2004,2024,11,2004,2024,11,2023,2024,2,NA,NA,0,2023,2024,2,2004,2024,10,2020,2020,1,2020,2020,1
8-PMC008.60,2011,2022,11,2011,2022,11,2011,2022,11,2011,2022,11,NA,NA,0,NA,NA,0,NA,NA,0,NA,NA,0,NA,NA,0,NA,NA,0
8-QEN007.02,2002,2022,6,2002,2022,6,2010,2022,5,2002,2022,6,2002,2002,1,2002,2002,1,2002,2022,2,2002,2022,6,2002,2022,2,2002,2022,2
8-QEN007.22,2002,2022,6,2002,2022,6,2010,2022,5,2002,2022,6,2002,2002,1,2002,2002,1,2002,2022,2,2002,2022,6,2002,2022,2,2002,2022,2
8-QEN007.65,2010,2022,5,2010,2022,5,2010,2022,5,2010,2022,5,NA,NA,0,NA,NA,0,2022,2022,1,2010,2022,5,2022,2022,1,2022,2022,1
8-QEN008.02,2002,2002,1,2002,2002,1,NA,NA,0,2002,2002,1,2002,2002,1,2002,2002,1,2002,2002,1,2002,2002,1,2002,2002,1,2002,2002,1
8-QEN008.58,2002,2022,6,2002,2022,6,2010,2022,5,2002,2022,6,2002,2002,1,2002,2002,1,2002,2022,2,2002,2022,6,2002,2022,2,2002,2022,2
8-RCK000.96,NA,NA,0,NA,NA,0,NA,NA,0,NA,NA,0,NA,NA,0,NA,NA,0,NA,NA,0,1975,1975,1,1975,1975,1,1975,1975,1
8-SDC000.38,NA,NA,0,NA,NA,0,NA,NA,0,NA,NA,0,NA,NA,0,NA,NA,0,NA,NA,0,1975,1975,1,1975,1975,1,1975,1975,1
8-SRK000.00,NA,NA,0,NA,NA,0,NA,NA,0,NA,NA,0,NA,NA,0,NA,NA,0,NA,NA,0,1975,1975,1,1975,1975,1,1975,1975,1
8-TRY001.39,2011,2022,7,2004,2022,8,2004,2022,8,2004,2022,8,NA,NA,0,NA,NA,0,NA,NA,0,2004,2022,8,NA,NA,0,NA,NA,0
8-TRY002.67,2019,2022,4,2019,2022,4,2019,2022,4,2019,2022,4,NA,NA,0,NA,NA,0,NA,NA,0,NA,NA,0,NA,NA,0,NA,NA,0
9-LRV000.44,2006,2022,3,2006,2022,3,2006,2022,3,2006,2022,3,NA,NA,0,NA,NA,0,2021,2022,2,2006,2022,3,2021,2022,2,2021,2022,2
9-NEW087.14,1999,2024,25,1990,2024,27,2003,2024,22,1983,2024,36,1973,2002,18,1973,2002,18,1973,2023,19,1973,2024,40,1973,2023,18,1973,2023,18
9-NEW089.34,1999,2024,25,1990,2024,27,2003,2024,22,1983,2024,34,1983,2002,13,1983,2002,13,1983,2002,13,1973,2024,38,1973,2002,15,1973,2002,15
9-NEW092.66,1983,2024,27,1990,2024,27,2003,2024,22,1983,2024,34,1975,2002,15,1983,2002,13,1975,2002,15,1973,2024,38,1973,2002,15,1973,2002,15
9-NEW094.26,NA,NA,0,NA,NA,0,NA,NA,0,NA,NA,0,1976,1976,1,NA,NA,0,1976,1976,1,1973,1976,4,1973,1975,3,1973,1975,3
9-NEW098.32,1998,2024,26,1999,2024,26,2003,2024,22,1979,2024,46,1979,2002,24,1979,2002,15,1979,2023,42,1973,2024,50,1973,2002,27,1973,2002,27
9-NEW100.54,1983,1983,1,NA,NA,0,NA,NA,0,1983,1989,5,1983,1988,4,1983,1988,4,1983,1988,4,1983,1989,5,1983,1989,5,1983,1989,5
9-NEW132.86,2003,2003,1,2003,2003,1,NA,NA,0,2003,2003,1,2003,2003,1,2003,2003,1,2003,2003,1,2003,2003,1,2003,2003,1,2003,2003,1
9-PKC000.00,1998,2024,26,1990,2024,27,2003,2024,22,1983,2024,35,1983,2002,13,1983,2002,13,1983,2002,13,1983,2024,35,1983,2002,13,1983,2002,13
9-PKC004.16,1983,2024,27,1990,2024,27,2003,2024,22,1983,2024,35,1983,2002,13,1983,2002,13,1983,2002,13,1983,2024,35,1983,2002,13,1983,2002,13
9-PKC016.91,2001,2024,9,2001,2024,9,2007,2024,7,2001,2024,9,2001,2002,2,2001,2002,2,2001,2002,2,2001,2024,9,2001,2002,2,2001,2002,2
9-PKC017.71,2001,2024,9,2001,2024,9,2007,2024,7,2001,2024,9,2001,2002,2,2001,2002,2,2001,2024,4,2001,2024,9,2001,2024,4,2001,2024,4
9-XBL000.20,2004,2024,5,2004,2024,5,2004,2024,5,2004,2024,5,NA,NA,0,NA,NA,0,NA,NA,0,2004,2024,5,NA,NA,0,NA,NA,0
9-XBL000.98,2004,2004,1,2004,2004,1,2004,2004,1,2004,2004,1,NA,NA,0,NA,NA,0,NA,NA,0,2004,2004,1,NA,NA,0,NA,NA,0
9-XBL001.02,2004,2004,1,2004,2004,1,2004,2004,1,2004,2004,1,NA,NA,0,NA,NA,0,NA,NA,0,2004,2004,1,NA,NA,0,NA,NA,0
