STATION_ID,Year,mean_SECCHI,mean_CHLA,mean_TN,mean_DIN,mean_TP,mean_TSS,Nyears
1BCRO009.19,2000,4.016666666666667,4.82,NA,0.08,0.012857142857142857,3,15
1BCRO009.19,2002,2.816666666666667,6.6033333333333335,NA,0.08,0.013333333333333334,3,15
1BCRO009.19,2003,2.62,11.48,0.7000000000000001,NA,0.013333333333333332,3.8333333333333335,15
1BCRO009.19,2004,2.8166666666666664,5.538333333333334,0.5316666666666667,NA,0.018333333333333333,3.3333333333333335,15
1BCRO009.19,2005,3.0166666666666666,4.666,0.53,NA,0.018333333333333333,3.3333333333333335,15
1BCRO009.19,2006,3.716666666666667,4.73,0.5466666666666666,NA,0.015,3,15
1BCRO009.19,2007,3.9666666666666663,2.556,0.445,NA,0.015,3,15
1BCRO009.19,2013,5.45,2.2816666666666667,0.44166666666666665,NA,0.011666666666666667,NA,15
1BCRO009.19,2014,4.316666666666666,2.915,0.44833333333333336,NA,0.013333333333333334,NA,15
1BCRO009.19,2019,4.966666666666667,2.2133333333333334,0.46499999999999997,NA,0.01,NA,15
1BCRO009.19,2020,4.24,2.744,0.374,NA,0.01,NA,15
1BCRO009.19,2021,2.65,3.6633333333333336,0.435,NA,0.015,NA,15
1BCRO009.19,2022,2.183333333333333,5.42,0.45333333333333337,NA,0.016666666666666666,NA,15
1BCRO009.19,2023,2.6999999999999997,4.5249999999999995,0.4116666666666667,NA,0.016666666666666666,NA,15
1BCRO009.19,2024,3.5,3.115,0.3675,NA,0.015,NA,15
2-APP020.23,1980,1.2166666666666668,NA,NA,NA,0.03966666666666667,8.680555555555555,10
2-APP020.23,2001,1.2,13.793333333333333,NA,0.08333333333333334,0.025,4,10
2-APP020.23,2006,1.25,13.923333333333334,0.4766666666666667,NA,0.021666666666666667,NA,10
2-APP020.23,2009,0.9666666666666667,14.791666666666668,0.6183333333333334,NA,0.034999999999999996,NA,10
2-APP020.23,2010,1.1,16.085,0.6166666666666667,NA,0.028333333333333335,NA,10
2-APP020.23,2015,1.0833333333333333,9.9,0.5433333333333333,NA,0.03,NA,10
2-APP020.23,2016,0.8833333333333333,16.12,0.71,NA,0.03333333333333333,NA,10
2-APP020.23,2019,0.95,15.3,0.5816666666666667,NA,0.04,NA,10
2-APP020.23,2021,1.0333333333333334,12.996666666666666,0.55,0.030000000000000002,0.03333333333333333,3.6666666666666665,10
2-APP020.23,2023,1.0333333333333332,11.725,0.5177777777777778,0.034444444444444444,0.03,3.388888888888889,10
2-LCN000.20,1980,1.38,NA,NA,NA,0.028,5,9
2-LCN000.20,2003,0.85,32.03,0.8,NA,0.04,NA,9
2-LCN000.20,2008,1.1666666666666667,23.221666666666668,0.7266666666666667,NA,0.03666666666666667,NA,9
2-LCN000.20,2009,1.0166666666666666,26.165,0.7566666666666667,NA,0.03833333333333333,NA,9
2-LCN000.20,2012,0.9,22.35,0.8683333333333333,NA,0.04,NA,9
2-LCN000.20,2015,0.9833333333333334,16.623333333333335,0.685,NA,0.028333333333333332,NA,9
2-LCN000.20,2018,1.0833333333333333,18.948333333333334,0.64,NA,0.036111111111111115,NA,9
2-LCN000.20,2021,1.1666666666666667,19.065,0.6766666666666666,0.013333333333333334,0.043333333333333335,3,9
2-LCN000.20,2024,0.7999999999999999,46.93333333333333,0.7633333333333333,0.006666666666666667,0.04,4.333333333333333,9
2-PKC001.84,1980,1.1,NA,NA,NA,0.06166666666666667,9,8
2-PKC001.84,2003,1.1166666666666667,37.86,0.7875,NA,0.041666666666666664,NA,8
2-PKC001.84,2009,1.2666666666666666,19.616666666666667,0.62,NA,0.04,NA,8
2-PKC001.84,2012,1.2333333333333334,29.823333333333334,0.7416666666666667,NA,0.058333333333333334,NA,8
2-PKC001.84,2015,1.25,28.512222222222224,0.6105555555555555,NA,0.04111111111111111,NA,8
2-PKC001.84,2018,0.96,43.345333333333336,0.6326666666666667,NA,0.07866666666666666,NA,8
2-PKC001.84,2021,1.1833333333333333,36.93944444444445,0.6699999999999999,0.008333333333333333,0.059722222222222225,3.2222222222222223,8
2-PKC001.84,2024,1,33.93333333333334,0.6433333333333333,0.01,0.049999999999999996,3,8
2-SPE000.17,1980,1.05,NA,NA,NA,0.036,6.8,9
2-SPE000.17,2004,0.8666666666666667,33.48833333333333,0.8483333333333334,NA,0.05,NA,9
2-SPE000.17,2008,0.9333333333333333,28.835,0.8233333333333334,NA,0.04666666666666667,NA,9
2-SPE000.17,2009,1.0666666666666667,35.155,0.86,NA,0.04666666666666667,NA,9
2-SPE000.17,2012,1,33.74,0.8160000000000001,NA,0.048,NA,9
2-SPE000.17,2015,1.0166666666666666,29.16722222222222,0.7872222222222223,NA,0.041666666666666664,NA,9
2-SPE000.17,2018,0.9,41.248333333333335,0.7272222222222222,NA,0.08166666666666667,NA,9
2-SPE000.17,2021,0.98,16.562,0.768,0.022,0.044,4,9
2-SPE000.17,2024,0.8333333333333334,25.3,0.7266666666666667,0.016666666666666666,0.03666666666666667,4.333333333333333,9
4ABSA000.62,1986,NA,NA,NA,0.38222222222222224,0.01111111111111111,5,32
4ABSA000.62,1987,NA,NA,NA,2.050333333333333,0.07,6.4,32
4ABSA000.62,1988,NA,NA,NA,0.2025,0.011666666666666665,6.416666666666667,32
4ABSA000.62,1989,NA,NA,NA,0.6977777777777777,0.011666666666666667,3,32
4ABSA000.62,1990,NA,2.666666666666667,NA,0.38999999999999996,0.01444444444444444,2.5555555555555554,32
4ABSA000.62,1996,NA,NA,NA,0.2811111111111111,0.016666666666666663,4,32
4ABSA000.62,1997,NA,NA,NA,0.30333333333333334,0.01333333333333333,3,32
4ABSA000.62,1999,2.54,2.8,NA,0.128,0.012499999999999997,4.166666666666667,32
4ABSA000.62,2001,3.225,2.3091666666666666,NA,0.07833333333333334,0.009166666666666667,2.75,32
4ABSA000.62,2002,2.8166666666666664,0.985,NA,0.07833333333333332,0.009166666666666667,2.3333333333333335,32
4ABSA000.62,2003,2.4,3.52,NA,NA,0.01,NA,32
4ABSA000.62,2004,2.7,2.5233333333333334,0.49333333333333335,NA,0.015833333333333335,NA,32
4ABSA000.62,2005,2.35,2.62,0.5,NA,0.014166666666666664,NA,32
4ABSA000.62,2006,2.75,2.3866666666666667,0.45833333333333337,NA,0.011666666666666667,NA,32
4ABSA000.62,2007,2.8000000000000003,1.718,0.465,NA,0.015,NA,32
4ABSA000.62,2008,3.0833333333333335,4.086666666666667,0.4291666666666667,NA,0.014166666666666666,NA,32
4ABSA000.62,2009,2.8166666666666664,4.138333333333334,0.4708333333333333,NA,0.020833333333333336,NA,32
4ABSA000.62,2010,2.375,3.135,0.5475,NA,0.025,NA,32
4ABSA000.62,2011,2.92,2.34,0.484,NA,0.015,NA,32
4ABSA000.62,2012,3.1833333333333336,2.341666666666667,0.45,NA,0.015,NA,32
4ABSA000.62,2013,2.8166666666666664,3.223333333333333,0.5083333333333333,NA,0.025833333333333333,NA,32
4ABSA000.62,2014,2.6166666666666667,3.6033333333333335,0.48916666666666664,NA,0.014166666666666668,NA,32
4ABSA000.62,2015,4.275,1.3225,0.46625,NA,0.01375,NA,32
4ABSA000.62,2016,2.76,2.555,0.5133333333333333,NA,0.015833333333333335,NA,32
4ABSA000.62,2017,2.5,2.325,0.30166666666666664,NA,0.008333333333333333,NA,32
4ABSA000.62,2018,2.65,2.0966666666666667,0.305,NA,0.008333333333333333,NA,32
4ABSA000.62,2019,2.0833333333333335,3.7133333333333334,0.34,NA,0.01,NA,32
4ABSA000.62,2020,1.925,3.1325000000000003,0.2875,NA,0.01,NA,32
4ABSA000.62,2021,2.8,2.2283333333333335,0.325,NA,0.006666666666666667,NA,32
4ABSA000.62,2022,2.95,2.044,0.276,NA,0.01,NA,32
4ABSA000.62,2023,3.183333333333333,3.158333333333333,0.29333333333333333,NA,0.008333333333333333,NA,32
4ABSA000.62,2024,2.8,1.9666666666666666,0.2966666666666667,NA,0.006666666666666667,NA,32
4ABWR002.50,1983,NA,NA,NA,0.42666666666666664,0.013333333333333334,5,37
4ABWR002.50,1984,NA,NA,NA,0.5058333333333334,0.011666666666666665,6.083333333333333,37
4ABWR002.50,1986,NA,NA,NA,0.435,0.03666666666666667,5.333333333333333,37
4ABWR002.50,1987,NA,NA,NA,0.47833333333333333,0.06,6.458333333333333,37
4ABWR002.50,1988,NA,NA,NA,0.3233333333333333,0.13,8.777777777777779,37
4ABWR002.50,1989,NA,NA,NA,0.27444444444444444,0.017777777777777778,6,37
4ABWR002.50,1990,NA,NA,NA,0.53,0.04666666666666667,4.666666666666667,37
4ABWR002.50,1991,NA,NA,NA,0.34888888888888886,0.017777777777777778,NA,37
4ABWR002.50,1992,NA,NA,NA,NA,0.024444444444444442,6.555555555555555,37
4ABWR002.50,1993,NA,NA,NA,0.32222222222222224,0.015555555555555553,3,37
4ABWR002.50,1996,NA,NA,NA,0.3322222222222222,0.015555555555555553,3.4444444444444446,37
4ABWR002.50,1997,3.1999999999999997,NA,NA,0.3277777777777778,0.015555555555555553,3.3333333333333335,37
4ABWR002.50,1999,2.9,3.0625,NA,0.116,0.01,3.25,37
4ABWR002.50,2001,3.225,2.126666666666667,NA,0.08,0.011666666666666667,3.8333333333333335,37
4ABWR002.50,2002,3,0.995,NA,0.08166666666666667,0.01,2.3333333333333335,37
4ABWR002.50,2003,2.2666666666666666,3.94,NA,NA,0.011666666666666667,NA,37
4ABWR002.50,2004,2.6666666666666665,1.93,0.52,NA,0.014166666666666666,NA,37
4ABWR002.50,2005,2.6,2.1016666666666666,0.5016666666666667,NA,0.016666666666666666,NA,37
4ABWR002.50,2006,2.816666666666667,2.12,0.4891666666666667,NA,0.01583333333333333,NA,37
4ABWR002.50,2007,2.7600000000000002,2.0380000000000003,0.455,NA,0.013,NA,37
4ABWR002.50,2008,3.2666666666666666,1.52,0.42083333333333334,NA,0.01916666666666667,NA,37
4ABWR002.50,2009,3.183333333333333,4.375,0.49666666666666665,NA,0.025,NA,37
4ABWR002.50,2010,2.98,2.464,0.573,NA,0.034999999999999996,NA,37
4ABWR002.50,2011,2.96,2.218,0.472,NA,0.012,NA,37
4ABWR002.50,2012,2.8,2.0416666666666665,0.51,NA,0.0325,NA,37
4ABWR002.50,2013,2.98,3.0516666666666667,0.5266666666666667,NA,0.013333333333333334,NA,37
4ABWR002.50,2014,2.5666666666666664,3.37,0.5358333333333334,NA,0.0125,NA,37
4ABWR002.50,2015,4.175,1.1075,0.44875,NA,0.0125,NA,37
4ABWR002.50,2016,3.0166666666666666,2.8716666666666666,0.5141666666666667,NA,0.014999999999999998,NA,37
4ABWR002.50,2017,2.3833333333333333,2.3533333333333335,0.30166666666666664,NA,0.006666666666666667,NA,37
4ABWR002.50,2018,2.3666666666666667,2.4583333333333335,0.3,NA,0.011666666666666667,NA,37
4ABWR002.50,2019,2.25,3.5133333333333336,0.345,NA,0.011666666666666667,NA,37
4ABWR002.50,2020,1.975,3.3449999999999998,0.28750000000000003,NA,0.01,NA,37
4ABWR002.50,2021,2.666666666666667,2.796666666666667,0.30916666666666665,0.07333333333333333,0.0075,1.8333333333333333,37
4ABWR002.50,2022,2.9499999999999997,2.066,0.274,0.060000000000000005,0.006,1.6,37
4ABWR002.50,2023,3.05,2.7083333333333335,0.28833333333333333,NA,0.0033333333333333335,NA,37
4ABWR002.50,2024,2.7666666666666666,2.3933333333333335,0.2733333333333333,NA,0.0033333333333333335,NA,37
4ABWR010.55,1983,NA,NA,NA,0.4255555555555556,0.022222222222222223,7,37
4ABWR010.55,1984,NA,NA,NA,0.5433333333333333,0.019166666666666665,7.833333333333334,37
4ABWR010.55,1986,NA,NA,NA,0.39166666666666666,0.02208333333333333,5.416666666666667,37
4ABWR010.55,1987,NA,NA,NA,0.4811111111111111,0.13111111111111112,18.666666666666668,37
4ABWR010.55,1988,NA,NA,NA,0.225,0.035,4.166666666666666,37
4ABWR010.55,1989,NA,NA,NA,0.39666666666666667,0.04111111111111111,9.222222222222221,37
4ABWR010.55,1990,NA,2.07,NA,0.48166666666666674,0.025555555555555554,4.833333333333333,37
4ABWR010.55,1991,NA,NA,NA,0.35111111111111115,0.016666666666666666,NA,37
4ABWR010.55,1992,NA,NA,NA,0.43444444444444447,0.035555555555555556,5.222222222222222,37
4ABWR010.55,1993,NA,NA,NA,0.31222222222222223,0.017777777777777778,3.555555555555556,37
4ABWR010.55,1996,NA,NA,NA,0.3466666666666667,0.027777777777777776,7.111111111111111,37
4ABWR010.55,1997,2.1333333333333333,NA,NA,0.34888888888888886,0.02,5.222222222222222,37
4ABWR010.55,1999,2.2800000000000002,3.075,NA,0.112,0.01533333333333333,3.9166666666666665,37
4ABWR010.55,2001,2.8,3.1466666666666665,NA,0.09,0.016666666666666666,5.166666666666667,37
4ABWR010.55,2002,2.2,1.506,NA,0.041999999999999996,0.013,5.4,37
4ABWR010.55,2003,1.4666666666666666,7.993333333333334,NA,NA,0.04833333333333333,NA,37
4ABWR010.55,2004,1.85,4.933333333333334,0.6016666666666667,NA,0.035833333333333335,NA,37
4ABWR010.55,2005,1.8166666666666667,3.66,0.5783333333333334,NA,0.0225,NA,37
4ABWR010.55,2006,1.8166666666666667,3.893333333333333,0.505,NA,0.025,NA,37
4ABWR010.55,2007,1.96,4.5760000000000005,0.514,NA,0.03,NA,37
4ABWR010.55,2008,2.3333333333333335,2.7316666666666665,0.45916666666666667,NA,0.025,NA,37
4ABWR010.55,2009,2.35,5.531666666666667,0.5766666666666667,NA,0.03916666666666667,NA,37
4ABWR010.55,2010,2.02,3.652,0.598,NA,0.039,NA,37
4ABWR010.55,2011,2.12,3.042,0.5509999999999999,NA,0.032,NA,37
4ABWR010.55,2012,2,3.361666666666667,0.5391666666666667,NA,0.025833333333333333,NA,37
4ABWR010.55,2013,1.7,5.931666666666667,0.6291666666666667,NA,0.043333333333333335,NA,37
4ABWR010.55,2014,1.8166666666666667,5.848333333333334,0.6333333333333333,NA,0.02416666666666667,NA,37
4ABWR010.55,2015,2.35,2.54,0.49875,NA,0.02375,NA,37
4ABWR010.55,2016,1.9,5.234999999999999,0.6116666666666667,NA,0.04,NA,37
4ABWR010.55,2017,1.2833333333333332,4.126666666666667,0.375,NA,0.018333333333333333,NA,37
4ABWR010.55,2018,1.25,6.048333333333333,0.44,NA,0.025,NA,37
4ABWR010.55,2019,1.45,6.279999999999999,0.405,NA,0.016666666666666666,NA,37
4ABWR010.55,2020,1.4,7.2425,0.3375,NA,0.015,NA,37
4ABWR010.55,2021,1.85,5.733333333333333,0.35333333333333333,NA,0.011666666666666667,NA,37
4ABWR010.55,2022,1.875,4.964,0.322,NA,0.014,NA,37
4ABWR010.55,2023,1.55,10.278333333333334,0.405,NA,0.013333333333333332,NA,37
4ABWR010.55,2024,2.433333333333333,4.083333333333333,0.30666666666666664,NA,0.013333333333333334,NA,37
4ABWR017.42,1984,NA,NA,NA,0.5411111111111111,0.027777777777777776,23.333333333333332,35
4ABWR017.42,1986,NA,NA,NA,0.455,0.057777777777777775,19.22222222222222,35
4ABWR017.42,1987,NA,NA,NA,0.4788888888888889,0.08,7.222222222222222,35
4ABWR017.42,1988,NA,NA,NA,0.29666666666666663,0.07250000000000001,14.416666666666666,35
4ABWR017.42,1990,NA,NA,NA,0.5516666666666666,0.08333333333333334,20.555555555555557,35
4ABWR017.42,1991,NA,NA,NA,0.2744444444444445,0.044444444444444446,NA,35
4ABWR017.42,1992,NA,NA,NA,0.5622222222222222,0.09,17.555555555555557,35
4ABWR017.42,1993,NA,NA,NA,0.27222222222222225,0.06,10.444444444444445,35
4ABWR017.42,1996,NA,NA,NA,0.22666666666666666,0.03333333333333333,4.666666666666667,35
4ABWR017.42,1997,1.2333333333333334,NA,NA,0.19,0.03666666666666667,7.333333333333333,35
4ABWR017.42,1999,0.7,18.656666666666666,NA,0.26999999999999996,0.04666666666666667,5.666666666666667,35
4ABWR017.42,2001,1.2,12.3175,NA,0.16,0.03833333333333334,9.75,35
4ABWR017.42,2002,0.88,8.956,NA,0.12,0.056,17.9,35
4ABWR017.42,2003,0.7,12.923333333333334,NA,NA,0.043333333333333335,NA,35
4ABWR017.42,2004,1.15,12.43,0.59,NA,0.03666666666666667,NA,35
4ABWR017.42,2005,1.1166666666666667,10.19,0.5533333333333333,NA,0.045,NA,35
4ABWR017.42,2006,0.8166666666666667,8.793333333333333,0.6583333333333333,NA,0.05,NA,35
4ABWR017.42,2007,0.9666666666666667,10.85,0.528,NA,0.036,NA,35
4ABWR017.42,2008,1.2,9.551666666666666,0.5883333333333334,NA,0.03666666666666667,NA,35
4ABWR017.42,2009,1.3,17.09166666666667,0.59,NA,0.04166666666666667,NA,35
4ABWR017.42,2010,1.4000000000000001,13.644,0.558,NA,0.042,NA,35
4ABWR017.42,2011,1.26,11.336,0.586,NA,0.034,NA,35
4ABWR017.42,2012,0.8833333333333333,15.956666666666667,0.7066666666666667,NA,0.07333333333333333,NA,35
4ABWR017.42,2013,1.1666666666666667,13.798333333333334,0.5516666666666666,NA,0.034999999999999996,NA,35
4ABWR017.42,2014,1.0666666666666667,11.96,0.6066666666666667,NA,0.03333333333333333,NA,35
4ABWR017.42,2015,1.15,17.31,0.5775,NA,0.035,NA,35
4ABWR017.42,2016,1.0666666666666667,15.076666666666666,0.6183333333333333,NA,0.03,NA,35
4ABWR017.42,2017,1.0833333333333333,15.483333333333334,0.5516666666666666,NA,0.05,NA,35
4ABWR017.42,2018,0.8166666666666667,14.015,0.6733333333333333,NA,0.05333333333333334,NA,35
4ABWR017.42,2019,0.9666666666666667,17.35,0.6166666666666667,NA,0.04666666666666667,NA,35
4ABWR017.42,2020,0.9,17.37,0.53,NA,0.0425,NA,35
4ABWR017.42,2021,1.05,9.711666666666666,0.5,NA,0.03166666666666667,NA,35
4ABWR017.42,2022,0.9,13.638,0.598,NA,0.04,NA,35
4ABWR017.42,2023,1.0333333333333334,14.073333333333334,0.5566666666666666,NA,0.03333333333333333,NA,35
4ABWR017.42,2024,0.9,18.03333333333333,0.63,NA,0.03333333333333333,NA,35
4ACCK001.80,1988,NA,NA,NA,0.3588888888888889,0.030000000000000002,4.055555555555555,31
4ACCK001.80,1990,NA,NA,NA,NA,NA,3.2222222222222223,31
4ACCK001.80,1996,NA,NA,NA,0.29777777777777775,0.032222222222222215,3.111111111111111,31
4ACCK001.80,1997,3.4,NA,NA,0.3111111111111111,0.012222222222222221,3.7777777777777777,31
4ACCK001.80,1998,3.1333333333333333,NA,NA,0.26333333333333336,0.018888888888888882,3,31
4ACCK001.80,1999,2.78,1.9566666666666666,NA,0.14333333333333334,0.01111111111111111,4.833333333333333,31
4ACCK001.80,2000,NA,2.1799999999999997,NA,0.12,0.01111111111111111,3.666666666666667,31
4ACCK001.80,2001,3.275,2.0633333333333335,NA,0.095,0.021666666666666664,7.833333333333333,31
4ACCK001.80,2002,2.8600000000000003,0.74,NA,0.084,0.016,2.1,31
4ACCK001.80,2003,2.85,1.6675,0.515,NA,0.72625,NA,31
4ACCK001.80,2004,2.8166666666666664,1.5666666666666667,0.5108333333333334,NA,0.0125,NA,31
4ACCK001.80,2005,2.5,1.4666666666666666,0.5533333333333333,NA,0.015,NA,31
4ACCK001.80,2006,3.15,1.2533333333333334,0.4708333333333333,NA,0.011666666666666667,NA,31
4ACCK001.80,2007,2.98,1.414,0.496,NA,0.013000000000000001,NA,31
4ACCK001.80,2008,3.1333333333333333,1.2833333333333332,0.43333333333333335,NA,0.0125,NA,31
4ACCK001.80,2009,2.95,1.575,0.4583333333333333,NA,0.019166666666666665,NA,31
4ACCK001.80,2010,2.96,2.096,0.5569999999999999,NA,0.017,NA,31
4ACCK001.80,2011,3.1,1.7516666666666667,0.5025,NA,0.019166666666666665,NA,31
4ACCK001.80,2012,3.166666666666667,1.1566666666666667,0.49833333333333335,NA,0.015,NA,31
4ACCK001.80,2013,3.15,2.13,0.515,NA,0.018333333333333333,NA,31
4ACCK001.80,2014,2.8666666666666667,2.77,0.5266666666666666,NA,0.021666666666666667,NA,31
4ACCK001.80,2015,4.76,1.208,0.44,NA,0.015,NA,31
4ACCK001.80,2016,3.45,1.8366666666666667,0.5158333333333334,NA,0.015833333333333335,NA,31
4ACCK001.80,2017,2.92,2.23,0.316,NA,0.008,NA,31
4ACCK001.80,2018,3.1166666666666667,1.5733333333333333,0.355,NA,0.006666666666666667,NA,31
4ACCK001.80,2019,2.44,2.83,0.362,NA,0.008,NA,31
4ACCK001.80,2020,2.2,2.9225,0.2875,NA,0.0075,NA,31
4ACCK001.80,2021,3.06,1.764,0.34,NA,0,NA,31
4ACCK001.80,2022,3.4,1.4766666666666666,0.2783333333333333,NA,0.0033333333333333335,NA,31
4ACCK001.80,2023,3.2,2.4283333333333332,0.32333333333333336,NA,0.006666666666666667,NA,31
4ACCK001.80,2024,3.466666666666667,1.3166666666666667,0.2633333333333333,NA,0.006666666666666667,NA,31
4ACOA000.60,1985,NA,NA,NA,0.31555555555555553,0.01111111111111111,5,32
4ACOA000.60,1986,NA,NA,NA,0.37333333333333335,0.01111111111111111,5,32
4ACOA000.60,1987,NA,NA,NA,0.4066666666666667,0.061111111111111116,8.333333333333332,32
4ACOA000.60,1988,NA,NA,NA,0.25,0.12222222222222223,4,32
4ACOA000.60,1990,NA,NA,NA,0.37666666666666665,0.02,2.7777777777777777,32
4ACOA000.60,1996,NA,NA,NA,0.29888888888888887,0.017777777777777778,4.222222222222222,32
4ACOA000.60,1997,2.9333333333333336,NA,NA,0.29444444444444445,0.01111111111111111,3,32
4ACOA000.60,1999,2.76,2.5725000000000002,NA,0.132,0.011666666666666665,4.416666666666666,32
4ACOA000.60,2001,3.175,2.2408333333333332,NA,0.116,0.014166666666666666,6.75,32
4ACOA000.60,2002,3.4,0.9583333333333334,NA,0.09333333333333334,0.010833333333333334,2.0833333333333335,32
4ACOA000.60,2003,2.5666666666666664,2.8000000000000003,NA,NA,0.01,NA,32
4ACOA000.60,2004,2.7,2.28,0.5008333333333334,NA,0.016666666666666666,NA,32
4ACOA000.60,2005,2.6166666666666667,3.195,0.67,NA,0.016666666666666666,NA,32
4ACOA000.60,2006,2.65,2.225,0.44916666666666666,NA,0.01583333333333333,NA,32
4ACOA000.60,2007,2.975,1.992,0.527,NA,0.014,NA,32
4ACOA000.60,2008,3.1333333333333333,1.67,0.45,NA,0.015833333333333335,NA,32
4ACOA000.60,2009,2.7666666666666666,5.371666666666667,0.45666666666666667,NA,0.018333333333333333,NA,32
4ACOA000.60,2010,2.92,2.4,0.551,NA,0.02,NA,32
4ACOA000.60,2011,2.92,2.158,0.512,NA,0.02,NA,32
4ACOA000.60,2012,3.05,2.02,0.49333333333333335,NA,0.06083333333333333,NA,32
4ACOA000.60,2013,3.1,3.0416666666666665,0.5216666666666667,NA,0.011666666666666667,NA,32
4ACOA000.60,2014,2.7,3.61,0.5033333333333333,NA,0.0175,NA,32
4ACOA000.60,2015,4.05,1.76,0.435,NA,0.01625,NA,32
4ACOA000.60,2016,3.0666666666666664,2.2716666666666665,0.5225,NA,0.014999999999999998,NA,32
4ACOA000.60,2017,2.666666666666667,2.2783333333333333,0.31,NA,0.005,NA,32
4ACOA000.60,2018,2.65,2.055,0.31666666666666665,NA,0.008333333333333333,NA,32
4ACOA000.60,2019,2.316666666666667,3.4033333333333333,0.3383333333333333,NA,0.01,NA,32
4ACOA000.60,2020,2.025,3.7325,0.29000000000000004,NA,0.01,NA,32
4ACOA000.60,2021,2.85,2.3033333333333332,0.33,NA,0.005,NA,32
4ACOA000.60,2022,2.8,1.776,0.266,NA,0.004,NA,32
4ACOA000.60,2023,3.2666666666666666,2.7283333333333335,0.30333333333333334,NA,0.006666666666666667,NA,32
4ACOA000.60,2024,3.1666666666666665,2,0.2833333333333333,NA,0.006666666666666667,NA,32
4ACRR008.32,1980,1.46,NA,NA,NA,0.076,12.6,9
4ACRR008.32,2002,1.3666666666666667,6.111666666666666,NA,0.15,0.018000000000000002,4,9
4ACRR008.32,2007,1.1500000000000001,10.888333333333334,0.44666666666666666,NA,0.023333333333333334,NA,9
4ACRR008.32,2011,1.1333333333333333,12.795,0.44833333333333336,NA,0.023333333333333334,NA,9
4ACRR008.32,2012,1.15,9.51388888888889,0.43166666666666664,NA,0.01888888888888889,NA,9
4ACRR008.32,2017,1.1833333333333333,9.312222222222223,0.3861111111111111,NA,0.023333333333333334,NA,9
4ACRR008.32,2018,1,16.98611111111111,0.6772222222222222,NA,0.05444444444444445,NA,9
4ACRR008.32,2023,1.2,11.078333333333333,0.44666666666666666,0.055,0.028333333333333335,4.166666666666667,9
4ACRR008.32,2024,1.4666666666666668,5.966666666666667,0.3466666666666667,0.01,0.01,2.6666666666666665,9
4AGIL002.39,1984,NA,NA,NA,0.4041666666666667,0.02,10.25,36
4AGIL002.39,1986,NA,NA,NA,0.2733333333333333,0.015555555555555553,5.777777777777778,36
4AGIL002.39,1987,NA,NA,NA,0.29666666666666663,0.09555555555555556,14.11111111111111,36
4AGIL002.39,1988,NA,NA,NA,0.16833333333333336,0.04083333333333333,5.416666666666667,36
4AGIL002.39,1989,NA,NA,NA,0.2544444444444445,0.06222222222222223,18.333333333333336,36
4AGIL002.39,1990,NA,3.5366666666666666,NA,0.30666666666666664,0.04888888888888889,11,36
4AGIL002.39,1991,NA,NA,NA,0.22444444444444447,0.03111111111111111,NA,36
4AGIL002.39,1992,NA,NA,NA,0.2583333333333333,0.06444444444444444,7.666666666666667,36
4AGIL002.39,1993,NA,NA,NA,0.2222222222222222,0.027777777777777776,6,36
4AGIL002.39,1996,NA,NA,NA,0.16333333333333333,0.03666666666666667,8.833333333333334,36
4AGIL002.39,1997,2.2,NA,NA,0.08333333333333333,0.013333333333333334,3,36
4AGIL002.39,1999,2.02,4.3975,NA,0.092,0.02,4.625,36
4AGIL002.39,2001,2.45,3.4991666666666665,NA,0.06666666666666667,0.0225,5.666666666666667,36
4AGIL002.39,2002,2.2,2.394,NA,0.042,0.016,6.3,36
4AGIL002.39,2003,NA,7.5600000000000005,NA,NA,0.03833333333333334,NA,36
4AGIL002.39,2004,1.5333333333333334,4.345,0.5108333333333334,NA,0.0325,NA,36
4AGIL002.39,2005,1.7333333333333334,4.441666666666666,0.5275,NA,0.050833333333333335,NA,36
4AGIL002.39,2006,1.7333333333333334,4.218333333333333,0.4533333333333333,NA,0.023333333333333334,NA,36
4AGIL002.39,2007,1.7,8.648,0.456,NA,0.027,NA,36
4AGIL002.39,2008,2.533333333333333,3.091666666666667,0.385,NA,0.02666666666666667,NA,36
4AGIL002.39,2009,2.35,6.735,0.43333333333333335,NA,0.030833333333333334,NA,36
4AGIL002.39,2010,2.06,4.008,0.502,NA,0.032,NA,36
4AGIL002.39,2011,1.9,4.57,0.525,NA,0.05,NA,36
4AGIL002.39,2012,1.6333333333333333,4.9816666666666665,0.505,NA,0.04416666666666667,NA,36
4AGIL002.39,2013,1.7666666666666666,6.1450000000000005,0.5225,NA,0.034166666666666665,NA,36
4AGIL002.39,2014,1.8666666666666667,5.636666666666667,0.5183333333333333,NA,0.0225,NA,36
4AGIL002.39,2015,1.95,3.2525,0.42375,NA,0.0175,NA,36
4AGIL002.39,2016,1.7833333333333332,4.663333333333333,0.5233333333333333,NA,0.024999999999999998,NA,36
4AGIL002.39,2017,1.4333333333333333,3.76,0.31833333333333336,NA,0.021666666666666667,NA,36
4AGIL002.39,2018,1.2833333333333332,6.126666666666667,0.42,NA,0.02666666666666667,NA,36
4AGIL002.39,2019,1.52,5.111666666666666,0.4666666666666667,NA,0.02,NA,36
4AGIL002.39,2020,1.65,4.7875,0.2925,NA,0.015,NA,36
4AGIL002.39,2021,1.7833333333333332,4.22,0.32666666666666666,NA,0.013333333333333334,NA,36
4AGIL002.39,2022,1.775,4.404,0.296,NA,0.016,NA,36
4AGIL002.39,2023,1.75,5.318333333333333,0.265,NA,0.015,NA,36
4AGIL002.39,2024,2,4.59,0.26333333333333336,NA,0.01,NA,36
4AROA038.49,1972,NA,NA,NA,0.18714285714285714,NA,NA,22
4AROA038.49,1973,NA,NA,NA,0.1442857142857143,NA,NA,22
4AROA038.49,1974,NA,NA,NA,0.135,NA,NA,22
4AROA038.49,1975,NA,NA,NA,0.20625000000000002,NA,NA,22
4AROA038.49,1978,NA,NA,NA,0.17333333333333334,NA,NA,22
4AROA038.49,1990,NA,17.34,NA,NA,NA,NA,22
4AROA038.49,2000,0.875,20.85,NA,0.09,0.03857142857142857,NA,22
4AROA038.49,2002,NA,20.266666666666666,NA,0.06999999999999999,0.02666666666666667,6.333333333333333,22
4AROA038.49,2005,1.25,8.715,0.525,NA,0.038,NA,22
4AROA038.49,2007,NA,NA,0.43,NA,0.023333333333333334,4,22
4AROA038.49,2008,NA,NA,0.55,NA,0.026666666666666665,NA,22
4AROA038.49,2010,0.9833333333333334,10.678333333333333,0.5383333333333333,NA,0.04,NA,22
4AROA038.49,2012,1.0333333333333334,16.48,0.495,NA,0.03166666666666667,NA,22
4AROA038.49,2014,1.0166666666666666,11.278333333333334,0.39166666666666666,NA,0.022,NA,22
4AROA038.49,2016,0.78,11.767222222222221,0.5288888888888889,NA,0.04055555555555555,NA,22
4AROA038.49,2018,0.9333333333333333,12.258333333333333,0.51,NA,0.051666666666666666,NA,22
4AROA038.49,2019,1.0166666666666666,10.053333333333333,0.4166666666666667,NA,0.035,NA,22
4AROA038.49,2020,1.3,10.295,0.385,NA,0.0325,NA,22
4AROA038.49,2021,1.22,8.88,0.364,NA,0.02,NA,22
4AROA038.49,2022,1.1166666666666667,13.481666666666666,0.4066666666666667,NA,0.03,NA,22
4AROA038.49,2023,1.0833333333333333,15.195,0.4683333333333333,0.08666666666666667,0.03333333333333333,5.166666666666667,22
4AROA038.49,2024,0.7,15.533333333333333,0.52,0.06333333333333334,0.03666666666666667,7,22
4AROA158.22,1983,NA,NA,NA,0.3888888888888889,0.01,5,36
4AROA158.22,1984,NA,NA,NA,0.5133333333333333,0.0375,6.333333333333334,36
4AROA158.22,1985,NA,NA,NA,0.36444444444444446,0.02,5.666666666666667,36
4AROA158.22,1986,NA,NA,NA,0.46555555555555556,0.024444444444444446,5.444444444444445,36
4AROA158.22,1988,NA,NA,NA,0.3375,0.11583333333333334,3.5,36
4AROA158.22,1989,NA,NA,NA,0.32999999999999996,0.09111111111111111,2.888888888888889,36
4AROA158.22,1990,NA,3.74,NA,NA,NA,2.2777777777777777,36
4AROA158.22,1996,NA,NA,NA,0.3022222222222222,0.02222222222222222,3.3333333333333335,36
4AROA158.22,1997,3.6333333333333333,NA,NA,0.3322222222222222,0.014444444444444444,3,36
4AROA158.22,1998,3.1333333333333333,NA,NA,0.2777777777777778,0.022222222222222223,3,36
4AROA158.22,1999,2.8833333333333333,3.2783333333333333,NA,0.14500000000000002,0.018333333333333333,8.222222222222223,36
4AROA158.22,2000,NA,1.9033333333333333,NA,0.13,0.01,3,36
4AROA158.22,2001,3.4,1.5133333333333334,NA,0.10166666666666667,0.0125,4,36
4AROA158.22,2002,3.5,0.8525,NA,0.09000000000000001,0.011,1.8,36
4AROA158.22,2003,3.025,1.9275,0.5216666666666666,NA,0.01,NA,36
4AROA158.22,2004,2.683333333333333,1.9,0.5308333333333334,NA,0.015,NA,36
4AROA158.22,2005,2.566666666666667,2.256666666666667,0.5650000000000001,NA,0.014166666666666666,NA,36
4AROA158.22,2006,2.9,1.6833333333333333,0.49916666666666665,NA,0.0125,NA,36
4AROA158.22,2007,3.14,1.586,0.501,NA,0.011,NA,36
4AROA158.22,2008,3.08,1.4966666666666666,0.45916666666666667,NA,0.014166666666666666,NA,36
4AROA158.22,2009,3.1166666666666667,2.243333333333333,0.4841666666666667,NA,0.015833333333333335,NA,36
4AROA158.22,2010,2.86,2.9019999999999997,0.572,NA,0.015,NA,36
4AROA158.22,2011,3,1.7883333333333333,0.515,NA,0.018333333333333333,NA,36
4AROA158.22,2012,2.966666666666667,1.4166666666666665,0.4866666666666667,NA,0.014166666666666668,NA,36
4AROA158.22,2013,3.1833333333333336,1.94,0.5308333333333334,NA,0.011666666666666667,NA,36
4AROA158.22,2014,2.85,4.175,0.535,NA,0.01,NA,36
4AROA158.22,2015,4.84,1.302,0.46699999999999997,NA,0.011,NA,36
4AROA158.22,2016,3.2666666666666666,2.0733333333333333,0.5175,NA,0.014166666666666666,NA,36
4AROA158.22,2017,2.525,2.552,0.36,NA,0.008,NA,36
4AROA158.22,2018,2.716666666666667,1.8983333333333332,0.315,NA,0.006666666666666667,NA,36
4AROA158.22,2019,2.2800000000000002,3.434,0.366,NA,0.006,NA,36
4AROA158.22,2020,2.05,3.0725000000000002,0.31,NA,0.01,NA,36
4AROA158.22,2021,3.1166666666666667,2.23,0.345,NA,0.005,NA,36
4AROA158.22,2022,3.6333333333333333,1.985,0.3016666666666667,NA,0.005,NA,36
4AROA158.22,2023,3.15,2.8433333333333333,0.33999999999999997,NA,0.006666666666666667,NA,36
4AROA158.22,2024,3.6333333333333333,1.6366666666666667,0.5,NA,0.0033333333333333335,NA,36
4AROA163.76,1983,NA,NA,NA,0.3722222222222222,0.01,5.222222222222222,37
4AROA163.76,1984,NA,NA,NA,0.5883333333333334,0.012499999999999997,5.083333333333333,37
4AROA163.76,1985,NA,NA,NA,0.40166666666666667,0.02,5,37
4AROA163.76,1986,NA,NA,NA,0.4866666666666667,0.015555555555555553,5.444444444444445,37
4AROA163.76,1987,NA,NA,NA,0.46,0.07111111111111111,11.777777777777779,37
4AROA163.76,1988,NA,NA,NA,0.4033333333333333,0.035833333333333335,3.4166666666666665,37
4AROA163.76,1989,NA,NA,NA,0.3144444444444444,0.016666666666666663,6.222222222222222,37
4AROA163.76,1990,NA,6.6033333333333335,NA,NA,NA,3.5555555555555554,37
4AROA163.76,1996,NA,NA,NA,0.31666666666666665,0.018888888888888886,3,37
4AROA163.76,1997,3.1666666666666665,NA,NA,0.27888888888888885,0.01222222222222222,3.444444444444444,37
4AROA163.76,1998,NA,NA,NA,0.26222222222222225,0.022222222222222216,3.111111111111111,37
4AROA163.76,1999,2.74,2.8333333333333335,NA,0.12833333333333335,0.01,3.111111111111111,37
4AROA163.76,2000,NA,2.3925,NA,0.105,0.01,3.5,37
4AROA163.76,2001,3.3,1.7466666666666666,NA,0.095,0.011666666666666667,3.75,37
4AROA163.76,2002,3.26,1.0474999999999999,NA,0.08600000000000001,0.011,2.2,37
4AROA163.76,2003,2.875,1.9225,0.5516666666666666,NA,0.02,NA,37
4AROA163.76,2004,2.6,2.263333333333333,0.56,NA,0.015833333333333335,NA,37
4AROA163.76,2005,2.6333333333333333,2.296,0.5833333333333334,NA,0.014166666666666668,NA,37
4AROA163.76,2006,2.9,1.5866666666666667,0.4825,NA,0.011666666666666667,NA,37
4AROA163.76,2007,3.12,1.7625,0.551,NA,0.012,NA,37
4AROA163.76,2008,3.2,1.8483333333333332,0.44916666666666666,NA,0.014166666666666668,NA,37
4AROA163.76,2009,2.65,4.1450000000000005,0.4816666666666667,NA,0.02,NA,37
4AROA163.76,2010,2.9,3.066,0.6,NA,0.021,NA,37
4AROA163.76,2011,2.8333333333333335,2.4683333333333333,0.5275,NA,0.021666666666666667,NA,37
4AROA163.76,2012,2.6833333333333336,2.09,0.47583333333333333,NA,0.011666666666666667,NA,37
4AROA163.76,2013,3.0666666666666664,3.595,0.58,NA,0.016666666666666666,NA,37
4AROA163.76,2014,2.5166666666666666,4.093333333333334,0.5966666666666667,NA,0.0125,NA,37
4AROA163.76,2015,4.46,1.002,0.453,NA,0.009000000000000001,NA,37
4AROA163.76,2016,3.283333333333333,2.1083333333333334,0.53,NA,0.018333333333333333,NA,37
4AROA163.76,2017,2.44,3.44,0.322,NA,0.01,NA,37
4AROA163.76,2018,2.5666666666666664,2.095,0.3566666666666667,NA,0.008333333333333333,NA,37
4AROA163.76,2019,2.14,3.982,0.374,NA,0.01,NA,37
4AROA163.76,2020,1.9666666666666666,4.345,0.35,NA,0.01,NA,37
4AROA163.76,2021,3.0166666666666666,2.683333333333333,0.32666666666666666,0.09083333333333334,0.005833333333333334,1.5,37
4AROA163.76,2022,3.3166666666666664,1.7716666666666667,0.30833333333333335,0.07666666666666666,0,1.5,37
4AROA163.76,2023,2.95,3.066666666666667,0.33,NA,0.008333333333333333,NA,37
4AROA163.76,2024,3.566666666666667,1.6433333333333333,0.59,NA,0.006666666666666667,NA,37
4AROA167.34,1986,NA,NA,NA,0.4066666666666667,0.02222222222222222,5.555555555555555,34
4AROA167.34,1987,NA,NA,NA,0.4277777777777778,0.07777777777777778,10.555555555555555,34
4AROA167.34,1988,NA,NA,NA,0.375,0.041666666666666664,3.1666666666666665,34
4AROA167.34,1989,NA,NA,NA,0.3377777777777778,0.016666666666666663,2.388888888888889,34
4AROA167.34,1990,NA,2.936666666666667,NA,NA,NA,3.444444444444444,34
4AROA167.34,1996,NA,NA,NA,0.3833333333333333,0.025555555555555554,3.111111111111111,34
4AROA167.34,1997,2.4,NA,NA,0.36666666666666664,0.019999999999999997,5.777777777777778,34
4AROA167.34,1998,2.8,NA,NA,0.30777777777777776,0.024444444444444442,3.3333333333333335,34
4AROA167.34,1999,2.7666666666666666,3.038333333333333,NA,0.15833333333333333,0.012222222222222221,4.777777777777778,34
4AROA167.34,2000,NA,2.88,NA,0.11,0.01,2.916666666666667,34
4AROA167.34,2001,2.85,2.203333333333333,NA,0.11333333333333333,0.01583333333333333,4.25,34
4AROA167.34,2002,2.82,1.2,NA,0.066,0.027,2.2,34
4AROA167.34,2003,2.75,3.3074999999999997,0.5533333333333333,NA,0.01375,NA,34
4AROA167.34,2004,2.183333333333333,2.895,0.67,NA,0.015833333333333335,NA,34
4AROA167.34,2005,2.1666666666666665,3.8216666666666663,0.6408333333333334,NA,0.018333333333333333,NA,34
4AROA167.34,2006,2.65,2.5933333333333333,0.5716666666666667,NA,0.011666666666666667,NA,34
4AROA167.34,2007,2.68,2.185,0.581,NA,0.014,NA,34
4AROA167.34,2008,2.833333333333333,2.7583333333333333,0.5266666666666666,NA,0.016666666666666666,NA,34
4AROA167.34,2009,2.2,5.445,0.5650000000000001,NA,0.022857142857142857,NA,34
4AROA167.34,2010,2.8,2.878,0.615,NA,0.022,NA,34
4AROA167.34,2011,2.6666666666666665,2.973333333333333,0.5291666666666667,NA,0.015,NA,34
4AROA167.34,2012,2.35,2.6433333333333335,0.5083333333333333,NA,0.0125,NA,34
4AROA167.34,2013,2.7333333333333334,3.4683333333333333,0.6875,NA,0.03916666666666667,NA,34
4AROA167.34,2014,2.3833333333333333,4.348,0.5925,NA,0.01,NA,34
4AROA167.34,2015,4.24,1.26,0.501,NA,0.01,NA,34
4AROA167.34,2016,2.783333333333333,2.566666666666667,0.5608333333333333,NA,0.016666666666666663,NA,34
4AROA167.34,2017,2.3200000000000003,3.3480000000000003,0.35800000000000004,NA,0.008,NA,34
4AROA167.34,2018,2.42,2.3233333333333333,0.35833333333333334,NA,0.01,NA,34
4AROA167.34,2019,1.88,4.176,0.418,NA,0.012,NA,34
4AROA167.34,2020,2.275,3.755,0.315,NA,0.01,NA,34
4AROA167.34,2021,2.52,4.086,0.428,NA,0.004,NA,34
4AROA167.34,2022,3.033333333333333,2.4966666666666666,0.325,NA,0.006666666666666667,NA,34
4AROA167.34,2023,2.6833333333333336,3.8016666666666667,0.33666666666666667,NA,0.005,NA,34
4AROA167.34,2024,3.2,1.4466666666666668,0.5066666666666667,NA,0.006666666666666667,NA,34
4AROA175.63,1972,NA,NA,NA,0.12571428571428572,NA,NA,41
4AROA175.63,1973,NA,NA,NA,0.16571428571428573,NA,NA,41
4AROA175.63,1974,NA,NA,NA,0.198,NA,NA,41
4AROA175.63,1975,NA,NA,NA,0.19666666666666668,NA,NA,41
4AROA175.63,1983,NA,NA,NA,0.4255555555555555,0.017777777777777774,6.111111111111112,41
4AROA175.63,1984,NA,NA,NA,0.6891666666666667,0.014166666666666666,7.083333333333333,41
4AROA175.63,1985,NA,NA,NA,0.4911111111111111,0.016666666666666663,5,41
4AROA175.63,1986,NA,NA,NA,0.5777777777777777,0.02444444444444444,5.888888888888889,41
4AROA175.63,1987,NA,NA,NA,0.5111111111111111,0.08,7,41
4AROA175.63,1988,NA,NA,NA,0.42833333333333334,0.03833333333333334,5.333333333333333,41
4AROA175.63,1989,NA,NA,NA,0.5222222222222223,0.027777777777777776,6.666666666666666,41
4AROA175.63,1990,NA,NA,NA,NA,NA,5.222222222222222,41
4AROA175.63,1996,NA,NA,NA,0.46,0.03666666666666667,6.333333333333334,41
4AROA175.63,1997,1.4,NA,NA,0.36444444444444446,0.027777777777777776,4.666666666666667,41
4AROA175.63,1998,1.8666666666666667,NA,NA,0.34555555555555556,0.02111111111111111,4,41
4AROA175.63,1999,1.7666666666666666,6.924,NA,0.175,0.019444444444444445,5.333333333333333,41
4AROA175.63,2000,NA,4.7575,NA,0.1275,0.017499999999999998,5.166666666666667,41
4AROA175.63,2001,2,5.298,NA,0.14833333333333334,0.020833333333333336,3.5833333333333335,41
4AROA175.63,2002,1.74,3.6260000000000003,NA,0.142,0.019,4.2,41
4AROA175.63,2003,1.6666666666666665,8.57,0.6083333333333334,NA,0.02375,NA,41
4AROA175.63,2004,1.75,5.046666666666667,0.7775,NA,0.025,NA,41
4AROA175.63,2005,1.5333333333333334,7.182,0.7175,NA,0.0185,NA,41
4AROA175.63,2006,1.7666666666666666,5.223333333333334,0.8008333333333333,NA,0.0225,NA,41
4AROA175.63,2007,1.625,4.674,0.65,NA,0.021,NA,41
4AROA175.63,2008,1.95,7.03,0.7141666666666666,NA,0.028333333333333332,NA,41
4AROA175.63,2009,1.6833333333333333,12.485,0.8033333333333333,NA,0.03166666666666667,NA,41
4AROA175.63,2010,1.7571428571428571,7.701428571428572,0.795,NA,0.049999999999999996,NA,41
4AROA175.63,2011,1.7,5.963333333333333,0.7791666666666667,NA,0.0375,NA,41
4AROA175.63,2012,1.6,6.998333333333333,0.7025,NA,0.03666666666666667,NA,41
4AROA175.63,2013,1.65,9.555,0.8175,NA,0.04583333333333334,NA,41
4AROA175.63,2014,1.4833333333333334,9.453333333333333,0.7908333333333333,NA,0.025,NA,41
4AROA175.63,2015,1.96,6.1000000000000005,0.82,NA,0.039,NA,41
4AROA175.63,2016,1.44,6.432,0.726,NA,0.033,NA,41
4AROA175.63,2017,1.75,7.045,0.4866666666666667,NA,0.015,NA,41
4AROA175.63,2018,1.4333333333333333,8.235,0.5316666666666666,NA,0.023333333333333334,NA,41
4AROA175.63,2019,1.7833333333333334,5.755,0.4766666666666667,NA,0.016666666666666666,NA,41
4AROA175.63,2020,1.52,10.488,0.452,NA,0.018000000000000002,NA,41
4AROA175.63,2021,1.6600000000000001,9.388,0.5690000000000001,0.221,0.012,4,41
4AROA175.63,2022,1.8166666666666667,10.141666666666667,0.6283333333333333,0.23666666666666666,0.013333333333333334,3.6666666666666665,41
4AROA175.63,2023,1.3800000000000001,15.046666666666667,0.5033333333333333,NA,0.02,NA,41
4AROA175.63,2024,1.825,6.27,0.5025,NA,0.006666666666666667,NA,41
4AROA180.21,1986,NA,NA,NA,0.5344444444444444,0.018888888888888886,5.111111111111111,34
4AROA180.21,1987,NA,NA,NA,0.5766666666666667,0.07,7.666666666666666,34
4AROA180.21,1988,NA,NA,NA,0.5333333333333333,0.0425,5.333333333333333,34
4AROA180.21,1989,NA,NA,NA,0.5566666666666666,0.034444444444444444,8.666666666666666,34
4AROA180.21,1990,NA,NA,NA,NA,NA,4.888888888888888,34
4AROA180.21,1996,NA,NA,NA,0.5222222222222223,0.043333333333333335,8.777777777777779,34
4AROA180.21,1997,1.2666666666666666,NA,NA,0.51,0.042222222222222223,5.333333333333333,34
4AROA180.21,1998,1.6333333333333333,NA,NA,0.5211111111111111,0.03222222222222222,8.11111111111111,34
4AROA180.21,1999,1.54,12.453999999999999,NA,0.26166666666666666,0.023888888888888887,5.277777777777778,34
4AROA180.21,2000,NA,7.8075,NA,0.165,0.014999999999999998,3.833333333333333,34
4AROA180.21,2001,1.625,8.394,NA,0.15666666666666668,0.03666666666666667,6.416666666666667,34
4AROA180.21,2002,1.22,8.406,NA,0.154,0.026000000000000002,6.2,34
4AROA180.21,2003,1.4666666666666666,7.27,0.6316666666666667,NA,0.026250000000000002,NA,34
4AROA180.21,2004,1.5666666666666667,6.55,0.8766666666666667,NA,0.03833333333333333,NA,34
4AROA180.21,2005,1.5333333333333334,10.924,0.7416666666666667,NA,0.0275,NA,34
4AROA180.21,2006,1.6666666666666667,7.673333333333334,0.8908333333333334,NA,0.029166666666666667,NA,34
4AROA180.21,2007,1.5750000000000002,9.136,0.737,NA,0.038,NA,34
4AROA180.21,2008,1.6,12.622,0.8075,NA,0.03333333333333333,NA,34
4AROA180.21,2009,1.5833333333333333,14.24,0.8958333333333334,NA,0.03833333333333333,NA,34
4AROA180.21,2010,1.5666666666666667,11,0.8866666666666667,NA,0.03916666666666667,NA,34
4AROA180.21,2011,1.4833333333333334,7.463333333333333,0.8083333333333333,NA,0.04416666666666667,NA,34
4AROA180.21,2012,1.4833333333333334,9.95,0.8041666666666667,NA,0.041666666666666664,NA,34
4AROA180.21,2013,1.3333333333333333,12.683333333333334,0.8366666666666667,NA,0.05583333333333333,NA,34
4AROA180.21,2014,1.3833333333333333,10.053333333333333,0.9183333333333333,NA,0.0375,NA,34
4AROA180.21,2015,1.48,6.2860000000000005,0.859,NA,0.029,NA,34
4AROA180.21,2016,1.36,7.802,0.8180000000000001,NA,0.056999999999999995,NA,34
4AROA180.21,2017,1.5166666666666666,9.013333333333334,0.5533333333333333,NA,0.02,NA,34
4AROA180.21,2018,1.2833333333333332,9.95,0.615,NA,0.02666666666666667,NA,34
4AROA180.21,2019,1.6,8.125,0.5183333333333333,NA,0.023333333333333334,NA,34
4AROA180.21,2020,1.64,14.016,0.47000000000000003,NA,0.016,NA,34
4AROA180.21,2021,1.52,12.43,0.656,NA,0.018000000000000002,NA,34
4AROA180.21,2022,1.5833333333333333,11.871666666666666,0.7883333333333333,NA,0.02,NA,34
4AROA180.21,2023,1.2,18.475,0.6416666666666666,NA,0.023333333333333334,NA,34
4AROA180.21,2024,1.525,10.67,0.645,NA,0.01,NA,34
4AROA183.64,1983,NA,NA,NA,0.5654166666666667,0.03166666666666666,28.541666666666668,37
4AROA183.64,1984,NA,NA,NA,0.6966666666666667,0.016666666666666663,7.5,37
4AROA183.64,1985,NA,NA,NA,0.6233333333333333,0.019999999999999997,5,37
4AROA183.64,1986,NA,NA,NA,0.6344444444444445,0.024444444444444442,5.555555555555555,37
4AROA183.64,1987,NA,NA,NA,0.6111111111111112,0.08,6.666666666666666,37
4AROA183.64,1988,NA,NA,NA,0.6575,0.042499999999999996,7.833333333333333,37
4AROA183.64,1989,NA,NA,NA,0.6566666666666667,0.03972222222222222,9.11111111111111,37
4AROA183.64,1990,NA,10.876666666666667,NA,NA,NA,4.444444444444445,37
4AROA183.64,1996,NA,NA,NA,0.46222222222222226,0.051111111111111114,15.88888888888889,37
4AROA183.64,1997,1.4333333333333333,NA,NA,0.42,0.02555555555555555,4.444444444444445,37
4AROA183.64,1998,1.5,NA,NA,0.4533333333333333,0.029999999999999995,6.444444444444445,37
4AROA183.64,1999,1.3166666666666667,13.768,NA,0.455,0.02944444444444444,5.466666666666667,37
4AROA183.64,2000,NA,12.635,NA,0.2125,0.03166666666666666,7.666666666666667,37
4AROA183.64,2001,1.475,11.72,NA,0.36333333333333334,0.03333333333333333,11.833333333333334,37
4AROA183.64,2002,1.24,10.864,NA,0.31,0.029,9.2,37
4AROA183.64,2003,1.1666666666666667,13.7325,0.6816666666666666,NA,0.0275,NA,37
4AROA183.64,2004,1.4333333333333333,8.761666666666667,0.9841666666666666,NA,0.042499999999999996,NA,37
4AROA183.64,2005,1.3166666666666667,12.08,0.9783333333333334,NA,0.05083333333333333,NA,37
4AROA183.64,2006,1.5833333333333333,9.566666666666666,1.0091666666666668,NA,0.028333333333333335,NA,37
4AROA183.64,2007,1.3666666666666667,13.606,0.822,NA,0.042,NA,37
4AROA183.64,2008,1.6666666666666667,12.563333333333333,0.98,NA,0.02666666666666667,NA,37
4AROA183.64,2009,1.35,13.73,0.9708333333333333,NA,0.04,NA,37
4AROA183.64,2010,1.4833333333333334,14.736666666666666,0.9391666666666667,NA,0.04083333333333333,NA,37
4AROA183.64,2011,1.25,9.153333333333332,0.85,NA,0.03166666666666667,NA,37
4AROA183.64,2012,1.4,11.776666666666667,0.9133333333333334,NA,0.0475,NA,37
4AROA183.64,2013,1.25,15.158333333333333,0.805,NA,0.034166666666666665,NA,37
4AROA183.64,2014,1.24,10.316666666666666,1.0075,NA,0.03166666666666666,NA,37
4AROA183.64,2015,1.46,7.734,0.909,NA,0.026,NA,37
4AROA183.64,2016,1.04,9.482,0.872,NA,0.058,NA,37
4AROA183.64,2017,1.3,7.581666666666667,0.675,NA,0.028333333333333332,NA,37
4AROA183.64,2018,1.15,9.386666666666667,0.73,NA,0.03166666666666667,NA,37
4AROA183.64,2019,1.2833333333333332,12.091666666666667,0.5966666666666667,NA,0.025,NA,37
4AROA183.64,2020,1.44,11.618,0.542,NA,0.024,NA,37
4AROA183.64,2021,1.36,18.76,0.796,NA,0.022,NA,37
4AROA183.64,2022,1.4666666666666668,12.393333333333333,0.8916666666666666,NA,0.023333333333333334,NA,37
4AROA183.64,2023,1.18,24.51,0.75,NA,0.023333333333333334,NA,37
4AROA183.64,2024,1.3,13.11,0.865,NA,0.016666666666666666,NA,37
4AROA192.94,1983,NA,NA,NA,34.05833333333334,0.04555555555555556,12,35
4AROA192.94,1984,NA,NA,NA,0.9945833333333334,0.04541666666666667,11.5,35
4AROA192.94,1985,NA,NA,NA,1.3133333333333335,0.051111111111111114,10.444444444444445,35
4AROA192.94,1988,NA,NA,NA,1.37875,0.06375,9,35
4AROA192.94,1989,NA,NA,NA,0.9349999999999999,0.09666666666666666,39.666666666666664,35
4AROA192.94,1990,NA,7.543333333333334,NA,NA,NA,9.333333333333334,35
4AROA192.94,1996,NA,NA,NA,0.9133333333333333,0.06,9.333333333333334,35
4AROA192.94,1997,0.7333333333333333,NA,NA,1.55,0.05333333333333334,8.333333333333334,35
4AROA192.94,1998,0.7666666666666666,NA,NA,1.1966666666666668,0.07,10.666666666666666,35
4AROA192.94,1999,0.7333333333333333,24.506,NA,1.5816666666666668,0.04,8,35
4AROA192.94,2000,NA,25.95,NA,1.0750000000000002,0.0675,12.25,35
4AROA192.94,2001,0.825,13.408000000000001,NA,1.635,0.04666666666666667,8.833333333333334,35
4AROA192.94,2002,0.58,17.274,NA,2.114,0.044,11,35
4AROA192.94,2003,0.5666666666666667,0.9575,1.3,NA,0.0475,NA,35
4AROA192.94,2004,0.7,15.83,1.6083333333333334,NA,0.051666666666666666,NA,35
4AROA192.94,2005,0.6166666666666667,7.265,1.8066666666666666,NA,0.06,NA,35
4AROA192.94,2006,0.88,9.731666666666666,2.235,NA,0.04,NA,35
4AROA192.94,2007,0.7,9.994,2.004,NA,0.046,NA,35
4AROA192.94,2008,0.95,10.991666666666667,2.8383333333333334,NA,0.04,NA,35
4AROA192.94,2009,0.8666666666666667,16.793333333333333,1.845,NA,0.055,NA,35
4AROA192.94,2010,0.8571428571428572,7.094285714285714,2.197142857142857,NA,0.04285714285714286,NA,35
4AROA192.94,2011,0.8166666666666667,8.493333333333334,2.06,NA,0.043333333333333335,NA,35
4AROA192.94,2012,0.9166666666666666,7.693333333333333,2.513333333333333,NA,0.043333333333333335,NA,35
4AROA192.94,2013,0.7333333333333334,2.8733333333333335,1.9966666666666666,NA,0.04666666666666667,NA,35
4AROA192.94,2014,0.6833333333333333,6.85,1.7066666666666666,NA,0.051666666666666666,NA,35
4AROA192.94,2015,0.92,5.598,1.946,NA,0.044,NA,35
4AROA192.94,2016,0.74,3.9240000000000004,1.752,NA,0.042,NA,35
4AROA192.94,2017,0.7666666666666667,3.35,1.5616666666666668,NA,0.045,NA,35
4AROA192.94,2018,0.6333333333333333,4.6066666666666665,1.595,NA,0.06833333333333333,NA,35
4AROA192.94,2019,0.8166666666666667,4.788333333333333,1.82,NA,0.04166666666666667,NA,35
4AROA192.94,2020,0.88,3.78,1.504,NA,0.034,NA,35
4AROA192.94,2021,0.9,11.698,1.6400000000000001,NA,0.036,NA,35
4AROA192.94,2022,0.8833333333333333,5.415,1.8866666666666667,NA,0.04,NA,35
4AROA192.94,2023,0.875,2.5533333333333332,1.8733333333333333,NA,0.035,NA,35
4AROA192.94,2024,1.05,9.77,1.79,NA,0.023333333333333334,NA,35
4AROA196.05,1972,NA,NA,NA,0.9192857142857143,NA,NA,37
4AROA196.05,1973,NA,NA,NA,0.3566666666666667,NA,NA,37
4AROA196.05,1974,NA,NA,NA,1.915,NA,NA,37
4AROA196.05,1975,NA,NA,NA,1.8166666666666667,NA,NA,37
4AROA196.05,1983,NA,NA,NA,1.95,0.045,9.333333333333334,37
4AROA196.05,1984,NA,NA,NA,1.67375,0.0725,20,37
4AROA196.05,1985,NA,NA,NA,1.9949999999999999,0.03666666666666667,9.333333333333334,37
4AROA196.05,1986,NA,NA,NA,1.5933333333333333,0.09333333333333334,16.833333333333332,37
4AROA196.05,1987,NA,NA,NA,1.59,0.10333333333333335,6,37
4AROA196.05,1988,NA,NA,NA,1.75,0.08625000000000001,25.375,37
4AROA196.05,1989,NA,NA,NA,1.5250000000000001,0.14833333333333332,60.333333333333336,37
4AROA196.05,1990,NA,0.8,NA,NA,NA,7,37
4AROA196.05,1996,NA,NA,NA,1.0666666666666667,0.07666666666666667,18.333333333333332,37
4AROA196.05,1997,0.6666666666666666,NA,NA,1.9066666666666667,0.05333333333333334,9.333333333333334,37
4AROA196.05,1998,0.7333333333333334,NA,NA,1.6400000000000001,0.04,10.666666666666666,37
4AROA196.05,1999,0.8,3.278,NA,1.8783333333333334,0.06,7.8,37
4AROA196.05,2000,NA,2.5875,NA,1.58,0.0925,31.25,37
4AROA196.05,2001,0.8,1.322,NA,2.37,0.05333333333333334,7,37
4AROA196.05,2002,0.5666666666666667,1.198,NA,2.704,0.06,10.2,37
4AROA196.05,2003,0.43333333333333335,0.6625,1.3266666666666667,NA,0.055,NA,37
4AROA196.05,2004,0.9333333333333333,0.648,1.7983333333333333,NA,0.043333333333333335,NA,37
4AROA196.05,2005,0.7833333333333333,0.8916666666666666,2.015,NA,0.04,NA,37
4AROA196.05,2006,1.0166666666666666,0.8400000000000001,2.4733333333333336,NA,0.04,NA,37
4AROA196.05,2007,1,2.415,2.86,NA,0.04,NA,37
4AROA196.05,2008,0.95,1.97,3.7383333333333333,NA,0.045,NA,37
4AROA196.05,2009,0.9600000000000001,0.735,2.27,NA,0.04833333333333333,NA,37
4AROA196.05,2010,1.0857142857142856,1.5657142857142856,2.4771428571428573,NA,0.045714285714285714,NA,37
4AROA196.05,2011,1,0.9199999999999999,2.375,NA,0.03666666666666667,NA,37
4AROA196.05,2012,1.0666666666666667,2.7083333333333335,2.8,NA,0.04666666666666667,NA,37
4AROA196.05,2013,1.22,0.8533333333333334,2.1033333333333335,NA,0.043333333333333335,NA,37
4AROA196.05,2014,0.9,0.77,1.805,NA,0.043333333333333335,NA,37
4AROA196.05,2015,1.58,0.754,2.046,NA,0.036,NA,37
4AROA196.05,2016,1.02,0.492,1.858,NA,0.036,NA,37
4AROA196.05,2017,1.2833333333333332,0.4766666666666667,1.8283333333333334,NA,0.03,NA,37
4AROA196.05,2018,0.7000000000000001,2.256666666666667,1.895,NA,0.065,NA,37
4AROA196.05,2019,0.9666666666666667,0.905,1.938,NA,0.045,NA,37
4AROA196.05,2020,1.46,0.754,1.6219999999999999,NA,0.034,NA,37
4ASRE046.90,1972,NA,NA,NA,0.025,NA,NA,24
4ASRE046.90,1973,NA,NA,NA,0.11,NA,NA,24
4ASRE046.90,1974,NA,NA,NA,0.11,NA,NA,24
4ASRE046.90,1975,NA,NA,NA,0.15000000000000002,NA,2,24
4ASRE046.90,1976,NA,NA,NA,0.15000000000000002,NA,NA,24
4ASRE046.90,1983,NA,NA,NA,0.2666666666666667,0.015555555555555553,5.666666666666667,24
4ASRE046.90,1984,NA,NA,NA,0.26666666666666666,0.03083333333333333,4.916666666666667,24
4ASRE046.90,1997,NA,NA,NA,0.15555555555555556,0.015555555555555553,3.111111111111111,24
4ASRE046.90,1998,NA,NA,NA,0.1388888888888889,0.01444444444444444,3,24
4ASRE046.90,1999,2.95,2.012,NA,0.08,0.010555555555555556,3.111111111111111,24
4ASRE046.90,2000,NA,3.3733333333333335,NA,0.10333333333333333,0.03333333333333333,3,24
4ASRE046.90,2001,3.55,1.5866666666666667,NA,0.11833333333333335,0.01,3.25,24
4ASRE046.90,2002,3.15,0.85,NA,0.052500000000000005,0.01125,1.75,24
4ASRE046.90,2005,3.3333333333333335,1.705,0.39666666666666667,NA,0.012,NA,24
4ASRE046.90,2008,3.4,1.486,0.227,NA,0.015,NA,24
4ASRE046.90,2010,3.4833333333333334,1.525,0.24916666666666668,NA,0.0225,NA,24
4ASRE046.90,2011,4.15,1.68,0.2525,NA,0.013333333333333334,NA,24
4ASRE046.90,2012,3.6166666666666667,1.6283333333333334,0.24,NA,0.01833333333333333,NA,24
4ASRE046.90,2015,3.2333333333333334,1.7416666666666667,0.22416666666666668,NA,0.0125,NA,24
4ASRE046.90,2016,4.083333333333333,2.0233333333333334,0.2275,NA,0.035833333333333335,NA,24
4ASRE046.90,2019,3.8200000000000003,1.502,0.156,NA,0.01,NA,24
4ASRE046.90,2020,3.1799999999999997,2.62,0.164,NA,0.008,NA,24
4ASRE046.90,2023,3.65,2.755,0.17333333333333334,NA,0.008333333333333333,NA,24
4ASRE046.90,2024,4.366666666666667,1.7133333333333334,NA,NA,0.0033333333333333335,NA,24
4AWTH000.40,1988,NA,NA,NA,0.2975,0.03666666666666667,3.1666666666666665,32
4AWTH000.40,1989,NA,NA,NA,0.2877777777777778,0.07111111111111111,6,32
4AWTH000.40,1990,NA,2.8666666666666667,NA,NA,NA,2.8333333333333335,32
4AWTH000.40,1996,NA,NA,NA,0.29666666666666663,0.015555555555555553,3.555555555555556,32
4AWTH000.40,1997,3.066666666666667,NA,NA,0.31,0.013333333333333334,3.111111111111111,32
4AWTH000.40,1998,3.033333333333333,NA,NA,0.24333333333333332,0.02222222222222222,3.2222222222222223,32
4AWTH000.40,1999,2.8666666666666667,2.6483333333333334,NA,0.14833333333333334,0.011666666666666667,3.388888888888889,32
4AWTH000.40,2000,NA,1.84,NA,0.12,0.01,2.7777777777777777,32
4AWTH000.40,2001,3.375,1.6033333333333333,NA,0.145,0.008333333333333333,2.25,32
4AWTH000.40,2002,3.12,0.845,NA,0.1,0.008,4.2,32
4AWTH000.40,2003,2.8333333333333335,2.515,0.5,NA,0.01,NA,32
4AWTH000.40,2004,2.5833333333333335,1.7766666666666666,0.5283333333333333,NA,0.014166666666666666,NA,32
4AWTH000.40,2005,2.533333333333333,1.7933333333333334,0.5616666666666666,NA,0.0125,NA,32
4AWTH000.40,2006,2.8,1.4133333333333333,0.4916666666666667,NA,0.011666666666666667,NA,32
4AWTH000.40,2007,2.94,1.3860000000000001,0.482,NA,0.011,NA,32
4AWTH000.40,2008,3.1,1.2833333333333332,0.44916666666666666,NA,0.0175,NA,32
4AWTH000.40,2009,3.05,2.21,0.4625,NA,0.016666666666666666,NA,32
4AWTH000.40,2010,2.9,2.888,0.579,NA,0.024,NA,32
4AWTH000.40,2011,2.9,1.6233333333333335,0.5116666666666667,NA,0.019999999999999997,NA,32
4AWTH000.40,2012,3.48,1.2416666666666667,0.4875,NA,0.0125,NA,32
4AWTH000.40,2013,3.183333333333333,3.0433333333333334,0.5541666666666666,NA,0.016666666666666666,NA,32
4AWTH000.40,2014,3.1166666666666667,5.408333333333333,0.5291666666666667,NA,0.014166666666666666,NA,32
4AWTH000.40,2015,4.66,1.264,0.47600000000000003,NA,0.011,NA,32
4AWTH000.40,2016,3.18,2.05,0.52,NA,0.016666666666666663,NA,32
4AWTH000.40,2017,2.85,2.172,0.37,NA,0.01,NA,32
4AWTH000.40,2018,2.8833333333333333,2.058333333333333,0.305,NA,0.01,NA,32
4AWTH000.40,2019,2.62,3.06,0.36,NA,0.01,NA,32
4AWTH000.40,2020,2.025,3.9876,0.3525,NA,0.01,NA,32
4AWTH000.40,2021,3.316666666666667,2.3266666666666667,0.355,NA,0.015,NA,32
4AWTH000.40,2022,3.5166666666666666,1.8816666666666666,0.29833333333333334,NA,0.005,NA,32
4AWTH000.40,2023,3.2,2.626666666666667,0.34500000000000003,NA,0.005,NA,32
4AWTH000.40,2024,3.6,1.4233333333333333,0.2966666666666667,NA,0.0033333333333333335,NA,32
8-NAR047.69,2003,NA,2.4766666666666666,NA,NA,0.01,NA,20
8-NAR047.69,2006,1.8666666666666667,4.253333333333334,0.36333333333333334,NA,0.013333333333333334,NA,20
8-NAR047.69,2007,1.46,8.09,0.374,NA,0.014,NA,20
8-NAR047.69,2008,1.38,7.848,0.356,NA,0.024,NA,20
8-NAR047.69,2009,1.5,7.05,0.39,NA,0.02,NA,20
8-NAR047.69,2010,1.3166666666666667,8.203999999999999,0.36833333333333335,NA,0.018333333333333333,NA,20
8-NAR047.69,2011,1.65,12.746,0.4033333333333333,NA,0.013333333333333334,NA,20
8-NAR047.69,2012,1.54,9.309,0.38,NA,0.014,NA,20
8-NAR047.69,2013,2.3,7.4079999999999995,0.42,NA,0.012,NA,20
8-NAR047.69,2014,1.7333333333333334,7.562777777777778,0.47000000000000003,NA,0.016666666666666666,NA,20
8-NAR047.69,2015,2.36,6.73,0.388,NA,0.016,NA,20
8-NAR047.69,2016,2.3833333333333333,7.224166666666666,0.40166666666666667,NA,0.01,NA,20
8-NAR047.69,2017,1.9000000000000001,7.5825,0.37833333333333335,NA,0.013333333333333334,NA,20
8-NAR047.69,2018,1.75,6.71,0.4575,NA,0.019166666666666665,NA,20
8-NAR047.69,2019,1.8375,12.9125,0.38375,NA,0.01875,NA,20
8-NAR047.69,2020,1.8833333333333333,12.139999999999999,0.3333333333333333,0.0157,0.018333333333333333,NA,20
8-NAR047.69,2021,1.7,11.553333333333335,0.37583333333333335,NA,0.015833333333333335,NA,20
8-NAR047.69,2022,2.1166666666666667,8.305,0.3516666666666667,NA,0.01,NA,20
8-NAR047.69,2023,1.7666666666666666,10.411666666666667,0.36916666666666664,0.024999999999999998,0.016666666666666666,2.6666666666666665,20
8-NAR047.69,2024,2.05,6.695,0.3725,0.042166666666666665,0.015,1,20
8-NAR054.17,2003,0.7333333333333334,11.283333333333333,NA,NA,0.03666666666666667,NA,17
8-NAR054.17,2006,1.0666666666666667,12.32,0.47,NA,0.026666666666666665,NA,17
8-NAR054.17,2008,0.74,18.738,0.594,NA,0.04,NA,17
8-NAR054.17,2009,0.8833333333333333,19.92,0.5933333333333334,NA,0.03833333333333333,NA,17
8-NAR054.17,2010,0.8166666666666667,19.572,0.5816666666666667,NA,0.03166666666666666,NA,17
8-NAR054.17,2011,0.86,26.32,0.596,NA,0.032,NA,17
8-NAR054.17,2013,1.0333333333333334,17.816666666666666,0.535,NA,0.03166666666666667,NA,17
8-NAR054.17,2015,1.06,21.12,0.5700000000000001,NA,0.03,NA,17
8-NAR054.17,2016,0.9666666666666667,22.166666666666668,0.5566666666666666,NA,0.03,NA,17
8-NAR054.17,2017,0.8500000000000001,18.933333333333334,0.53,NA,0.028333333333333332,NA,17
8-NAR054.17,2018,0.875,23.28,0.5760000000000001,NA,0.038,NA,17
8-NAR054.17,2019,0.9375,21.0625,0.535,NA,0.03375,NA,17
8-NAR054.17,2020,1.1333333333333333,19.96,0.5608333333333333,0.018600000000000002,0.0425,NA,17
8-NAR054.17,2021,0.8333333333333334,28.433333333333334,0.73,NA,0.0575,NA,17
8-NAR054.17,2022,1,20.40833333333333,0.635,NA,0.04666666666666667,NA,17
8-NAR054.17,2023,0.825,21.953125,0.6629166666666667,0.008071428571428571,0.0575,5.714285714285714,17
8-NAR054.17,2024,1.05,20.8275,0.59,0.008125,0.042499999999999996,3.75,17
9-NEW087.14,1973,NA,NA,NA,0.2733333333333333,NA,9.166666666666666,40
9-NEW087.14,1974,NA,NA,NA,0.36000000000000004,NA,6.666666666666667,40
9-NEW087.14,1975,NA,NA,NA,0.29000000000000004,NA,4,40
9-NEW087.14,1976,NA,NA,NA,NA,NA,1.75,40
9-NEW087.14,1983,NA,NA,NA,0.5233333333333333,0.02111111111111111,8.444444444444445,40
9-NEW087.14,1984,NA,NA,NA,0.65,0.02111111111111111,5,40
9-NEW087.14,1986,NA,NA,NA,0.5838888888888889,0.065,5,40
9-NEW087.14,1987,NA,NA,NA,0.5811111111111111,0.07333333333333333,8.11111111111111,40
9-NEW087.14,1988,NA,NA,NA,0.405,0.034999999999999996,3.833333333333333,40
9-NEW087.14,1989,NA,NA,NA,0.5383333333333333,0.018888888888888886,4,40
9-NEW087.14,1990,NA,4.27,NA,0.795,0.16666666666666666,6.444444444444445,40
9-NEW087.14,1996,NA,NA,NA,0.5288888888888889,0.017777777777777778,3.2222222222222223,40
9-NEW087.14,1997,NA,NA,NA,0.46555555555555556,0.028888888888888888,7,40
9-NEW087.14,1998,NA,NA,NA,0.6266666666666667,0.02222222222222222,4.777777777777778,40
9-NEW087.14,1999,2.3200000000000003,7.236,NA,0.18833333333333332,0.012777777777777775,4.066666666666666,40
9-NEW087.14,2000,NA,10.02,NA,0.1962,0.015733333333333332,3.1333333333333333,40
9-NEW087.14,2001,2.3,7.471666666666667,NA,0.28833333333333333,0.025833333333333333,4.833333333333333,40
9-NEW087.14,2002,2.4,3.144,NA,0.138,0.017,2.5,40
9-NEW087.14,2003,2.1333333333333333,10.885,0.8366666666666667,NA,0.0125,NA,40
9-NEW087.14,2004,1.8,7.045,0.8491666666666666,NA,0.02666666666666667,NA,40
9-NEW087.14,2005,2.06,4.3,0.7925,NA,0.0175,NA,40
9-NEW087.14,2006,1.7666666666666666,8.061666666666667,0.7358333333333333,NA,0.015,NA,40
9-NEW087.14,2007,1.98,3.388,0.771,NA,0.019,NA,40
9-NEW087.14,2008,2.1333333333333333,6.493333333333333,0.6608333333333334,NA,0.019166666666666665,NA,40
9-NEW087.14,2009,2.2,6.138333333333333,0.815,NA,0.0425,NA,40
9-NEW087.14,2010,2.44,6.628,0.836,NA,0.028999999999999998,NA,40
9-NEW087.14,2011,2.183333333333333,5.53,0.9466666666666667,NA,0.02666666666666667,NA,40
9-NEW087.14,2012,2.4,3.704,0.709,NA,0.017,NA,40
9-NEW087.14,2013,2.05,10.943333333333333,0.7941666666666667,NA,0.020833333333333336,NA,40
9-NEW087.14,2014,2.466666666666667,4.678333333333334,0.7683333333333333,NA,0.018333333333333333,NA,40
9-NEW087.14,2015,1.68,7.976,0.789,NA,0.02,NA,40
9-NEW087.14,2016,2.35,5.236666666666666,0.77,NA,0.025,NA,40
9-NEW087.14,2017,2.216666666666667,7.745,0.485,NA,0.018333333333333333,NA,40
9-NEW087.14,2018,1.2666666666666666,9.9783333333333335,0.6666666666666667,NA,0.026666666666666665,NA,40
9-NEW087.14,2019,2.25,9.575000000000001,0.5283333333333333,NA,0.015,NA,40
9-NEW087.14,2020,2.25,4.795,0.6125,NA,0.0125,NA,40
9-NEW087.14,2021,2.316666666666667,6.963333333333333,0.5716666666666667,NA,0.01,NA,40
9-NEW087.14,2022,2.6833333333333336,6.511666666666667,0.465,NA,0.011666666666666667,NA,40
9-NEW087.14,2023,2.033333333333333,9.113333333333333,0.5016666666666667,0.23,0.013333333333333334,2.3333333333333335,40
9-NEW087.14,2024,1.875,7.904166666666667,0.4658333333333333,NA,0.009166666666666665,NA,40
9-NEW089.34,1973,NA,NA,NA,0.2916666666666667,NA,NA,39
9-NEW089.34,1974,NA,NA,NA,0.37333333333333335,NA,NA,39
9-NEW089.34,1975,NA,NA,NA,0.3025,NA,NA,39
9-NEW089.34,1976,NA,NA,NA,NA,NA,NA,39
9-NEW089.34,1983,NA,NA,NA,0.5499999999999999,0.016666666666666666,15.111111111111112,39
9-NEW089.34,1984,NA,NA,NA,0.6277777777777778,0.015555555555555553,5.777777777777778,39
9-NEW089.34,1987,NA,NA,NA,0.4077777777777778,0.07111111111111111,5,39
9-NEW089.34,1988,NA,NA,NA,0.40750000000000003,0.029166666666666667,3.916666666666667,39
9-NEW089.34,1989,NA,NA,NA,NA,NA,5.777777777777778,39
9-NEW089.34,1990,NA,3.4,NA,0.5483333333333333,0.08916666666666667,6.777777777777778,39
9-NEW089.34,1996,NA,NA,NA,0.49222222222222223,0.019999999999999993,3.7777777777777777,39
9-NEW089.34,1997,NA,NA,NA,0.4444444444444445,0.03,5.444444444444445,39
9-NEW089.34,1998,NA,NA,NA,0.47888888888888886,0.021111111111111112,4.444444444444445,39
9-NEW089.34,1999,2.2666666666666666,7.518000000000001,NA,0.18666666666666668,0.014444444444444442,4.2,39
9-NEW089.34,2000,NA,7.926,NA,1.0453999999999999,0.01693333333333333,4.066666666666666,39
9-NEW089.34,2001,2.1750000000000003,6.108333333333333,NA,0.25166666666666665,0.025,5.75,39
9-NEW089.34,2002,1.9,5.136,NA,0.134,0.023,3.1,39
9-NEW089.34,2003,1.75,12.6425,0.7433333333333333,NA,0.01875,NA,39
9-NEW089.34,2004,1.8333333333333333,8.05,0.7866666666666666,NA,0.0225,NA,39
9-NEW089.34,2005,2.04,5.715,0.84,NA,0.025833333333333333,NA,39
9-NEW089.34,2006,1.85,7.3566666666666665,0.6766666666666667,NA,0.015833333333333335,NA,39
9-NEW089.34,2007,2.12,4.564,0.741,NA,0.025,NA,39
9-NEW089.34,2008,2.2,7.33,0.6283333333333333,NA,0.030833333333333334,NA,39
9-NEW089.34,2009,2.2666666666666666,6.306666666666667,0.7683333333333333,NA,0.034166666666666665,NA,39
9-NEW089.34,2010,2.4,5.617999999999999,0.746,NA,0.022,NA,39
9-NEW089.34,2011,2.316666666666667,4.203333333333333,0.7091666666666667,NA,0.035,NA,39
9-NEW089.34,2012,2.3,3.398,0.785,NA,0.044,NA,39
9-NEW089.34,2013,1.8166666666666667,11.236666666666666,0.7966666666666666,NA,0.035,NA,39
9-NEW089.34,2014,2.216666666666667,4.465,0.6575,NA,0.0175,NA,39
9-NEW089.34,2015,1.8800000000000001,8.178,0.775,NA,0.023,NA,39
9-NEW089.34,2016,2.2333333333333334,5.226666666666667,0.695,NA,0.030833333333333334,NA,39
9-NEW089.34,2017,2.1333333333333333,4.82,0.485,NA,0.015,NA,39
9-NEW089.34,2018,1.2833333333333332,9.5,0.6683333333333333,NA,0.035,NA,39
9-NEW089.34,2019,2.0166666666666666,7.34,0.535,NA,0.016666666666666666,NA,39
9-NEW089.34,2020,1.975,8.6475,0.6225,NA,0.015,NA,39
9-NEW089.34,2021,2.3600000000000003,6.08,0.565,NA,0.01,NA,39
9-NEW089.34,2022,2.3833333333333333,6.58,0.49,NA,0.013333333333333334,NA,39
9-NEW089.34,2023,2.2666666666666666,8.723333333333333,0.5083333333333333,NA,0.011666666666666667,NA,39
9-NEW089.34,2024,1.8,8.655000000000001,0.4875,NA,0.015,NA,39
9-NEW092.66,1973,NA,NA,NA,0.37,NA,NA,39
9-NEW092.66,1974,NA,NA,NA,0.405,NA,NA,39
9-NEW092.66,1975,NA,NA,NA,0.3225,NA,2.6666666666666665,39
9-NEW092.66,1976,NA,NA,NA,NA,NA,2.25,39
9-NEW092.66,1983,1.6666666666666667,NA,NA,0.736111111111111,0.03777777777777778,15.444444444444443,39
9-NEW092.66,1984,NA,NA,NA,0.7544444444444445,0.026666666666666665,11.555555555555555,39
9-NEW092.66,1987,NA,NA,NA,0.6644444444444444,0.07222222222222223,5.777777777777778,39
9-NEW092.66,1988,NA,NA,NA,0.45,0.05416666666666667,5.583333333333333,39
9-NEW092.66,1989,NA,NA,NA,NA,NA,4.888888888888888,39
9-NEW092.66,1990,NA,3.4033333333333333,NA,0.7316666666666667,0.07111111111111111,8.416666666666666,39
9-NEW092.66,1996,NA,NA,NA,0.5433333333333333,0.02111111111111111,4.666666666666667,39
9-NEW092.66,1997,NA,NA,NA,0.5455555555555556,0.034444444444444444,8,39
9-NEW092.66,1998,2.4333333333333336,NA,NA,0.508888888888889,0.02222222222222222,5.333333333333333,39
9-NEW092.66,1999,2.55,5.232,NA,0.22,0.01611111111111111,3.933333333333333,39
9-NEW092.66,2000,NA,9.315999999999999,NA,0.2586,0.020399999999999998,4.2,39
9-NEW092.66,2001,2.125,6.606666666666667,NA,0.27,0.023333333333333334,5.083333333333333,39
9-NEW092.66,2002,1.9,4.522,NA,0.14200000000000002,0.018,3.4,39
9-NEW092.66,2003,1.7,12.5725,0.7016666666666667,NA,0.02875,NA,39
9-NEW092.66,2004,1.6166666666666667,10.03,0.8366666666666667,NA,0.03166666666666667,NA,39
9-NEW092.66,2005,1.82,6.755,0.8116666666666666,NA,0.021666666666666667,NA,39
9-NEW092.66,2006,1.7166666666666666,6.495,0.7591666666666667,NA,0.0175,NA,39
9-NEW092.66,2007,1.98,6.208,0.635,NA,0.019,NA,39
9-NEW092.66,2008,1.9166666666666667,8.308333333333334,0.7533333333333333,NA,0.026666666666666665,NA,39
9-NEW092.66,2009,2,10.353333333333333,0.8591666666666666,NA,0.034166666666666665,NA,39
9-NEW092.66,2010,1.8800000000000001,6.724,0.9349999999999999,NA,0.0375,NA,39
9-NEW092.66,2011,2.3,4.390000000000001,0.915,NA,0.0325,NA,39
9-NEW092.66,2012,2.36,5.59,1.021,NA,0.031,NA,39
9-NEW092.66,2013,1.8,9.426666666666666,0.8083333333333333,NA,0.02666666666666667,NA,39
9-NEW092.66,2014,2.0166666666666666,5.486666666666666,0.7566666666666667,NA,0.0175,NA,39
9-NEW092.66,2015,1.98,7.566,0.834,NA,0.022,NA,39
9-NEW092.66,2016,1.94,6.134,0.7969999999999999,NA,0.045000000000000005,NA,39
9-NEW092.66,2017,2,3.685,0.49,NA,0.016666666666666666,NA,39
9-NEW092.66,2018,1.3166666666666667,7.251666666666667,0.6783333333333333,NA,0.03166666666666667,NA,39
9-NEW092.66,2019,2.05,4.576666666666666,0.5383333333333333,NA,0.015,NA,39
9-NEW092.66,2020,2.275,6.342499999999999,0.605,NA,0.015,NA,39
9-NEW092.66,2021,2.166666666666667,5.993333333333333,0.62,NA,0.013333333333333334,NA,39
9-NEW092.66,2022,2.3666666666666667,4.555,0.5266666666666666,NA,0.011666666666666667,NA,39
9-NEW092.66,2023,1.7666666666666666,9.935,0.5183333333333333,NA,0.015,NA,39
9-NEW092.66,2024,1.875,8.3225,0.495,NA,0.01,NA,39
9-NEW098.32,1973,NA,NA,NA,0.3933333333333333,NA,NA,50
9-NEW098.32,1974,NA,NA,NA,0.4483333333333333,NA,NA,50
9-NEW098.32,1975,NA,NA,NA,0.34375,NA,NA,50
9-NEW098.32,1976,NA,NA,NA,NA,NA,NA,50
9-NEW098.32,1979,NA,NA,NA,0.37,0.13333333333333333,5,50
9-NEW098.32,1980,NA,NA,NA,0.42000000000000004,0.1,5.666666666666667,50
9-NEW098.32,1981,NA,NA,NA,0.24666666666666667,0.1,9.833333333333334,50
9-NEW098.32,1982,NA,NA,NA,0.37333333333333335,0.1,5.833333333333333,50
9-NEW098.32,1983,NA,NA,NA,0.34,0.1,10.5,50
9-NEW098.32,1984,NA,NA,NA,0.35333333333333333,0.1,7.5,50
9-NEW098.32,1985,NA,NA,NA,0.2775,0.13333333333333333,5,50
9-NEW098.32,1986,NA,NA,NA,0.28750000000000003,0.1,8,50
9-NEW098.32,1987,NA,NA,NA,0.37,0.1,5.833333333333333,50
9-NEW098.32,1988,NA,NA,NA,0.21666666666666667,0.1,2.8333333333333335,50
9-NEW098.32,1989,NA,NA,NA,0.4966666666666667,0.1,11.8,50
9-NEW098.32,1990,NA,NA,NA,0.33388888888888885,0.1,7.523809523809524,50
9-NEW098.32,1991,NA,NA,NA,0.3472222222222222,0.08722222222222223,5,50
9-NEW098.32,1992,NA,NA,NA,0.41666666666666663,0.1,4.833333333333333,50
9-NEW098.32,1993,NA,NA,NA,0.40499999999999997,0.1,7.166666666666667,50
9-NEW098.32,1994,NA,NA,NA,0.385,0.1,5.833333333333333,50
9-NEW098.32,1995,NA,NA,NA,0.3745833333333333,0.08791666666666667,6.875,50
9-NEW098.32,1996,NA,NA,NA,0.4022222222222222,0.07907407407407407,8.24074074074074,50
9-NEW098.32,1997,NA,NA,NA,0.33944444444444444,0.0788888888888889,5.444444444444445,50
9-NEW098.32,1998,1.7666666666666666,NA,NA,0.38833333333333336,0.07666666666666667,10.375,50
9-NEW098.32,1999,1.6666666666666667,6.308,NA,0.2681818181818182,0.043333333333333335,9.409090909090908,50
9-NEW098.32,2000,NA,10.1,NA,0.34400000000000003,0.027,5.055555555555555,50
9-NEW098.32,2001,1.75,9.040476190476191,NA,0.31583333333333335,0.029166666666666667,6.910256410256411,50
9-NEW098.32,2002,1.44,8.142777777777777,NA,0.17619047619047618,0.025,7.238095238095238,50
9-NEW098.32,2003,1.35,7.5625,0.655,NA,0.024166666666666666,9,50
9-NEW098.32,2004,1.2166666666666668,12.591666666666667,0.7783333333333333,NA,0.051666666666666666,NA,50
9-NEW098.32,2005,1.5,4.796666666666667,0.7041666666666667,NA,0.04416666666666667,NA,50
9-NEW098.32,2006,1.4833333333333334,6.451666666666666,0.6258333333333334,NA,0.03833333333333333,NA,50
9-NEW098.32,2007,1.34,9.022,0.585,NA,0.034791666666666665,4.222222222222222,50
9-NEW098.32,2008,1.5833333333333335,7.511666666666667,0.6411111111111111,NA,0.042777777777777776,5,50
9-NEW098.32,2009,1.7166666666666668,5.588333333333333,0.7672222222222222,NA,0.044444444444444446,5,50
9-NEW098.32,2010,1.24,6.606,0.654375,NA,0.039375,5,50
9-NEW098.32,2011,1.75,4.623333333333333,0.71625,NA,0.049791666666666665,6.333333333333333,50
9-NEW098.32,2012,1.42,5.194,0.675,NA,0.02875,3,50
9-NEW098.32,2013,1.35,8.133333333333333,0.7744444444444445,NA,0.03666666666666667,6.333333333333333,50
9-NEW098.32,2014,1.4666666666666668,8.956,0.6938888888888889,NA,0.03888888888888889,6.333333333333333,50
9-NEW098.32,2015,1.2,6.448,0.625625,NA,0.0275,5.333333333333333,50
9-NEW098.32,2016,1.32,4.59,0.645,NA,0.03875,4.333333333333333,50
9-NEW098.32,2017,1.1,3.2333333333333334,0.7111111111111111,NA,0.051111111111111114,7,50
9-NEW098.32,2018,0.9,7.401666666666666,0.8257142857142857,NA,0.04214285714285714,5.333333333333333,50
9-NEW098.32,2019,1.1333333333333333,6.886666666666667,0.67375,NA,0.031875,8,50
9-NEW098.32,2020,1.275,14.16,0.7528571428571429,NA,0.03857142857142857,9.666666666666666,50
9-NEW098.32,2021,1.3333333333333333,4.921666666666667,0.7,NA,0.022222222222222223,3.6666666666666665,50
9-NEW098.32,2022,1.45,9.948333333333334,0.7044444444444444,NA,0.03222222222222222,5.333333333333333,50
9-NEW098.32,2023,1.1,10.591666666666667,0.7422222222222222,NA,0.034444444444444444,6,50
9-NEW098.32,2024,1.5666666666666667,5.26,0.7033333333333334,NA,0.023333333333333334,NA,50
9-PKC000.00,1983,NA,NA,NA,0.6577777777777778,0.026666666666666665,7.666666666666667,35
9-PKC000.00,1984,NA,NA,NA,0.6355555555555555,0.026666666666666665,9.722222222222221,35
9-PKC000.00,1987,NA,NA,NA,0.44222222222222224,0.07,5.444444444444445,35
9-PKC000.00,1988,NA,NA,NA,0.30583333333333335,0.09916666666666668,4.416666666666667,35
9-PKC000.00,1989,NA,NA,NA,0.55,0.035555555555555556,5.777777777777778,35
9-PKC000.00,1990,NA,3.9366666666666665,NA,0.64125,0.05458333333333333,16.555555555555554,35
9-PKC000.00,1996,NA,NA,NA,0.5177777777777778,0.021111111111111112,5.888888888888889,35
9-PKC000.00,1997,NA,NA,NA,0.3933333333333333,0.024444444444444442,6.111111111111111,35
9-PKC000.00,1998,2.1333333333333333,NA,NA,0.46888888888888886,0.03111111111111111,5.111111111111112,35
9-PKC000.00,1999,2.466666666666667,4.529999999999999,NA,0.23,0.023888888888888887,5,35
9-PKC000.00,2000,NA,7.745,NA,0.19974999999999998,0.015499999999999995,5.583333333333333,35
9-PKC000.00,2001,2.075,9.591666666666667,NA,0.258,0.023333333333333334,3.1666666666666665,35
9-PKC000.00,2002,1.82,5.308,NA,0.146,0.024999999999999998,3.2,35
9-PKC000.00,2003,1.55,11.1,0.585,NA,0.02,NA,35
9-PKC000.00,2004,1.52,8.7716666666666665,0.785,NA,0.0375,NA,35
9-PKC000.00,2005,1.78,7.37,0.7183333333333334,NA,0.029166666666666667,NA,35
9-PKC000.00,2006,1.8,6.546666666666667,0.6325,NA,0.0225,NA,35
9-PKC000.00,2007,1.8599999999999999,9.798,0.616,NA,0.037,NA,35
9-PKC000.00,2008,1.8,8.826666666666666,0.5958333333333333,NA,0.0325,NA,35
9-PKC000.00,2009,1.9333333333333333,10.188333333333334,0.7166666666666667,NA,0.0375,NA,35
9-PKC000.00,2010,1.86,7.0040000000000004,0.636,NA,0.035,NA,35
9-PKC000.00,2011,2.15,4.843333333333334,0.6733333333333333,NA,0.0225,NA,35
9-PKC000.00,2012,2.04,5.424,0.735,NA,0.037,NA,35
9-PKC000.00,2013,1.8333333333333333,8.011666666666667,0.8583333333333333,NA,0.05333333333333333,NA,35
9-PKC000.00,2014,2,6.34,0.71,NA,0.025833333333333333,NA,35
9-PKC000.00,2015,1.84,6.798,0.693,NA,0.022000000000000002,NA,35
9-PKC000.00,2016,2.06,3.608,0.663,NA,0.037,NA,35
9-PKC000.00,2017,2.25,4.285,0.5183333333333333,NA,0.018333333333333333,NA,35
9-PKC000.00,2018,1.4833333333333334,6.401666666666666,0.6616666666666667,NA,0.028333333333333335,NA,35
9-PKC000.00,2019,1.8666666666666667,5.465,0.5783333333333334,NA,0.016666666666666666,NA,35
9-PKC000.00,2020,2.025,7.922499999999999,0.6425000000000001,NA,0.0175,NA,35
9-PKC000.00,2021,2.166666666666667,5.128333333333334,0.6116666666666667,NA,0.015,NA,35
9-PKC000.00,2022,2.183333333333333,5.28,0.53,NA,0.011666666666666667,NA,35
9-PKC000.00,2023,1.7333333333333334,11.305,0.5366666666666666,NA,0.015,NA,35
9-PKC000.00,2024,1.975,5.093333333333334,0.515,NA,0.01,NA,35
9-PKC004.16,1983,1.5,NA,NA,0.44833333333333336,0.049999999999999996,9.333333333333334,35
9-PKC004.16,1984,NA,NA,NA,0.255,0.055,6.166666666666667,35
9-PKC004.16,1987,NA,NA,NA,0.26833333333333337,0.07166666666666667,6.666666666666667,35
9-PKC004.16,1988,NA,NA,NA,0.1425,0.61625,5.875,35
9-PKC004.16,1989,NA,NA,NA,0.29166666666666663,0.03333333333333333,5.5,35
9-PKC004.16,1990,NA,11.943333333333333,NA,0.2966666666666667,0.03833333333333334,3.1666666666666665,35
9-PKC004.16,1996,NA,NA,NA,0.3433333333333333,0.013333333333333334,4.333333333333333,35
9-PKC004.16,1997,NA,NA,NA,0.20666666666666667,0.03,6.333333333333333,35
9-PKC004.16,1998,1.4,NA,NA,0.30666666666666664,0.023333333333333334,4.333333333333333,35
9-PKC004.16,1999,1.4333333333333333,12.094,NA,0.175,0.028333333333333335,4.4,35
9-PKC004.16,2000,NA,14,NA,0.24233333333333335,0.020666666666666667,4,35
9-PKC004.16,2001,1.325,13.873333333333333,NA,0.24333333333333335,0.023333333333333334,8.2,35
9-PKC004.16,2002,1.26,10.847999999999999,NA,0.146,0.02,4.8,35
9-PKC004.16,2003,1.025,16.955000000000002,0.7466666666666667,NA,0.02,NA,35
9-PKC004.16,2004,1.1833333333333333,17.365,0.6799999999999999,NA,0.026666666666666665,NA,35
9-PKC004.16,2005,1.4,11.236666666666666,0.6416666666666666,NA,0.03333333333333333,NA,35
9-PKC004.16,2006,1.2833333333333334,13.406666666666666,0.55,NA,0.025,NA,35
9-PKC004.16,2007,1.32,10.666,0.472,NA,0.022,NA,35
9-PKC004.16,2008,1.5,8.026666666666667,0.485,NA,0.025,NA,35
9-PKC004.16,2009,1.75,13.143333333333334,0.6166666666666667,NA,0.03166666666666667,NA,35
9-PKC004.16,2010,1.46,7.046,0.54,NA,0.024,NA,35
9-PKC004.16,2011,1.6833333333333333,4.26,0.5333333333333333,NA,0.016666666666666666,NA,35
9-PKC004.16,2012,1.46,7.126,0.544,NA,0.016,NA,35
9-PKC004.16,2013,1.4166666666666667,7.288333333333333,0.7533333333333333,NA,0.025,NA,35
9-PKC004.16,2014,1.45,8.486,0.5650000000000001,NA,0.021666666666666667,NA,35
9-PKC004.16,2015,1.66,6,0.5660000000000001,NA,0.02,NA,35
9-PKC004.16,2016,1.68,3.168,0.484,NA,0.014,NA,35
9-PKC004.16,2017,1.8833333333333333,3.5583333333333336,0.5933333333333334,NA,0.016666666666666666,NA,35
9-PKC004.16,2018,1.2666666666666666,8.798333333333334,0.7633333333333333,NA,0.058333333333333334,NA,35
9-PKC004.16,2019,1.6833333333333333,3.81,0.6333333333333333,NA,0.016666666666666666,NA,35
9-PKC004.16,2020,2.025,4.76,0.6475,NA,0.015,NA,35
9-PKC004.16,2021,1.8833333333333333,4.991666666666667,0.6783333333333333,NA,0.018333333333333333,NA,35
9-PKC004.16,2022,2.45,2.501666666666667,0.5583333333333333,NA,0.013333333333333334,NA,35
9-PKC004.16,2023,1.6333333333333333,4.956666666666667,0.5966666666666667,NA,0.02,NA,35
9-PKC004.16,2024,1.8,4.666666666666667,0.6,NA,0.0175,NA,35
