STATION_ID,CHLa_min,CHLa_mean,CHLa_median,CHLa_max,SECCHI_DEPTH_min,SECCHI_DEPTH_mean,SECCHI_DEPTH_median,SECCHI_DEPTH_max,NITROGEN_TOTAL_min,NITROGEN_TOTAL_mean,NITROGEN_TOTAL_median,NITROGEN_TOTAL_max,PHOSPHORUS_TOTAL_min,PHOSPHORUS_TOTAL_mean,PHOSPHORUS_TOTAL_median,PHOSPHORUS_TOTAL_max,TSS_min,TSS_mean,TSS_median,TSS_max,DIN_min,DIN_mean,DIN_median,DIN_max
1AAUA012.15,1.58,3.437777777777778,3.06,11,1,2.27,2.3,3.4,0.22,0.3211111111111111,0.3,0.54,0,0.014166666666666668,0.01,0.03,NA,NA,NA,NA,NA,NA,NA,NA
1ALOH007.93,2.325,20.698815789473684,11.965,109.29,0.4,1.136111111111111,1.05,3.8,0.43,0.84953125,0.78,1.43,0.02,0.033095238095238094,0.03,0.1,NA,NA,NA,NA,NA,NA,NA,NA
1APOM013.02,0.96,6.526969696969697,5.34,19.5,0.9,1.7222222222222223,1.7,2.9,0.32,0.51125,0.475,0.8,0.01,0.016764705882352942,0.02,0.03,NA,NA,NA,NA,NA,NA,NA,NA
1BCLS003.60,0.23,0.795,0.72,2.88,3,8.1,8.4,11.7,0.04,0.091,0.1,0.15,0,0.006,0.01,0.01,NA,NA,NA,NA,NA,NA,NA,NA
1BCNG003.13,0.5,7.22515873015873,5.734999999999999,20.6,0.5,1.2357142857142858,1,3.3,0.42,0.9089814814814815,0.78,1.91,0.01,0.02062015503875969,0.02,0.06,NA,NA,NA,NA,NA,NA,NA,NA
1BCRO009.19,0.5,4.631585365853659,3.4,44.13,0.9,3.5428571428571427,3.3,8.3,0.33,0.4771014492753623,0.45,1.09,0.01,0.014285714285714285,0.01,0.03,3,3.2093023255813953,3,8,NA,NA,NA,NA
1BCRO009.79,0.52,4.797439024390244,3.79,41.62,1,3.1855263157894735,3.1500000000000004,6.1,0.36,0.4681159420289855,0.45,1.01,0.01,0.014404761904761905,0.01,0.03,3,3.1627906976744184,3,7,NA,NA,NA,NA
1BNTH043.48,0.32,2.2477142857142858,1.74,7.49,0.6,4.120588235294117,4.15,6.2,0.11,0.19314285714285714,0.16,0.4,0,0.008857142857142857,0.01,0.02,NA,NA,NA,NA,NA,NA,NA,NA
1BNTH045.36,0.5,2.079833333333333,1.56,6.68,2.2,4.4825,4.3,6.8,0.1,0.17857142857142858,0.16,0.39,0,0.007560975609756097,0.01,0.02,NA,NA,NA,NA,NA,NA,NA,NA
1BSKD003.18,0.5,2.4673170731707317,2.15,8.92,1.5,6.926315789473684,7.4,9.8,0.17,0.4074358974358974,0.35,0.96,0,0.0085,0.01,0.02,NA,NA,NA,NA,NA,NA,NA,NA
1BSTY023.05,0.62,7.36,3.19,33.4,0.3,3.1466666666666665,2.95,5.9,0.18,0.37966666666666665,0.38,0.64,0.01,0.013666666666666667,0.01,0.03,NA,NA,NA,NA,NA,NA,NA,NA
1BXCE000.63,1.34,7.218048780487805,4.88,127.27,0.5,2.8289473684210527,2.7,4.8,0.35,0.4994202898550725,0.47,1.77,0.01,0.017976190476190475,0.02,0.05,3,3.302325581395349,3,14,NA,NA,NA,NA
2-APP020.23,2.72,13.848333333333333,12.47,35.9,0.4,1.0694915254237287,1,1.9,0.1,0.5768055555555556,0.57,1.11,0.01,0.03163333333333333,0.03,0.08,NA,NA,NA,NA,NA,NA,NA,NA
2-APP023.27,4.75,16.800192307692306,15.55,37.1,0.2,0.8711538461538462,0.9,1.3,0.37,0.5810869565217391,0.56,0.97,0.02,0.11549019607843138,0.03,4,NA,NA,NA,NA,NA,NA,NA,NA
2-APP026.67,3.92,18.327450980392157,16.8,38.1,0.1,0.6192307692307693,0.6,1.1,0.42,0.5843478260869566,0.56,0.85,0.02,0.05134615384615385,0.05,0.1,NA,NA,NA,NA,NA,NA,NA,NA
2-APP028.58,4.7,19.094594594594597,19.02,35.9,0.2,0.4277777777777778,0.4,0.9,0.42,0.6284375,0.61,0.92,0.03,0.060810810810810814,0.06,0.1,NA,NA,NA,NA,0.04,0.15965517241379312,0.15000000000000002,0.32
2-BRI010.78,1.13,6.665320512820513,6.62,16.09,0.8,1.551923076923077,1.45,3.2,0.34,0.4923529411764706,0.47,0.86,0.01,0.017232704402515724,0.02,0.03,NA,NA,NA,NA,NA,NA,NA,NA
2-BRI013.12,0.86,8.661858974358974,7.795,28.6,0.7,1.324,1.3,2.5,0.2966666666666667,0.5287581699346405,0.52,0.89,0.01,0.020566037735849058,0.02,0.04,NA,NA,NA,NA,NA,NA,NA,NA
2-BVR002.19,1.03,7.099047619047619,5.41,20.59,1,2.3875,2.5,4.4,0.33,0.5387619047619048,0.52,1.19,0.01,0.018666666666666668,0.02,0.05,NA,NA,NA,NA,NA,NA,NA,NA
2-CFK004.34,6.12,34.93723404255319,30,89.6,0.4,1.0772727272727274,1,3,0.26,1.01822695035461,0.97,1.75,0.01,0.04865248226950355,0.04,0.11,NA,NA,NA,NA,NA,NA,NA,NA
2-CHK025.15,0.87,18.690416666666668,16.33,51.1,0.4,0.6934782608695652,0.7,1.2,0.47,0.7703968253968254,0.73,1.18,0.02333333333333333,0.06472222222222222,0.06,0.12,NA,NA,NA,NA,NA,NA,NA,NA
2-CHK026.94,0.66,13.860833333333334,10.649999999999999,42.9,0.4,0.7822222222222223,0.7,2.8,0.49,0.7269047619047619,0.69,1.12,0.03,0.07145833333333333,0.07,0.13,NA,NA,NA,NA,NA,NA,NA,NA
2-CHK029.54,0.5,8.390092592592593,3.7249999999999996,67.05,0.5,0.9441176470588235,0.9,2.4,0.38,0.677,0.63,1.08,0.03,0.07971428571428571,0.08,0.14,NA,NA,NA,NA,NA,NA,NA,NA
2-DSC005.91,0.5,13.026074074074074,10.1,42.7,0.5,1.0886363636363636,1.05,1.9,0.39666666666666667,0.5994017094017094,0.59,0.88,0.01,0.02837037037037037,0.03,0.05,NA,NA,NA,NA,NA,NA,NA,NA
2-DSC007.09,0.61,14.976136363636364,14.15,36.9,0.4,0.9363636363636364,0.8,1.6,0.42,0.6187179487179487,0.6,0.84,0.02,0.03568181818181818,0.03,0.08,NA,NA,NA,NA,NA,NA,NA,NA
2-DYC000.19,2.44,12.683095238095238,11.899999999999999,34.06,0.2,0.9595238095238096,0.9,2.5,0.34,0.590925925925926,0.5700000000000001,0.85,0.01,0.03,0.03,0.05,NA,NA,NA,NA,NA,NA,NA,NA
2-FAC003.85,4.02,21.33586206896552,19.6,67.6,0.3,0.8757575757575757,0.8,1.6,NA,NA,NA,NA,0.02,0.04181818181818182,0.04,0.11,NA,NA,NA,NA,NA,NA,NA,NA
2-HOL001.05,0.64,8.138761904761905,6.39,21.1,0.9,1.9628571428571429,1.8,3.8,0.2,0.38704761904761903,0.35,0.68,0.01,0.01638095238095238,0.02,0.03,NA,NA,NA,NA,NA,NA,NA,NA
2-JCB000.80,0.82,6.825238095238095,4.965,28.1,0.6,2.4425,2.45,4.5,0.3,0.44214285714285717,0.43,0.8,0.01,0.01880952380952381,0.02,0.06,NA,NA,NA,NA,NA,NA,NA,NA
2-JKS044.60,0.53,2.6207142857142856,2.045,27.9,2,3.3819444444444446,3.45,5.5,0.16,0.2874074074074074,0.29000000000000004,0.56,0,0.01274074074074074,0.01,0.055,1,3.8518518518518516,3.3333333333333335,8.666666666666666,0.01,0.1778095238095238,0.13,0.5
2-JKS046.40,0.52,2.943857142857143,2.04,35.3,1.9,3.036,3,5.2,0.15,0.26796296296296296,0.26,0.515,0,0.011851851851851851,0.01,0.045,1,4.611111111111111,3.6666666666666665,14.5,-0.01,0.166,0.12,0.47
2-JKS048.90,0.87,3.052753623188406,2.35,9.95,1.5,2.5067567567567566,2.5,4.1,0.15,0.2684259259259259,0.265,0.54,0,0.013895131086142322,0.01,0.06,1.5,6.285714285714286,5,30.5,-0.02,0.15568627450980393,0.13666666666666666,0.3766666666666667
2-JKS053.48,0.5,7.334761904761905,7.16,20.36,0.4,1.3424242424242425,1.3,2.8,0.15,0.33358490566037735,0.33,0.6,0.01,0.028909465020576133,0.02,0.36,1,6.850574712643678,5,29,0,0.10936781609195402,0.08,0.28
2-LCN000.20,3.28,22.62904761904762,19.6,56.85,0.1,1.0617021276595744,1,2.2,0.48,0.733,0.715,1.05,0.01,0.03652482269503546,0.035,0.07,NA,NA,NA,NA,NA,NA,NA,NA
2-LDJ000.62,2.5833333333333335,13.704365079365079,11.95,50.94,0.7,1.188095238095238,1.05,2.4,0.4,0.6397619047619048,0.62,1.04,0.01,0.02468253968253968,0.02,0.04,NA,NA,NA,NA,NA,NA,NA,NA
2-LHR001.76,1.7366666666666666,11.334019607843137,6.075,38.88,0.6,1.32,1.2,2.4,0.24333333333333337,0.505632183908046,0.43,0.9,0.00666666666666666,0.029095238095238094,0.03,0.07,NA,NA,NA,NA,NA,NA,NA,NA
2-LHR002.56,1.16,9.548039215686275,4.79,34.1,0.5,1.217142857142857,1.2,2.2,0.32,0.5233333333333333,0.44,0.98,0.01,0.029047619047619048,0.03,0.06,NA,NA,NA,NA,NA,NA,NA,NA
2-LMD000.02,2.47,19.76829457364341,16.63,103,0.8,1.2325581395348837,1.1,2.5,0.4,0.623063063063063,0.64,0.96,0.01666666666666666,0.03926356589147287,0.04,0.09,NA,NA,NA,NA,NA,NA,NA,NA
2-LMD001.41,2.28,20.81452380952381,17.185000000000002,103,0.6,1.1714285714285715,1.1,2.2,0.43333333333333335,0.6679279279279279,0.64,0.91,0.02,0.038875968992248065,0.04,0.07,NA,NA,NA,NA,NA,NA,NA,NA
2-LPR000.02,3.58,13.995416666666667,13.600000000000001,27.86,0.6,1.34,1.3,2,0.23333333333333336,0.4853921568627451,0.495,0.72,0.01,0.030291666666666668,0.03,0.05,NA,NA,NA,NA,NA,NA,NA,NA
2-LSL000.04,2.9966666666666666,17.060462962962962,15.18,71.95,0.4,0.6914285714285714,0.7,1.1,0.31333333333333335,0.6506481481481482,0.64,1.34,0.03,0.09842592592592593,0.1,0.18,NA,NA,NA,NA,NA,NA,NA,NA
2-LSL000.16,0.84,5.069259259259259,4.744999999999999,10.3,1.5,2.5085714285714285,2.3,5,0.26,0.3485185185185185,0.33,0.57,0.01,0.020416666666666666,0.02,0.03,NA,NA,NA,NA,NA,NA,NA,NA
2-LSL000.20,2.26,10.883823529411764,8.03,60.89,0.5,1.6757575757575758,1.6,3.2,0.29,0.5047058823529412,0.42,1.52,0.02,0.03911764705882353,0.03,0.09,NA,NA,NA,NA,NA,NA,NA,NA
2-LTL001.20,0.91,3.7005,2.775,11.36,1.6,2.8024999999999998,2.8,4,0.27,0.355,0.35,0.47,0,0.0105,0.01,0.02,NA,NA,NA,NA,NA,NA,NA,NA
2-LTL001.60,0.87,3.6539285714285716,2.615,10.11,1.5,2.9642857142857144,3,4,0.26,0.3532142857142857,0.35,0.44,0.01,0.011785714285714287,0.01,0.02,NA,NA,NA,NA,NA,NA,NA,NA
2-LTL002.46,0.66,3.618974358974359,2.99,11.32,1.4,2.7025641025641027,2.8,4,0.25,0.35102564102564104,0.34,0.71,0,0.01,0.01,0.02,NA,NA,NA,NA,NA,NA,NA,NA
2-MBN000.96,4.4,11.338427672955975,10.8,24.2,0.6,1.149056603773585,1.1,2.3,0.3566666666666667,0.6138271604938271,0.595,1.01,0.01333333333333333,0.025802469135802468,0.03,0.06,NA,NA,NA,NA,NA,NA,NA,NA
2-MIN000.98,1.35,19.101666666666667,16,61.8,0.4,1.1028571428571428,1,2.6,0.36,0.7405555555555555,0.72,1.15,0.01,0.03,0.025,0.08,NA,NA,NA,NA,NA,NA,NA,NA
2-MNR014.50,0.84,5.117941176470588,3.745,20.5,1.2,2.95,3.1,5.1,0.1,0.2410344827586207,0.21,0.55,0,0.013137254901960785,0.01,0.03,NA,NA,NA,NA,NA,NA,NA,NA
2-NWB002.93,0.34,14.352500000000001,12,35.14,0.8,1.2875,1.3,2.2,0.28,0.503235294117647,0.47,0.75,0.01,0.02975,0.03,0.08,NA,NA,NA,NA,NA,NA,NA,NA
2-NWB004.67,1.92,13.76125,12.23,35.4,0.9,1.3425,1.3,2.4,0.33,0.49911764705882355,0.47,0.71,0.01,0.02725,0.03,0.05,NA,NA,NA,NA,NA,NA,NA,NA
2-NWB006.06,2.44,12.61075,10.785,36.6,0.9,1.375,1.3,2,0.34,0.4973529411764706,0.46499999999999997,0.69,0.01,0.027,0.03,0.05,NA,NA,NA,NA,NA,NA,NA,NA
2-NWB007.04,3.313333333333333,11.063232323232324,9.26,27.29,0.4,1.3484848484848484,1.3,2.6,0.29,0.53125,0.535,0.77,0.01,0.022549019607843137,0.02,0.06,NA,NA,NA,NA,NA,NA,NA,NA
2-PKC001.84,5.34,32.378190476190476,23.21,130,0.6,1.1634146341463414,1.1,1.8,0.33,0.6717171717171717,0.64,1.23,0.02,0.05386178861788618,0.04,0.2,NA,NA,NA,NA,NA,NA,NA,NA
2-POL017.59,0.77,7.630945945945946,4.85,40.5,0.4,2.2984848484848484,2.1,4.9,0.1,0.3383333333333333,0.32,0.79,0,0.015045045045045046,0.01,0.05,NA,NA,NA,NA,NA,NA,NA,NA
2-RRS003.59,2.12,7.158492063492064,6.695,19.1,0.2,1.86,1.9,2.8,0.27,0.42775,0.39,0.91,0.01,0.024444444444444446,0.02,0.07,NA,NA,NA,NA,NA,NA,NA,NA
2-RRS005.62,1.92,10.883174603174604,10.3,26,0.2,1.435897435897436,1.4,2.8,0.28,0.4891666666666667,0.455,1.01,0.01,0.08142857142857143,0.03,2,NA,NA,NA,NA,NA,NA,NA,NA
2-SDY004.27,3.33,11.52867924528302,11.2,25.54,0.7,1.1584905660377358,1.1,2.4,0.3566666666666667,0.596358024691358,0.59,0.91,0.01,0.026352201257861634,0.03,0.04,NA,NA,NA,NA,NA,NA,NA,NA
2-SDY005.85,3.2,12.26867924528302,11.6,26.56,0.6,1.0716981132075472,1,2,0.45,0.6052830188679246,0.59,0.91,0.01,0.027547169811320753,0.03,0.06,NA,NA,NA,NA,NA,NA,NA,NA
2-SFT031.08,2.4,11.748492063492064,11.2,35.06,0.3,0.9833333333333334,0.9,2.5,0.36,0.6194444444444445,0.615,0.93,0.01,0.02880952380952381,0.03,0.05,NA,NA,NA,NA,NA,NA,NA,NA
2-SFT033.42,2.99,12.172857142857143,11.870000000000001,25.8,0.2,0.8785714285714286,0.8500000000000001,2,0.37,0.5941666666666666,0.59,0.83,0.01,0.029285714285714286,0.03,0.06,NA,NA,NA,NA,NA,NA,NA,NA
2-SFT034.38,1.85,14.22904761904762,13.42,38.4,0.2,0.7225,0.7,1.4,0.26,0.6125,0.6,0.86,0.01,0.034999999999999996,0.03,0.06,NA,NA,NA,NA,NA,NA,NA,NA
2-SHS001.00,0.5,29.171904761904763,23.28,69.4,0.2,0.7609756097560976,0.7,1.6,0.44,0.889,0.865,1.69,0.02,0.0530952380952381,0.045,0.19,NA,NA,NA,NA,NA,NA,NA,NA
2-SIN000.44,4.61,26.044,18.1,106,0.6,1.5,1.3,2.9,0.36,0.7377011494252873,0.63,1.7,0.01,0.031142857142857142,0.03,0.06,NA,NA,NA,NA,NA,NA,NA,NA
2-SPE000.17,4.503333333333333,31.471833333333333,27.4,104,0.4,0.9727272727272728,1,1.6,0.54,0.8049166666666667,0.805,1.18,0.03,0.04977777777777778,0.04,0.25,NA,NA,NA,NA,NA,NA,NA,NA
2-SPE001.18,5,57.591499999999996,30.35,415.88,0.5,0.9325,0.9,1.5,0.56,0.9125,0.855,1.79,0.04,0.064,0.057499999999999996,0.19,NA,NA,NA,NA,NA,NA,NA,NA
2-STG000.21,5.75,26.64862068965517,14,110,0.5,0.7586206896551724,0.7,1.1,0.46,0.6989655172413793,0.62,1.13,0.02,0.04551724137931035,0.03,0.15,NA,NA,NA,NA,NA,NA,NA,NA
2-STG000.91,7.16,26.948333333333334,18.75,94,0.3,0.7866666666666666,0.8,1.2,0.44,0.6910000000000001,0.68,1.06,0.03,0.043000000000000003,0.04,0.06,NA,NA,NA,NA,NA,NA,NA,NA
2-TOT001.01,4.91,21.56528455284553,16.8,68.4,0.4,0.9463414634146341,1,1.6,0.52,0.839,0.835,1.27,0.01,0.0473015873015873,0.04,0.1,NA,NA,NA,NA,NA,NA,NA,NA
2-TRH000.40,3.24,22.750555555555554,16.42,72.6,0.3,0.9829268292682927,0.9,2.7,0.3,0.7054166666666667,0.67,1.44,0.02,0.045714285714285714,0.04,0.17,NA,NA,NA,NA,NA,NA,NA,NA
2-WLN007.36,0.64,2.2872222222222223,1.8849999999999998,7.71,0.5,4.178571428571429,4.25,6.1,NA,NA,NA,NA,0,0.010555555555555556,0.01,0.03,NA,NA,NA,NA,NA,NA,NA,NA
2-XLU000.10,2.62,19.81436507936508,17.16,68.2,0.6,1.4902439024390244,1.2,3.6,0.44,0.8443518518518519,0.785,1.51,0.01,0.036349206349206346,0.035,0.11,NA,NA,NA,NA,NA,NA,NA,NA
2-XLV002.27,0.25,3.076551724137931,1.46,16.96,1.6,5.2178571428571425,5.2,9,0.13,0.2493103448275862,0.21,0.56,0,0.00896551724137931,0.01,0.03,NA,NA,NA,NA,NA,NA,NA,NA
2-XLW000.60,2.56,13.11462962962963,10.4,44.7,0.3,1.488888888888889,1.4,3.1,0.36,0.6574074074074074,0.615,1.49,0.01,0.021203703703703704,0.02,0.05,NA,NA,NA,NA,NA,NA,NA,NA
2-XMW000.72,0.5,7.703333333333333,2.13,45.89,0.7,4.041379310344827,4.2,6.5,NA,NA,NA,NA,0,0.014,0.01,0.03,NA,NA,NA,NA,NA,NA,NA,NA
3-HNT000.92,1.14,2.6436206896551724,2.17,8.055,1.4,2.59,2.5,4.6,0.31,0.42683333333333334,0.4125,0.62,0,0.011818181818181818,0.01,0.02,NA,NA,NA,NA,NA,NA,NA,NA
3-MOT000.39,1.23,4.719361702127659,2.79,29.83,0.6,2.8658536585365852,2.9,4.6,0.24,0.4068888888888889,0.33,1.05,0,0.013191489361702127,0.01,0.04,NA,NA,NA,NA,NA,NA,NA,NA
3-MTN024.05,2.62,16.7475,14.14,55.5,0.4,0.7806451612903226,0.7,1.3,0.53,0.8417857142857142,0.815,1.44,0.02,0.044062500000000004,0.04,0.1,NA,NA,NA,NA,NA,NA,NA,NA
3-MTN028.68,2.19,15.044358974358975,11.9,51.9,0.3,1.2025641025641025,1.2,2.9,0.41,0.6145714285714285,0.59,0.88,0.02,0.03205128205128205,0.03,0.06,NA,NA,NA,NA,NA,NA,NA,NA
4ABAU005.34,0.66,2.9306896551724138,2.39,8.29,0.5,2.1678571428571427,2.1,4.1,0.22,0.6272619047619048,0.385,2.005,0,0.01972222222222222,0.015,0.045,NA,NA,NA,NA,NA,NA,NA,NA
4ABSA000.62,0.11,2.679661654135338,2.15,15.24,0.9,2.7669291338582678,2.7,6.2,0.22,0.41977477477477476,0.43500000000000005,0.7050000000000001,0,0.015054112554112554,0.01,0.1,1,3.9375,3,13.333333333333334,0.02,0.4586585365853658,0.21666666666666667,8.709999999999999
4ABWR002.50,0.04,2.5023664122137403,2.1,9.81,0.9,2.8274809160305345,2.7,6.4,0.22,0.43008928571428573,0.455,0.71,0,0.01858974358974359,0.01,0.3566666666666667,1,4.153225806451613,3.416666666666667,12.333333333333334,0,0.25695767195767194,0.2733333333333333,0.65
4ABWR010.55,0,4.742556390977444,4.04,32.6,0.6,1.8870229007633588,1.9,3.5,0.27,0.4995089285714286,0.5125,0.765,0,0.027305719921104536,0.02,0.2,0.8333333333333334,6.388888888888889,5,37.333333333333336,0.01,0.3033636363636364,0.3333333333333333,0.6666666666666666
4ABWR017.42,2.05,13.27422480620155,12.89,34.1,0.1,1.0492063492063493,1,2,0.3,0.5888392857142857,0.56,1.83,0.02,0.045375,0.04,0.28,3,13.182539682539682,10.5,36.666666666666664,0.01,0.3148550724637681,0.275,1.0699999999999998
4ACCK001.80,0.41,1.8022222222222222,1.58,5.14,1.5,3.063970588235294,3,6.5,0.2,0.4426086956521739,0.45,0.685,0,0.033013245033112586,0.01,2.875,1,4.241228070175438,3,32,0.04,0.19942857142857143,0.18000000000000002,0.46
4ACOA000.60,0.09,2.5359160305343513,2.12,16.77,1,2.879389312977099,2.9,6,0.21,0.4390625,0.4475,1.095,0,0.01792763157894737,0.01,0.3466666666666667,1,4.531531531531532,3.6666666666666665,23.5,0.03,0.2363963963963964,0.24666666666666667,0.4866666666666667
4ACRR008.32,2.03,10.955079365079365,7.895,43.1,0.4,1.2,1.1,1.9,0.16333333333333333,0.4727777777777778,0.445,1.47,0.00666666666666666,0.03260869565217391,0.02,0.3,NA,NA,NA,NA,NA,NA,NA,NA
4ACRV006.19,0.62,2.7881159420289854,2.115,16.38,0.7,2.545945945945946,2.6,4.6,0.14,0.30291666666666667,0.2875,0.625,0,0.016231884057971015,0.015,0.045,NA,NA,NA,NA,NA,NA,NA,NA
4ADAN187.94,0.5,12.85361111111111,3.7350000000000003,157,0.2,1.8272727272727272,1.8,3.9,0.645,0.9561111111111111,0.8775,2.66,0.01,0.02652777777777778,0.025,0.06,NA,NA,NA,NA,NA,NA,NA,NA
4ADAN194.10,1.1,4.544333333333333,3.16,17.4,1.2,3.35,3.2,6,0.47,0.6281666666666667,0.5900000000000001,0.85,0,0.013666666666666667,0.0125,0.045,NA,NA,NA,NA,NA,NA,NA,NA
4AGIL002.39,0.93,4.788909774436091,4.24,23.57,0.6,1.842063492063492,1.8,3.6,0.02,0.4358482142857143,0.44499999999999995,0.92,0.005,0.029787878787878787,0.02,0.1366666666666667,1,7.890070921985815,6.666666666666667,46.333333333333336,0.01,0.1883986928104575,0.175,0.4766666666666667
4AGOB003.86,0.78,3.1854285714285715,2.88,8.17,0.4,1.7176470588235293,1.8,2.5,0.13,0.41058823529411764,0.3275,1.245,0,0.030416666666666668,0.02,0.35500000000000004,NA,NA,NA,NA,NA,NA,NA,NA
4AHTA003.26,1.9,11.495000000000001,7.505000000000001,48.7,0.3,0.7933333333333333,0.8,1.5,0.28,0.5363333333333333,0.5,0.93,0.02,0.03677777777777778,0.03,0.11,NA,NA,NA,NA,NA,NA,NA,NA
4ARFK000.20,1.94,11.134357723577235,9.74,29,0.1,0.8926829268292683,1,1.5,0.25333333333333335,0.6383809523809524,0.55,1.65,0.01,0.035666666666666666,0.02,0.24,NA,NA,NA,NA,NA,NA,NA,NA
4AROA000.00,0.5,5.6856481481481485,4.85,27.1,0.4,1.3567164179104478,1.4,2.2,0.24666666666666665,0.42220512820512823,0.42,0.83,0.01,0.019577464788732395,0.02,0.05,NA,NA,NA,NA,NA,NA,NA,NA
4AROA004.54,0.43,4.185833333333333,3.785,13,0.4,1.2727272727272727,1.2,2.2,0.26666666666666666,0.42405128205128206,0.41,0.7,0,0.02061032863849765,0.02,0.06,NA,NA,NA,NA,NA,NA,NA,NA
4AROA008.66,0.36,2.5204225352112677,1.73,10.37,0.5,1.4948275862068965,1.5,3.2,0.28,0.456,0.43,1.11,0,0.01971830985915493,0.02,0.05,NA,NA,NA,NA,NA,NA,NA,NA
4AROA018.36,0.5,3.9395714285714285,3.58,9.52,1,2.0391304347826087,2,3.5,0.15666666666666668,0.3297354497354497,0.29,0.76,0,0.013285024154589372,0.01,0.04,NA,NA,NA,NA,0,0.10967741935483871,0.11,0.18
4AROA022.52,1.19,4.227285714285714,3.63,9.24,0.7,1.9529411764705882,1.9,3.4,0.23,0.32222222222222224,0.3,0.53,0,0.013623188405797102,0.01,0.05,NA,NA,NA,NA,NA,NA,NA,NA
4AROA028.04,0.5,5.568428571428571,5.34,19.11,0.7,1.63125,1.6,2.9,0.21,0.3326984126984127,0.32,0.58,0.01,0.01608695652173913,0.02,0.05,NA,NA,NA,NA,NA,NA,NA,NA
4AROA032.42,0.5,8.026047619047619,7.27,25.77,0.5,1.3955223880597014,1.4,2.5,0.20333333333333337,0.38116402116402115,0.36,0.69,0.01,0.020483091787439612,0.02,0.06,NA,NA,NA,NA,NA,NA,NA,NA
4AROA038.49,0.5,13.313760683760684,12.649999999999999,29.56,0.2,1.0461538461538462,1.1,2.1,0.29,0.46352657004830916,0.43,0.92,0.01,0.03380952380952381,0.03,0.14,NA,NA,NA,NA,0,0.14170212765957446,0.11,0.41
4AROA043.14,1.69,14.44089552238806,13.2,45.75,0.1,0.7741935483870968,0.8,1.5,0.3,0.512016129032258,0.48,0.86,0.02,0.04330882352941177,0.04,0.17,NA,NA,NA,NA,NA,NA,NA,NA
4AROA140.66,0.66,4.307007575757575,3.7350000000000003,15.89,0.5,1.889156626506024,1.9,4.9,0.23,0.43050228310502286,0.4166666666666667,0.655,0,0.01643478260869565,0.015,0.04333333333333333,0,5.253968253968254,4.333333333333334,30,0,0.2246031746031746,0.17833333333333332,0.7000000000000001
4AROA145.34,0.5,5.248007662835249,4.98,13.7,0.3,1.4814814814814814,1.5,2.5,0.26,0.4546846846846847,0.455,0.67,0,0.019292035398230087,0.02,0.06,3,7.9393939393939394,7.5,14.333333333333334,0.04,0.2426111111111111,0.22999999999999998,0.4966666666666667
4AROA153.59,0.53,2.765,2.4699999999999998,6.94,0.2,0.9400000000000001,0.9,2.2,NA,NA,NA,NA,0.01,0.021111111111111112,0.02,0.05,3,8.066666666666666,6,49,0.13,0.2836666666666667,0.265,0.56
4AROA158.22,0.32,2.212589928057554,1.9,10.5,1.5,3.051470588235294,3,6.4,0.23,0.45418103448275865,0.4725,0.6950000000000001,0,0.016937751004016066,0.01,0.4,1,4.278846153846154,3,32.333333333333336,0.04,0.2674829931972789,0.24,0.6533333333333333
4AROA163.76,0.5,2.644855072463768,2.08,11.2,1.1,2.9075187969924814,3,6.5,0.225,0.46625,0.4725,0.77,0,0.014607843137254902,0.01,0.1,1,3.801470588235294,3,22.666666666666668,0,0.24369230769230768,0.2,0.83
4AROA167.34,0,3.0713138686131387,2.44,13.37,1,2.6183823529411763,2.55,6.1,0.2,0.5105603448275862,0.5299999999999999,0.925,0,0.017125,0.01,0.125,1,4.173913043478261,3.166666666666667,21.666666666666668,0.03,0.24627906976744185,0.26,0.49666666666666665
4AROA175.63,0.44,7.649637681159421,6.415,36.9,0.8,1.6818840579710146,1.6,3,0.31,0.6777731092436975,0.625,1.275,0.01,0.026527938342967246,0.02,0.115,2,5.067164179104478,5,11,0,0.2831340579710145,0.25,1.01
4AROA180.21,1.32,10.256985294117648,8.855,35.7,0.5,1.4911764705882353,1.4,2.9,0.34,0.7550423728813559,0.715,1.385,0.01,0.032911522633744854,0.025,0.1,1.3333333333333333,6.163043478260869,5.166666666666666,14,0.02,0.365968992248062,0.3933333333333333,0.82
4AROA183.64,0,12.261571428571429,10.774999999999999,69.7,0.5,1.3525925925925926,1.3,2.9,0.4,0.8494491525423729,0.8200000000000001,1.5,0.01,0.033694605009633914,0.03,0.115,2,9.342261904761905,5.583333333333334,97,0.04,0.4920679012345679,0.4716666666666667,1.0133333333333334
4AROA192.94,0,8.924893617021276,4.51,62.3,0.2,0.7867647058823529,0.8,1.3,0.98,1.9125210084033613,1.77,3.66,0.015,0.04818363273453094,0.04,0.19,3,11.726666666666667,9.5,86,0.62,1.3896376811594202,1.3475000000000001,3.3
4AROA196.05,0.25,1.2862601626016261,0.8,12.9,0.1,0.9796610169491525,1,2.4,1.09,2.2133663366336633,2.02,5.21,0.02,0.05259615384615385,0.04,0.35,1,16,9,141,0.07,1.715,1.79,4.0200000000000005
4ASRE046.90,0.02,1.8598666666666666,1.62,5.27,1.5,3.534782608695652,3.5,6.5,0.13,0.23359649122807016,0.22500000000000003,0.945,0,0.016117424242424242,0.01,0.1,0,3.2546296296296298,3,7,0,0.12166666666666667,0.11,0.33666666666666667
4ASRE048.98,-0.16,1.8122666666666667,1.46,6.54,1.4,2.9602739726027396,3,4.5,0.14,0.2249107142857143,0.23249999999999998,0.505,0,0.014678030303030304,0.01,0.07,1.5,4.03125,3.166666666666667,15.5,0.01,0.12635416666666668,0.08,0.3833333333333333
4ASRE052.31,0.5,1.8125,1.59,6.53,1.3,2.8375,2.8,4.5,0.17,0.2965853658536585,0.27999999999999997,0.54,0,0.01681159420289855,0.015,0.055,1.5,5.327586206896552,4,18.333333333333332,0,0.1364367816091954,0.08,0.35
4ASRE056.06,0.39,2.6443055555555555,2.44,6.96,1.3,2.380281690140845,2.5,3.6,0.15,0.2866666666666667,0.27,0.7150000000000001,0.005,0.02308080808080808,0.015,0.1,2.5,6.238738738738738,5,21.5,0,0.10144144144144145,0.08,0.33333333333333337
4ASRN005.14,1.74,14.879637681159421,12.69,50.71,0.3,0.8605263157894737,0.9,1.5,0.18,0.7173809523809523,0.755,1.09,0.02,0.03673913043478261,0.04,0.06,NA,NA,NA,NA,NA,NA,NA,NA
4AWTH000.40,0.5,2.2107223021582736,1.76,18.6,1.5,3.0492537313432835,3,6.1,0.24,0.45379310344827584,0.4575,0.6599999999999999,0,0.01462962962962963,0.01,0.1,1,3.3846153846153846,3,14.333333333333334,0.08,0.20064814814814816,0.18833333333333332,0.39666666666666667
5AGTC009.94,0.5,11.169074074074073,10.55,37.1,0.5,1.2571428571428571,1,3.1,0.28,0.5166666666666667,0.53,0.78,0.01,0.025555555555555557,0.02,0.06,NA,NA,NA,NA,NA,NA,NA,NA
5ALTD005.10,8.13,20.594,15,63.8,0.4,0.6941176470588235,0.7,1.1,0.4666666666666667,0.8112962962962963,0.78,1.17,0.02,0.05028571428571429,0.05,0.09,NA,NA,NA,NA,NA,NA,NA,NA
5ANTW127.14,3.68,17.546125,16.259999999999998,39.8,0.3,0.6314285714285715,0.6,0.9,0.32666666666666666,0.5773873873873874,0.58,0.91,0.03,0.05195121951219512,0.05,0.09,NA,NA,NA,NA,NA,NA,NA,NA
5ARDC007.30,6.27,33.99761904761905,27.15,108.89,0.3,0.6619047619047619,0.7,1,0.59,0.975,0.9299999999999999,1.76,0.01,0.06793650793650793,0.05,0.64,NA,NA,NA,NA,NA,NA,NA,NA
6APNK001.26,0.77,6.068333333333333,1.585,108,1.7,3.8689655172413793,3.8,5.3,0.1,0.1825,0.16,0.52,0,0.010333333333333333,0.01,0.03,NA,NA,NA,NA,NA,NA,NA,NA
6APNR001.82,0.61,2.205277777777778,1.8050000000000002,7.96,1.7,4.65,4.800000000000001,7.9,0.16,0.304,0.27,0.63,0.01,0.011944444444444445,0.01,0.02,NA,NA,NA,NA,NA,NA,NA,NA
6BPWL024.64,0.8,5.176896551724138,2.69,28.2,0.9,3.0533333333333332,3.05,6,0.106,0.3025333333333333,0.22,0.76,0,0.013,0.01,0.03,NA,NA,NA,NA,NA,NA,NA,NA
6BXAR000.69,0.78,2.2779310344827586,2.21,7.35,2.3,3.3566666666666665,3.2,5.3,0.14,0.224,0.22,0.48,0,0.011888888888888888,0.01,0.06,NA,NA,NA,NA,NA,NA,NA,NA
6CBRU010.91,1.44,4.144583333333333,3.21,12.46,1.8,3.0208333333333335,3,4.6,0.15,0.22166666666666668,0.22,0.29,0,0.009583333333333334,0.01,0.02,NA,NA,NA,NA,NA,NA,NA,NA
6CHUN004.76,1.76,3.69,3.17,10.8,1.3,2.3666666666666667,2.5,3.4,NA,NA,NA,NA,0,0.011666666666666667,0.01,0.02,NA,NA,NA,NA,NA,NA,NA,NA
6CLAU001.84,1.09,3.4345833333333333,3.48,6.87,1.5,3.3875,3,5.6,0.18,0.2525,0.23,0.47,0,0.015,0.01,0.09,NA,NA,NA,NA,NA,NA,NA,NA
7-LAS000.06,0.5,71.36333333333333,69.6,169,0.2,0.438,0.4,0.9,0.83,1.6361764705882353,1.7,2.62,0.06,0.1616,0.15,0.41,NA,NA,NA,NA,NA,NA,NA,NA
7-LAS001.03,29.7,75.50874074074073,64.51333333333334,169,0.3,0.41363636363636364,0.4,0.7,0.99,1.6151515151515152,1.65,2.55,0.06,0.17437037037037037,0.17,0.51,NA,NA,NA,NA,NA,NA,NA,NA
7-LAW000.04,16.91,51.08474358974359,47.7,86.8,0.3,0.45483870967741935,0.4,0.9,0.86,1.35,1.395,1.91,0.055,0.08666666666666667,0.09,0.12,NA,NA,NA,NA,NA,NA,NA,NA
7-LAW001.24,19.77,56.767307692307696,58.8,109.26,0.3,0.436,0.4,0.6,0.6900000000000001,1.4673076923076922,1.4849999999999999,2.12,0.04,0.09705128205128205,0.1,0.15,NA,NA,NA,NA,NA,NA,NA,NA
7-LTR000.04,20.93,78.804217687074825,76.56,160.41,0.2,0.4041666666666667,0.4,0.8,0.95,1.8521052631578947,1.835,2.55,0.05,0.14229166666666668,0.14,0.33,NA,NA,NA,NA,NA,NA,NA,NA
7-LTR000.95,25,83.69081632653061,89.14,161.43,0.3,0.39433962264150946,0.4,0.6,1.17,1.8891228070175439,1.855,2.67,0.04,0.1797169811320755,0.16,1.5,NA,NA,NA,NA,NA,NA,NA,NA
7-POQ005.72,1.98,12.906761904761904,9.81,90.8,0.8,1.4457142857142857,1.2,2.6,0.25333333333333335,0.47555555555555556,0.475,0.75,0.01,0.027685185185185184,0.0275,0.06,NA,NA,NA,NA,NA,NA,NA,NA
7-POQ006.84,2.37,11.555428571428571,11.8,24.1,0.6,1.3388888888888888,1.2,2.4,0.32,0.4878888888888889,0.51,0.65,0.02,0.03319444444444444,0.03166666666666666,0.06,NA,NA,NA,NA,NA,NA,NA,NA
8-CLC003.48,2.85,12.531379310344828,10.5,49.5,0.9,1.2444444444444445,1.2,2.1,0.4,0.5986206896551725,0.6,0.97,0.01,0.026551724137931033,0.03,0.05,NA,NA,NA,NA,NA,NA,NA,NA
8-COL000.99,1.25,5.953333333333333,5.99,12.8,1.2,1.9283333333333335,1.725,3.5,0.33,0.439,0.435,0.71,0,0.015333333333333334,0.02,0.04,NA,NA,NA,NA,NA,NA,NA,NA
8-ELK005.45,1.37,3.915925925925926,3.47,10.3,1.55,2.0055555555555555,1.85,3.05,0.31,0.4096296296296296,0.39,0.65,0,0.012962962962962963,0.01,0.02,NA,NA,NA,NA,NA,NA,NA,NA
8-FRC000.68,2.7,6.798095238095238,5.91,13.6,0.7,1.1071428571428572,1.1,2,0.3,0.39944444444444444,0.405,0.48,0,0.019523809523809523,0.02,0.08,NA,NA,NA,NA,NA,NA,NA,NA
8-NAR034.92,0.5,5.04791129032258,3.7125000000000004,19.6,0.8,1.7901639344262295,1.8,2.9,0.31,0.41385245901639345,0.41,0.585,0,0.01376923076923077,0.01,0.03,NA,NA,NA,NA,NA,NA,NA,NA
8-NAR043.00,0.5,5.018719696969697,3.7800000000000002,26.72,0.9,1.7979477611940298,1.8,3.2,0.33,0.407421875,0.4,0.51,0,0.015551470588235295,0.01,0.19,NA,NA,NA,NA,NA,NA,NA,NA
8-NAR044.68,0.5,5.046969696969697,4.06,24.6,0.7,1.865909090909091,1.8,3.15,0.33,0.42191666666666666,0.42,0.5225,0,0.01036764705882353,0.01,0.02,NA,NA,NA,NA,NA,NA,NA,NA
8-NAR047.69,0.87,8.861385220125786,8.16,29.5,0.8,1.8113207547169812,1.8,3,0.295,0.39391509433962263,0.3825,0.84,0,0.01580275229357798,0.02,0.04,NA,NA,NA,NA,NA,NA,NA,NA
8-NAR050.90,5,12.617279411764706,12.35,29.7,0.9,1.5393939393939393,1.5,2.2,0.32,0.3920588235294118,0.39125,0.485,0.01,0.019897058823529414,0.02,0.03,NA,NA,NA,NA,NA,NA,NA,NA
8-NAR054.17,7.35,21.04882978723404,20.325000000000003,56.25,0.3,0.9159574468085107,0.9,1.5,0.38,0.5832971014492754,0.54,1.185,0.01,0.03763157894736842,0.03,0.115,NA,NA,NA,NA,NA,NA,NA,NA
8-NAR058.01,2.97,46.98355769230769,42.55,113.5,0.25,0.45408163265306123,0.4,0.95,0.445,1.0459615384615384,1.02,1.76,0.03,0.08259615384615385,0.08,0.14500000000000002,NA,NA,NA,NA,NA,NA,NA,NA
8-NAR058.53,1.99,36.07969696969697,36,67.05,0.2,0.4323529411764706,0.4,0.8,0.54,1.0244117647058824,1.0350000000000001,1.67,0.03,0.09205882352941176,0.09,0.25,NA,NA,NA,NA,NA,NA,NA,NA
8-NIR012.99,1.66,8.513714285714286,7.484999999999999,20.9,0.5,1.111764705882353,1.1,1.7,0.36,0.5520833333333334,0.54,0.8,0.01,0.026111111111111113,0.02,0.05,NA,NA,NA,NA,NA,NA,NA,NA
8-PLT001.34,2.38,10.107777777777779,9.675,21.8,0.4,0.9255555555555556,0.925,1.95,0.41,0.5476666666666666,0.495,1.83,0.02,0.029166666666666667,0.03,0.04,NA,NA,NA,NA,NA,NA,NA,NA
8-PMC002.13,2.79,12.603274193548387,11.5,23.9,0.6,1.3083333333333333,1.2,2.2,0.34,0.4531746031746032,0.45,0.65,0.01,0.022698412698412697,0.02,0.04,NA,NA,NA,NA,NA,NA,NA,NA
8-PMC003.18,7.83,20.76111111111111,21.475,42.55,0.7,1.02,1,1.8,0.415,0.590949074074074,0.58,1.01,0.02,0.04090277777777778,0.04,0.08499999999999999,NA,NA,NA,NA,NA,NA,NA,NA
8-PMC007.15,1.01,39.576153846153844,39.28,81.9,0.3,0.6019607843137255,0.6,0.9,0.55,0.8552692307692308,0.84,1.31,0.04,0.06061538461538462,0.06,0.12,NA,NA,NA,NA,NA,NA,NA,NA
8-PMC008.60,3.38,38.095454545454544,35.5,88,0.1,0.2884090909090909,0.25,0.65,0.56,1.3596969696969696,1.38,2.09,0.07,0.16696969696969696,0.18,0.24,NA,NA,NA,NA,NA,NA,NA,NA
8-QEN007.02,1.14,4.523619047619047,3.28,16.22,1.2,2.297142857142857,2.2,4.3,0.15666666666666668,0.2985057471264368,0.28,0.54,0.00666666666666666,0.016761904761904763,0.02,0.03,NA,NA,NA,NA,NA,NA,NA,NA
8-QEN007.22,1.87,4.7,4.08,11,1.2,2,1.95,3.1,0.19,0.30689655172413793,0.29,0.5,0.01,0.018714285714285715,0.02,0.03,NA,NA,NA,NA,NA,NA,NA,NA
8-QEN007.65,0.8,4.87,3.58,14.4,1.3,2.196551724137931,2.1,3.5,0.22,0.31482758620689655,0.29,0.53,0.01,0.017241379310344827,0.02,0.03,NA,NA,NA,NA,NA,NA,NA,NA
8-QEN008.58,0.75,12.00258064516129,9.97,31.5,0.9,1.2766666666666666,1.2,2,0.26,0.42142857142857143,0.435,0.62,0.01,0.03,0.03,0.055,NA,NA,NA,NA,NA,NA,NA,NA
8-TRY001.39,13.4,33.0071,30.7,62,0.3,0.5733333333333334,0.5,1,0.435,0.7678,0.765,1.11,0.03,0.047850000000000004,0.05,0.07,NA,NA,NA,NA,NA,NA,NA,NA
9-NEW087.14,0.59,6.906478873239436,5.4,28.1,0.3,2.1511811023622047,2.1,4.1,0.31,0.7058974358974359,0.72,1.175,0.00866666666666666,0.024592592592592593,0.02,0.3,0,4.958874458874459,4,24,0.03,0.3794649122807018,0.39,0.89
9-NEW089.34,0.82,6.769718309859155,5.65,24.67,0.3,2.0795275590551183,2,3.4,0.32,0.6736324786324787,0.675,1.12,0,0.025114141414141415,0.02,0.2,1,5.374149659863946,4.666666666666667,33.333333333333336,0.02,0.4061990049751244,0.37,4.34
9-NEW092.66,1.14,6.846950354609929,5.57,24.4,0.3,1.9854961832061069,2,3.5,0.27,0.7315948275862069,0.7275,1.235,0.01,0.02626993865030675,0.02,0.115,0,5.757309941520468,4.666666666666667,30.333333333333332,0.04,0.4093482587064677,0.37,0.8700000000000001
9-NEW098.32,0.55,7.452773722627737,6.37,30.9,0.1,1.3916030534351145,1.4,2.7,0.29333333333333333,0.6983536585365854,0.6825000000000001,1.09,0.01,0.05832721712538227,0.04,0.2,1,6.768518518518518,5,33,0.06999999999999999,0.34638361266294226,0.33,0.7
9-PKC000.00,0.98,7.009714285714286,6.015000000000001,20.01,0.3,1.9361538461538461,2,3.7,0.375,0.653448275862069,0.66,1.14,0.00866666666666666,0.029802395209580838,0.02,0.23333333333333336,1.3333333333333333,5.975694444444445,4.666666666666667,32.666666666666664,0.04,0.38742857142857146,0.36,0.9666666666666668
9-PKC004.16,1.19,8.660579710144928,6.12,37.77,0.5,1.5485074626865671,1.5,3.9,0.35,0.6012931034482759,0.56,1.51,0.01,0.039951515151515155,0.02,2.025,1,5.6521739130434785,5,20,0.03,0.24556250000000002,0.2025,0.785
9-PKC016.91,0.77,2.476627906976744,2.15,7.21,0.9,2.8772727272727274,2.8499999999999996,5.8,0.2,0.31779411764705884,0.2775,1.18,0,0.013222222222222222,0.015,0.025,NA,NA,NA,NA,NA,NA,NA,NA
9-PKC017.71,0.75,2.4793023255813953,2.19,6.51,0.8,2.6227272727272726,2.6500000000000004,5.8,0.18,0.2622058823529412,0.25,0.56,0,0.013777777777777778,0.01,0.07,NA,NA,NA,NA,NA,NA,NA,NA
9-XBL000.20,2.24,11.225652173913044,9.01,36.9,0.9,1.559090909090909,1.6,2.4,0.44,0.65625,0.64,0.93,0.02,0.02875,0.03,0.06,NA,NA,NA,NA,NA,NA,NA,NA
1BXEF000.23,0.5,4.1659770114942525,2.78,19.7,NA,NA,NA,NA,2.7,5.170459770114943,4.56,8.3,0.01,0.014285714285714285,0.01,0.03,NA,NA,NA,NA,NA,NA,NA,NA
2-XDD000.40,2.32,156.46727272727273,118,821.29,NA,NA,NA,NA,NA,NA,NA,NA,0.05,0.36675,0.23,5.2,1,40.15942028985507,22,423,0,2.506164383561644,0.87,18.94
3-MOT001.19,1.23,4.7948,3.01,17,NA,NA,NA,NA,0.24,0.3864,0.31,0.89,0.01,0.0124,0.01,0.03,NA,NA,NA,NA,NA,NA,NA,NA
4ABAN012.46,2.48,11.359107142857143,10.3,23.92,NA,NA,NA,NA,NA,NA,NA,NA,0.01,0.03833333333333334,0.04,0.11,NA,NA,NA,NA,NA,NA,NA,NA
5ASRN000.66,2.7,64.45108695652173,31.445,473.39,NA,NA,NA,NA,NA,NA,NA,NA,0.05,0.8016981132075471,0.38,5.28,2,27.541666666666668,11,187,0.01,0.4216981132075472,0.21,2.52
4AROA192.55,NA,NA,NA,NA,NA,NA,NA,NA,1.1,1.9525925925925927,1.82,3.64,0.02,0.0996875,0.1,1,3,13.5125,11,114,0.08,0.9374691358024692,0.925,2.9499999999999997
6ACNR000.00,NA,NA,NA,NA,NA,NA,NA,NA,NA,NA,NA,NA,0.01,0.15758620689655173,0.1,3.8,1,5.746666666666667,5,73,0.08,0.21073529411764708,0.185,0.47
6APNR008.15,NA,NA,NA,NA,NA,NA,NA,NA,NA,NA,NA,NA,0.01,0.10810344827586207,0.1,0.3,1,27.83974358974359,5,1272,0.11,0.21555555555555556,0.15000000000000002,0.8200000000000001
9-NEW100.54,NA,NA,NA,NA,NA,NA,NA,NA,NA,NA,NA,NA,0.01,0.04966666666666667,0.02666666666666667,0.23333333333333336,NA,NA,NA,NA,0.09333333333333332,0.4776666666666667,0.3533333333333334,1.8033333333333337
2-APP026.51,NA,NA,NA,NA,NA,NA,NA,NA,NA,NA,NA,NA,NA,NA,NA,NA,NA,NA,NA,NA,0.03,0.15863636363636366,0.15000000000000002,0.31
2-APP029.23,NA,NA,NA,NA,NA,NA,NA,NA,NA,NA,NA,NA,NA,NA,NA,NA,NA,NA,NA,NA,0.04,0.2324,0.2,1.28
2-SFT034.11,NA,NA,NA,NA,NA,NA,NA,NA,NA,NA,NA,NA,NA,NA,NA,NA,NA,NA,NA,NA,0.06,0.18037037037037038,0.15000000000000002,1.16
4ABOW000.11,NA,NA,NA,NA,NA,NA,NA,NA,NA,NA,NA,NA,NA,NA,NA,NA,NA,NA,NA,NA,0.02,0.10142857142857144,0.11,0.15000000000000002
4ABOW001.43,NA,NA,NA,NA,NA,NA,NA,NA,NA,NA,NA,NA,NA,NA,NA,NA,NA,NA,NA,NA,0.02,0.1125925925925926,0.11,0.29000000000000004
4AGOB000.03,NA,NA,NA,NA,NA,NA,NA,NA,NA,NA,NA,NA,NA,NA,NA,NA,NA,NA,NA,NA,0.02,0.11111111111111112,0.11,0.23
4AGOB000.96,NA,NA,NA,NA,NA,NA,NA,NA,NA,NA,NA,NA,NA,NA,NA,NA,NA,NA,NA,NA,0.02,0.10807692307692308,0.11,0.15000000000000002
4AGRA003.22,NA,NA,NA,NA,NA,NA,NA,NA,NA,NA,NA,NA,NA,NA,NA,NA,NA,NA,NA,NA,0.02,0.13305555555555557,0.11,0.35
4AROA019.95,NA,NA,NA,NA,NA,NA,NA,NA,NA,NA,NA,NA,NA,NA,NA,NA,NA,NA,NA,NA,0.02,0.12774193548387097,0.11,0.33
4AROA027.02,NA,NA,NA,NA,NA,NA,NA,NA,NA,NA,NA,NA,NA,NA,NA,NA,NA,NA,NA,NA,0.02,0.12222222222222223,0.11,0.23
4AROA030.43,NA,NA,NA,NA,NA,NA,NA,NA,NA,NA,NA,NA,NA,NA,NA,NA,NA,NA,NA,NA,0.02,0.1303225806451613,0.15000000000000002,0.2
4AROA034.41,NA,NA,NA,NA,NA,NA,NA,NA,NA,NA,NA,NA,NA,NA,NA,NA,NA,NA,NA,NA,0.02,0.1707142857142857,0.15000000000000002,0.54
4AROA041.13,NA,NA,NA,NA,NA,NA,NA,NA,NA,NA,NA,NA,NA,NA,NA,NA,NA,NA,NA,NA,0.02,0.17482758620689656,0.15000000000000002,0.39
4AROA046.34,NA,NA,NA,NA,NA,NA,NA,NA,NA,NA,NA,NA,NA,NA,NA,NA,NA,NA,NA,NA,0.05,0.2703448275862069,0.28,0.5700000000000001
4ASRE048.93,NA,NA,NA,NA,NA,NA,NA,NA,NA,NA,NA,NA,NA,NA,NA,NA,NA,NA,NA,NA,0.02,0.10444444444444445,0.11,0.2
4ASRE049.87,NA,NA,NA,NA,NA,NA,NA,NA,NA,NA,NA,NA,NA,NA,NA,NA,NA,NA,NA,NA,0.02,0.10555555555555557,0.11,0.15000000000000002
4ASRE051.06,NA,NA,NA,NA,NA,NA,NA,NA,NA,NA,NA,NA,NA,NA,NA,NA,NA,NA,NA,NA,0.02,0.10592592592592594,0.11,0.15000000000000002
4ASRE052.95,NA,NA,NA,NA,NA,NA,NA,NA,NA,NA,NA,NA,NA,NA,NA,NA,NA,NA,NA,NA,0.02,0.10142857142857144,0.11,0.15000000000000002
4ASRE055.09,NA,NA,NA,NA,NA,NA,NA,NA,NA,NA,NA,NA,NA,NA,NA,NA,NA,NA,NA,NA,0.02,0.10464285714285715,0.11,0.15000000000000002
